solid OpenSCAD_Model
  facet normal 0 0 -1
    outer loop
      vertex 0 0.4931506849315067 0
      vertex 0 11.970149253731345 0
      vertex 0.6999970078812908 0.6999970078812908 0
    endloop
  endfacet
  facet normal 0 0 -1
    outer loop
      vertex 0.000017423048203766227 0 0
      vertex 12 0.6999999137973498 0
      vertex 12 2.0539125955565396e-14 0
    endloop
  endfacet
  facet normal 0 0 -1
    outer loop
      vertex 0.000017423048203766227 0 0
      vertex 0.6999970078812908 0.6999970078812908 0
      vertex 11.305000357825648 11.305000357825648 0
    endloop
  endfacet
  facet normal 0 0 -1
    outer loop
      vertex 0.000017423048203766227 0 0
      vertex 11.305000357825648 11.305000357825648 0
      vertex 12 0.6999999137973498 0
    endloop
  endfacet
  facet normal 0 0 -1
    outer loop
      vertex 0.6999970078812908 0.6999970078812908 0
      vertex 0 11.970149253731345 0
      vertex 11.305000357825648 11.305000357825648 0
    endloop
  endfacet
  facet normal 0 0 -1
    outer loop
      vertex 12 0.6999999137973498 0
      vertex 11.305000357825648 11.305000357825648 0
      vertex 12 11.303482587064677 0
    endloop
  endfacet
  facet normal 0 0 -1
    outer loop
      vertex 0 11.970149253731345 0
      vertex 0.6598700576461897 12 0
      vertex 5.999999999999994 12 0
    endloop
  endfacet
  facet normal 0 0 -1
    outer loop
      vertex 11.305000357825648 11.305000357825648 0
      vertex 0 11.970149253731345 0
      vertex 5.999999999999994 12 0
    endloop
  endfacet
  facet normal 0 0 -1
    outer loop
      vertex 11.305000357825648 11.305000357825648 0
      vertex 11.97 11.97 0
      vertex 12 11.303482587064677 0
    endloop
  endfacet
  facet normal 0.08304547985373995 0 0.9965457582448797
    outer loop
      vertex 12 0.7 19.7
      vertex 12 11.3 19.7
      vertex 0.7 11.3 20.641666666666666
    endloop
  endfacet
  facet normal 0.08304547985373995 3.448418242899552e-19 0.9965457582448797
    outer loop
      vertex 12 0.7 19.7
      vertex 0.7 11.3 20.641666666666666
      vertex 0.7 0.7 20.641666666666666
    endloop
  endfacet
  facet normal 0 0 -1
    outer loop
      vertex 12 0.6999999137973498 0
      vertex 12 11.303482587064677 0
      vertex 17.999999999999993 12 0
    endloop
  endfacet
  facet normal 0 0 -1
    outer loop
      vertex 12 11.303482587064677 0
      vertex 12.000000000000002 12 0
      vertex 17.999999999999993 12 0
    endloop
  endfacet
  facet normal 0 0 -1
    outer loop
      vertex 12 0.6999999137973498 0
      vertex 23.3 11.3 0
      vertex 24 0.6999654327373035 0
    endloop
  endfacet
  facet normal 0 0 -1
    outer loop
      vertex 12 0.6999999137973498 0
      vertex 17.999999999999993 12 0
      vertex 23.3 11.3 0
    endloop
  endfacet
  facet normal 0 0 -1
    outer loop
      vertex 24 0.6999654327373035 0
      vertex 23.3 11.3 0
      vertex 24 11.3 0
    endloop
  endfacet
  facet normal 0 0 -1
    outer loop
      vertex 23.3 11.3 0
      vertex 17.999999999999993 12 0
      vertex 23.96649094012893 11.966490940128931 0
    endloop
  endfacet
  facet normal 0.08304547985373997 0 0.9965457582448796
    outer loop
      vertex 12 0.7 19.7
      vertex 24 0.7 18.7
      vertex 12 11.3 19.7
    endloop
  endfacet
  facet normal 1 0 0
    outer loop
      vertex 24 0.7 18.641666666666666
      vertex 24 11.3 18.7
      vertex 24 0.7 18.7
    endloop
  endfacet
  facet normal 0.08304547985373997 0 0.9965457582448796
    outer loop
      vertex 12 11.3 19.7
      vertex 24 0.7 18.7
      vertex 24 11.3 18.7
    endloop
  endfacet
  facet normal 1 0 0
    outer loop
      vertex 24 0.7 18.641666666666666
      vertex 24 11.3 17.758333333333333
      vertex 24 11.3 18.7
    endloop
  endfacet
  facet normal 0 0 -1
    outer loop
      vertex 24.03 0.030000000000001137 0
      vertex 24 0.696482674129353 0
      vertex 24 0.6999654327373035 0
    endloop
  endfacet
  facet normal 0 0 -1
    outer loop
      vertex 24.03 0.030000000000001137 0
      vertex 24 0.6999654327373035 0
      vertex 24 11.3 0
    endloop
  endfacet
  facet normal 0 0 -1
    outer loop
      vertex 24.03 0.030000000000001137 0
      vertex 24 11.3 0
      vertex 24.699576531035053 0.6995765310350542 0
    endloop
  endfacet
  facet normal 0 0 -1
    outer loop
      vertex 24.699576531035053 0.6995765310350542 0
      vertex 24 11.3 0
      vertex 36 0.6965174129353232 0
    endloop
  endfacet
  facet normal 0 0 -1
    outer loop
      vertex 24.699576531035053 0.6995765310350542 0
      vertex 36 0.6965174129353232 0
      vertex 35.99985 0 0
    endloop
  endfacet
  facet normal 0 0 -1
    outer loop
      vertex 24 11.3 0
      vertex 35.30348258706467 12 0
      vertex 36 0.6965174129353232 0
    endloop
  endfacet
  facet normal 0 0 -1
    outer loop
      vertex 24 11.3 0
      vertex 24 12.000000000000002 0
      vertex 24.639269406392696 12 0
    endloop
  endfacet
  facet normal 0 0 -1
    outer loop
      vertex 24 11.3 0
      vertex 24.639269406392696 12 0
      vertex 35.30348258706467 12 0
    endloop
  endfacet
  facet normal 0 0 -1
    outer loop
      vertex 35.99985 0 0
      vertex 36 0.6965174129353232 0
      vertex 36 0 0
    endloop
  endfacet
  facet normal 0 0 -1
    outer loop
      vertex 36 0.6965174129353232 0
      vertex 35.97 11.97 0
      vertex 36 11.3 0
    endloop
  endfacet
  facet normal 0 0 -1
    outer loop
      vertex 35.30348258706467 12 0
      vertex 35.97 11.97 0
      vertex 36 0.6965174129353232 0
    endloop
  endfacet
  facet normal 0 0 -1
    outer loop
      vertex 36 11.3 0
      vertex 35.97 11.97 0
      vertex 36 11.303482587064677 0
    endloop
  endfacet
  facet normal 0 0 -1
    outer loop
      vertex 35.30348258706467 12 0
      vertex 36 12 0
      vertex 35.97 11.97 0
    endloop
  endfacet
  facet normal 0 0.08304547985373992 0.9965457582448797
    outer loop
      vertex 24 0.7 18.641666666666666
      vertex 35.3 0.7 18.641666666666666
      vertex 24 11.3 17.758333333333333
    endloop
  endfacet
  facet normal 0 0.08304547985373992 0.9965457582448796
    outer loop
      vertex 24 11.3 17.758333333333333
      vertex 35.3 0.7 18.641666666666666
      vertex 24.03 11.3 17.758333333333333
    endloop
  endfacet
  facet normal -1.1968861503268536e-15 0.08304547985373865 0.9965457582448797
    outer loop
      vertex 24.03 11.3 17.758333333333333
      vertex 35.3 0.7 18.641666666666666
      vertex 24.03 11.969999999999999 17.7025
    endloop
  endfacet
  facet normal -1.5795677563695849e-16 0.08304547985373952 0.9965457582448797
    outer loop
      vertex 35.3 0.7 18.641666666666666
      vertex 24.7 11.97 17.7025
      vertex 24.03 11.969999999999999 17.7025
    endloop
  endfacet
  facet normal 4.834215535287291e-18 0.08304547985373983 0.9965457582448796
    outer loop
      vertex 35.3 0.7 18.641666666666666
      vertex 35.3 11.97 17.7025
      vertex 24.7 11.97 17.7025
    endloop
  endfacet
  facet normal 7.648161891648529e-17 0.08304547985373982 0.9965457582448796
    outer loop
      vertex 35.3 0.7 18.641666666666666
      vertex 35.97 11.97 17.7025
      vertex 35.3 11.97 17.7025
    endloop
  endfacet
  facet normal 1.3794514873146585e-20 0.08304547985378391 0.9965457582448759
    outer loop
      vertex 24.7 12 17.7
      vertex 24.7 11.97 17.7025
      vertex 35.3 11.97 17.7025
    endloop
  endfacet
  facet normal 0 0.08304547985378391 0.9965457582448759
    outer loop
      vertex 24.7 12 17.7
      vertex 35.3 11.97 17.7025
      vertex 35.3 12 17.7
    endloop
  endfacet
  facet normal 0 0.08304547985373992 0.9965457582448796
    outer loop
      vertex 35.3 0.7 18.641666666666666
      vertex 36 0.7 18.641666666666666
      vertex 35.97 11.3 17.758333333333333
    endloop
  endfacet
  facet normal 2.5430083179213158e-14 0.08304547985373843 0.9965457582448798
    outer loop
      vertex 35.3 0.7 18.641666666666666
      vertex 35.97 11.3 17.758333333333333
      vertex 35.97 11.97 17.7025
    endloop
  endfacet
  facet normal 5.195616819301795e-16 0.08304547985373992 0.9965457582448796
    outer loop
      vertex 36 0.7 18.641666666666666
      vertex 36 11.3 17.758333333333333
      vertex 35.97 11.3 17.758333333333333
    endloop
  endfacet
  facet normal 0 0 -1
    outer loop
      vertex 36.03 0.030000000000001137 0
      vertex 36 0.6965174129353232 0
      vertex 36.69554606467358 0.6955460646735814 0
    endloop
  endfacet
  facet normal 0 0 -1
    outer loop
      vertex 36 0.6965174129353232 0
      vertex 36 11.3 0
      vertex 36.69554606467358 0.6955460646735814 0
    endloop
  endfacet
  facet normal 0 0 -1
    outer loop
      vertex 36.69554606467358 0.6955460646735814 0
      vertex 36 11.3 0
      vertex 42 0 0
    endloop
  endfacet
  facet normal 0 0 -1
    outer loop
      vertex 42 0 0
      vertex 36 11.3 0
      vertex 47.3 11.299999999999997 0
    endloop
  endfacet
  facet normal 0 0 -1
    outer loop
      vertex 42 0 0
      vertex 48 0.6565757231126378 0
      vertex 47.94275199345737 0 0
    endloop
  endfacet
  facet normal 0 0 -1
    outer loop
      vertex 42 0 0
      vertex 48 0.6964770283743226 0
      vertex 48 0.6565757231126378 0
    endloop
  endfacet
  facet normal 0 0 -1
    outer loop
      vertex 42 0 0
      vertex 47.3 11.299999999999997 0
      vertex 48 0.6964770283743226 0
    endloop
  endfacet
  facet normal 0 0 -1
    outer loop
      vertex 48 0.6964770283743226 0
      vertex 47.3 11.299999999999997 0
      vertex 48 11.534383561643821 0
    endloop
  endfacet
  facet normal 0 0 -1
    outer loop
      vertex 36 11.3 0
      vertex 47.665 12 0
      vertex 47.3 11.299999999999997 0
    endloop
  endfacet
  facet normal 0 0 -1
    outer loop
      vertex 47.3 11.299999999999997 0
      vertex 47.665 12 0
      vertex 48 12 0
    endloop
  endfacet
  facet normal -1 0 0
    outer loop
      vertex 36 0.7 18.641666666666666
      vertex 36 0.7 18.7
      vertex 36 11.3 18.7
    endloop
  endfacet
  facet normal -0.08304547985373997 0 0.9965457582448797
    outer loop
      vertex 36 0.7 18.7
      vertex 47.3 0.7000000000000028 19.641666666666666
      vertex 36 11.3 18.7
    endloop
  endfacet
  facet normal -1 0 0
    outer loop
      vertex 36 0.7 18.641666666666666
      vertex 36 11.3 18.7
      vertex 36 11.3 17.758333333333333
    endloop
  endfacet
  facet normal -0.08304547985373997 1.3793672971598218e-18 0.9965457582448797
    outer loop
      vertex 36 11.3 18.7
      vertex 47.3 0.7000000000000028 19.641666666666666
      vertex 47.3 11.3 19.641666666666666
    endloop
  endfacet
  facet normal 0 0 -1
    outer loop
      vertex 48.00028899745407 0 0
      vertex 48.692652115475 0.6926521154750026 0
      vertex 48.699999999999996 0.6999999999999957 0
    endloop
  endfacet
  facet normal 0 0 -1
    outer loop
      vertex 48 0.6964770283743226 0
      vertex 48.699999999999996 12 0
      vertex 48.699999999999996 0.6999999999999957 0
    endloop
  endfacet
  facet normal 0 0 -1
    outer loop
      vertex 48.00028899745407 0 0
      vertex 48.699999999999996 0.6999999999999957 0
      vertex 60 0.6965174129353232 0
    endloop
  endfacet
  facet normal 0 0 -1
    outer loop
      vertex 48.699999999999996 0.6999999999999957 0
      vertex 48.699999999999996 12 0
      vertex 59.97 11.969999999999999 0
    endloop
  endfacet
  facet normal 0 0 -1
    outer loop
      vertex 48.00028899745407 0 0
      vertex 60 0.6965174129353232 0
      vertex 60 0 0
    endloop
  endfacet
  facet normal 0 0 -1
    outer loop
      vertex 48.699999999999996 0.6999999999999957 0
      vertex 60 11.301675000000001 0
      vertex 60 0.6965174129353232 0
    endloop
  endfacet
  facet normal 0 0 -1
    outer loop
      vertex 48.699999999999996 0.6999999999999957 0
      vertex 60 11.303482587064677 0
      vertex 60 11.301675000000001 0
    endloop
  endfacet
  facet normal 0 0 -1
    outer loop
      vertex 48.699999999999996 0.6999999999999957 0
      vertex 59.97 11.969999999999999 0
      vertex 60 11.303482587064677 0
    endloop
  endfacet
  facet normal 0 0 -1
    outer loop
      vertex 48.699999999999996 12 0
      vertex 59.97 12 0
      vertex 59.97 11.969999999999999 0
    endloop
  endfacet
  facet normal 3.2434102373323205e-19 0.08304547985373995 0.9965457582448797
    outer loop
      vertex 48.699999999999996 0.7 14.641666666666666
      vertex 59.97 12 13.7
      vertex 48.699999999999996 12 13.7
    endloop
  endfacet
  facet normal 0 1 0
    outer loop
      vertex 48.699999999999996 12 13.641666666666666
      vertex 48.699999999999996 12 13.7
      vertex 59.97 12 13.7
    endloop
  endfacet
  facet normal 0 0.08304547985373992 0.9965457582448797
    outer loop
      vertex 48.699999999999996 0.7 14.641666666666666
      vertex 60 0.7 14.641666666666666
      vertex 59.97 11.3 13.758333333333333
    endloop
  endfacet
  facet normal -4.383104879503486e-16 0.0830454798537403 0.9965457582448796
    outer loop
      vertex 48.699999999999996 0.7 14.641666666666666
      vertex 59.97 11.3 13.758333333333333
      vertex 59.97 12 13.7
    endloop
  endfacet
  facet normal 5.195616819301795e-16 0.08304547985373992 0.9965457582448796
    outer loop
      vertex 60 0.7 14.641666666666666
      vertex 60 11.3 13.758333333333333
      vertex 59.97 11.3 13.758333333333333
    endloop
  endfacet
  facet normal 0 1 0
    outer loop
      vertex 48.699999999999996 12 13.641666666666666
      vertex 59.97 12 13.7
      vertex 59.97 12 12.702499999999999
    endloop
  endfacet
  facet normal 0 0 -1
    outer loop
      vertex 60.03 0.030000000000001137 0
      vertex 60 0.6965174129353232 0
      vertex 60.69960938476017 0.6996093847601755 0
    endloop
  endfacet
  facet normal 0 0 -1
    outer loop
      vertex 60 0.6965174129353232 0
      vertex 71.97 11.969999999999999 0
      vertex 60.69960938476017 0.6996093847601755 0
    endloop
  endfacet
  facet normal 0 0 -1
    outer loop
      vertex 60.69960938476017 0.6996093847601755 0
      vertex 71.97 11.969999999999999 0
      vertex 66 0 0
    endloop
  endfacet
  facet normal 0 0 -1
    outer loop
      vertex 66 0 0
      vertex 72 0.6999825870646765 0
      vertex 72 0 0
    endloop
  endfacet
  facet normal 0 0 -1
    outer loop
      vertex 66 0 0
      vertex 71.97 11.969999999999999 0
      vertex 72 0.6999825870646765 0
    endloop
  endfacet
  facet normal 0 0 -1
    outer loop
      vertex 60 0.6965174129353232 0
      vertex 60 11.301675000000001 0
      vertex 71.97 11.969999999999999 0
    endloop
  endfacet
  facet normal 0 0 -1
    outer loop
      vertex 71.97 11.969999999999999 0
      vertex 72 11.303482587064678 0
      vertex 72 0.6999825870646765 0
    endloop
  endfacet
  facet normal 0 0 -1
    outer loop
      vertex 60 11.301675000000001 0
      vertex 71.94275199345736 12 0
      vertex 71.97 11.969999999999999 0
    endloop
  endfacet
  facet normal 0 0 -1
    outer loop
      vertex 71.97 11.969999999999999 0
      vertex 71.94275199345736 12 0
      vertex 72 12 0
    endloop
  endfacet
  facet normal -1 0 0
    outer loop
      vertex 60 0.7 14.641666666666666
      vertex 60 0.7 14.7
      vertex 60 11.3 14.7
    endloop
  endfacet
  facet normal -1 0 0
    outer loop
      vertex 60 0.7 14.641666666666666
      vertex 60 11.3 14.7
      vertex 60 11.3 13.758333333333333
    endloop
  endfacet
  facet normal -0.08304547985373997 0 0.9965457582448796
    outer loop
      vertex 60 0.7 14.7
      vertex 72 0.7 15.7
      vertex 60 11.3 14.7
    endloop
  endfacet
  facet normal -0.08304547985373997 0 0.9965457582448796
    outer loop
      vertex 60 11.3 14.7
      vertex 72 0.7 15.7
      vertex 72 11.3 15.7
    endloop
  endfacet
  facet normal 0 0 -1
    outer loop
      vertex 72.69957653103505 0.6995765310350541 0
      vertex 78 0 0
      vertex 72.68868942428341 0.6886894242834087 0
    endloop
  endfacet
  facet normal 0 0 -1
    outer loop
      vertex 72 0.6999825870646765 0
      vertex 72 11.303482587064678 0
      vertex 72.69957653103505 0.6995765310350541 0
    endloop
  endfacet
  facet normal 0 0 -1
    outer loop
      vertex 72.69957653103505 0.6995765310350541 0
      vertex 83.3 11.299999999999997 0
      vertex 78 0 0
    endloop
  endfacet
  facet normal 0 0 -1
    outer loop
      vertex 72.69957653103505 0.6995765310350541 0
      vertex 72 11.303482587064678 0
      vertex 72 11.97 0
    endloop
  endfacet
  facet normal 0 0 -1
    outer loop
      vertex 72.69957653103505 0.6995765310350541 0
      vertex 72.03001239072073 12 0
      vertex 72.03015 12 0
    endloop
  endfacet
  facet normal 0 0 -1
    outer loop
      vertex 72.69957653103505 0.6995765310350541 0
      vertex 72 11.97 0
      vertex 72.03001239072073 12 0
    endloop
  endfacet
  facet normal 0 0 -1
    outer loop
      vertex 72.69957653103505 0.6995765310350541 0
      vertex 72.03015 12 0
      vertex 83.3 11.299999999999997 0
    endloop
  endfacet
  facet normal 0 0 -1
    outer loop
      vertex 78 0 0
      vertex 84 0.6596743865965066 0
      vertex 83.97261506880137 0 0
    endloop
  endfacet
  facet normal 0 0 -1
    outer loop
      vertex 78 0 0
      vertex 83.3 11.299999999999997 0
      vertex 84 0.6596743865965066 0
    endloop
  endfacet
  facet normal 0 0 -1
    outer loop
      vertex 84 0.6596743865965066 0
      vertex 83.3 11.299999999999997 0
      vertex 84 11.534383561643821 0
    endloop
  endfacet
  facet normal 0 0 -1
    outer loop
      vertex 83.3 11.299999999999997 0
      vertex 72.03015 12 0
      vertex 84 12 0
    endloop
  endfacet
  facet normal -0.08304547985373997 0 0.9965457582448797
    outer loop
      vertex 72 0.7 15.7
      vertex 83.3 0.7000000000000028 16.641666666666666
      vertex 72 11.3 15.7
    endloop
  endfacet
  facet normal -0.08304547985373997 1.3793672971598218e-18 0.9965457582448797
    outer loop
      vertex 72 11.3 15.7
      vertex 83.3 0.7000000000000028 16.641666666666666
      vertex 83.3 11.3 16.641666666666666
    endloop
  endfacet
  facet normal 0 0 -1
    outer loop
      vertex 84.03002777234377 0 0
      vertex 84.69958551039991 0.6995855103999165 0
      vertex 84.7 0.7 0
    endloop
  endfacet
  facet normal 0 0 -1
    outer loop
      vertex 84.03002777234377 0 0
      vertex 84.7 0.7 0
      vertex 96 11.3 0
    endloop
  endfacet
  facet normal 0 0 -1
    outer loop
      vertex 84.7 0.7 0
      vertex 84.7 12 0
      vertex 95.97 12 0
    endloop
  endfacet
  facet normal 0.08304547985373997 0 0.9965457582448797
    outer loop
      vertex 84.7 0.7 7.641666666666667
      vertex 95.3 11.97 6.758333333333334
      vertex 84.7 12 7.641666666666667
    endloop
  endfacet
  facet normal 0 0 -1
    outer loop
      vertex 84.03002777234377 0 0
      vertex 96 0.6999825870646765 0
      vertex 96 0 0
    endloop
  endfacet
  facet normal 0 0 -1
    outer loop
      vertex 84.03002777234377 0 0
      vertex 96 11.3 0
      vertex 96 0.6999825870646765 0
    endloop
  endfacet
  facet normal 0 0 -1
    outer loop
      vertex 84.7 0.7 0
      vertex 96 11.303482587064677 0
      vertex 96 11.3 0
    endloop
  endfacet
  facet normal 0 0 -1
    outer loop
      vertex 84.7 0.7 0
      vertex 95.97 11.97 0
      vertex 96 11.303482587064677 0
    endloop
  endfacet
  facet normal 0 0 -1
    outer loop
      vertex 84.7 0.7 0
      vertex 95.97 12 0
      vertex 95.97 11.97 0
    endloop
  endfacet
  facet normal 0.08304547985373997 -2.1143730140749755e-17 0.9965457582448797
    outer loop
      vertex 84.7 0.7 7.641666666666667
      vertex 96 0.7 6.7
      vertex 95.97 11.3 6.702500000000001
    endloop
  endfacet
  facet normal 0.08304547985373989 -1.1517176863095567e-16 0.9965457582448797
    outer loop
      vertex 84.7 0.7 7.641666666666667
      vertex 95.97 11.3 6.702500000000001
      vertex 95.97 11.97 6.702500000000001
    endloop
  endfacet
  facet normal 0.08304547985373943 4.466832877558269e-16 0.9965457582448797
    outer loop
      vertex 84.7 0.7 7.641666666666667
      vertex 95.97 11.97 6.702500000000001
      vertex 95.3 11.97 6.758333333333334
    endloop
  endfacet
  facet normal 0.08304547985374973 0 0.9965457582448788
    outer loop
      vertex 96 0.7 6.7
      vertex 96 11.3 6.7
      vertex 95.97 11.3 6.702500000000001
    endloop
  endfacet
  facet normal 0 0 -1
    outer loop
      vertex 95.97 11.97 0
      vertex 95.97 12 0
      vertex 96 12 0
    endloop
  endfacet
  facet normal 0.08304547985373996 -2.0782467277208424e-15 0.9965457582448796
    outer loop
      vertex 84.7 12 7.641666666666667
      vertex 95.3 11.97 6.758333333333334
      vertex 95.3 12 6.758333333333334
    endloop
  endfacet
  facet normal 0 0 -1
    outer loop
      vertex 96.69957653103505 0.6995765310350541 0
      vertex 102 0 0
      vertex 96.69303482587064 0.6930348258706465 0
    endloop
  endfacet
  facet normal 0 0 -1
    outer loop
      vertex 96 0.6999825870646765 0
      vertex 96 11.3 0
      vertex 96.69957653103505 0.6995765310350541 0
    endloop
  endfacet
  facet normal 0 0 -1
    outer loop
      vertex 96.69957653103505 0.6995765310350541 0
      vertex 108 11.3 0
      vertex 102 0 0
    endloop
  endfacet
  facet normal 0 0 -1
    outer loop
      vertex 102 0 0
      vertex 108 0.6965174129353232 0
      vertex 108 0 0
    endloop
  endfacet
  facet normal 0 0 -1
    outer loop
      vertex 102 0 0
      vertex 108 11.3 0
      vertex 108 0.6965174129353232 0
    endloop
  endfacet
  facet normal 0 0 -1
    outer loop
      vertex 96.69957653103505 0.6995765310350541 0
      vertex 96 11.3 0
      vertex 108 11.3 0
    endloop
  endfacet
  facet normal 1 0 0
    outer loop
      vertex 108 0.7 5.641666666666667
      vertex 108 11.3 5.7
      vertex 108 0.7 5.7
    endloop
  endfacet
  facet normal 0.08304547985373997 0 0.9965457582448796
    outer loop
      vertex 96 0.7 6.7
      vertex 108 0.7 5.7
      vertex 96 11.3 6.7
    endloop
  endfacet
  facet normal 0.08304547985373997 0 0.9965457582448796
    outer loop
      vertex 96 11.3 6.7
      vertex 108 0.7 5.7
      vertex 108 11.3 5.7
    endloop
  endfacet
  facet normal 1 0 0
    outer loop
      vertex 108 0.7 5.641666666666667
      vertex 108 11.3 4.758333333333334
      vertex 108 11.3 5.7
    endloop
  endfacet
  facet normal 0 0 -1
    outer loop
      vertex 108.03 0.030000000000001137 0
      vertex 108 0.6965174129353232 0
      vertex 108.69554606467358 0.6955460646735814 0
    endloop
  endfacet
  facet normal 0 0 -1
    outer loop
      vertex 108 0.6965174129353232 0
      vertex 108 11.3 0
      vertex 108.69554606467358 0.6955460646735814 0
    endloop
  endfacet
  facet normal 0 0 -1
    outer loop
      vertex 108.69554606467358 0.6955460646735814 0
      vertex 120 6.000000000000002 0
      vertex 114 0 0
    endloop
  endfacet
  facet normal 0 0 -1
    outer loop
      vertex 108 11.3 0
      vertex 119.30541951361961 11.305419513619608 0
      vertex 108.69554606467358 0.6955460646735814 0
    endloop
  endfacet
  facet normal 0 0 -1
    outer loop
      vertex 108.69554606467358 0.6955460646735814 0
      vertex 119.30541951361961 11.305419513619608 0
      vertex 120 6.000000000000002 0
    endloop
  endfacet
  facet normal 0 0 -1
    outer loop
      vertex 114 0 0
      vertex 120 0.6565757231126375 0
      vertex 119.94275199345736 0 0
    endloop
  endfacet
  facet normal 0 0 -1
    outer loop
      vertex 114 0 0
      vertex 120 6.000000000000002 0
      vertex 120 0.6565757231126375 0
    endloop
  endfacet
  facet normal -2.121393008355162e-17 0.08304547985373992 0.9965457582448797
    outer loop
      vertex 108 0.7 5.641666666666667
      vertex 119.3 0.7000000000000028 5.641666666666667
      vertex 108 11.3 4.758333333333334
    endloop
  endfacet
  facet normal 0 0.08304547985373995 0.9965457582448796
    outer loop
      vertex 108 11.3 4.758333333333334
      vertex 119.3 0.7000000000000028 5.641666666666667
      vertex 108.03 11.3 4.758333333333334
    endloop
  endfacet
  facet normal 2.595886550664895e-17 0.08304547985373996 0.9965457582448797
    outer loop
      vertex 108.03 11.3 4.758333333333334
      vertex 119.3 0.7000000000000028 5.641666666666667
      vertex 119.3 12 4.7
    endloop
  endfacet
  facet normal 0 0 -1
    outer loop
      vertex 108 11.3 0
      vertex 108.03 12 0
      vertex 119.30541951361961 11.305419513619608 0
    endloop
  endfacet
  facet normal 0 0 -1
    outer loop
      vertex 108.03 12 0
      vertex 119.30022438557434 12 0
      vertex 119.30541951361961 11.305419513619608 0
    endloop
  endfacet
  facet normal 0 1 0
    outer loop
      vertex 108.03 12 3.7025
      vertex 108.03 12 4.7
      vertex 119.3 12 4.641666666666667
    endloop
  endfacet
  facet normal -2.3374066123610838e-20 0.08304547985374038 0.9965457582448796
    outer loop
      vertex 108.03 11.3 4.758333333333334
      vertex 119.3 12 4.7
      vertex 108.03 12 4.7
    endloop
  endfacet
  facet normal 0 1 0
    outer loop
      vertex 108.03 12 4.7
      vertex 119.3 12 4.7
      vertex 119.3 12 4.641666666666667
    endloop
  endfacet
  facet normal 0 0 -1
    outer loop
      vertex 120.00028899745406 0 0
      vertex 120.692652115475 0.6926521154750022 0
      vertex 120.7 0.7 0
    endloop
  endfacet
  facet normal 0 0 -1
    outer loop
      vertex 120.00028899745406 0 0
      vertex 120.7 0.7 0
      vertex 131.30502517209496 11.305025172094947 0
    endloop
  endfacet
  facet normal 0 0 -1
    outer loop
      vertex 120.7 0.7 0
      vertex 120.7 12 0
      vertex 131.30502517209496 11.305025172094947 0
    endloop
  endfacet
  facet normal 3.44841824289955e-19 0.08304547985373995 0.9965457582448796
    outer loop
      vertex 120.7 0.7 6.641666666666667
      vertex 131.3 12 5.7
      vertex 120.7 12 5.7
    endloop
  endfacet
  facet normal 0 1 0
    outer loop
      vertex 120.7 12 4.758333333333334
      vertex 120.7 12 5.7
      vertex 131.3 12 5.6416666666666675
    endloop
  endfacet
  facet normal 0 0 -1
    outer loop
      vertex 120.00028899745406 0 0
      vertex 132 0.65987055687511 0
      vertex 131.97263467870076 0 0
    endloop
  endfacet
  facet normal 0 0 -1
    outer loop
      vertex 120.00028899745406 0 0
      vertex 132 5.9699999999998195 0
      vertex 132 0.65987055687511 0
    endloop
  endfacet
  facet normal 0 0 -1
    outer loop
      vertex 120.00028899745406 0 0
      vertex 131.30502517209496 11.305025172094947 0
      vertex 132 5.9699999999998195 0
    endloop
  endfacet
  facet normal 0 0.08304547985373995 0.9965457582448796
    outer loop
      vertex 120.7 0.7 6.641666666666667
      vertex 131.3 0.7 6.641666666666667
      vertex 131.3 12 5.7
    endloop
  endfacet
  facet normal 0 0 -1
    outer loop
      vertex 120.7 12 0
      vertex 131.301815920398 12 0
      vertex 131.30502517209496 11.305025172094947 0
    endloop
  endfacet
  facet normal 0 0 -1
    outer loop
      vertex 131.30502517209496 11.305025172094947 0
      vertex 131.301815920398 12 0
      vertex 131.30348258706468 12 0
    endloop
  endfacet
  facet normal 0 0 -1
    outer loop
      vertex 131.30502517209496 11.305025172094947 0
      vertex 131.30348258706468 12 0
      vertex 131.97 11.97 0
    endloop
  endfacet
  facet normal 0 1 0
    outer loop
      vertex 120.7 12 5.7
      vertex 131.3 12 5.7
      vertex 131.3 12 5.6416666666666675
    endloop
  endfacet
  facet normal 0 0 -1
    outer loop
      vertex 132 5.9699999999998195 0
      vertex 132 11.97 0
      vertex 132.70000000000002 12 0
    endloop
  endfacet
  facet normal 0 0 -1
    outer loop
      vertex 132.0300123907207 0 0
      vertex 132.7 0.7 0
      vertex 144 5.999999999999981 0
    endloop
  endfacet
  facet normal 0 0 -1
    outer loop
      vertex 132.0300123907207 0 0
      vertex 144 5.999999999999981 0
      vertex 144 1.897787482718627e-15 0
    endloop
  endfacet
  facet normal 0 0 -1
    outer loop
      vertex 132.7 0.7 0
      vertex 132 5.9699999999998195 0
      vertex 143.30500035782566 11.305000357825657 0
    endloop
  endfacet
  facet normal 0 0 -1
    outer loop
      vertex 132.7 0.7 0
      vertex 143.30500035782566 11.305000357825657 0
      vertex 144 5.999999999999981 0
    endloop
  endfacet
  facet normal 0 0 -1
    outer loop
      vertex 132 5.9699999999998195 0
      vertex 132.70000000000002 12 0
      vertex 143.30500035782566 11.305000357825657 0
    endloop
  endfacet
  facet normal 0 0 -1
    outer loop
      vertex 143.30500035782566 11.305000357825657 0
      vertex 132.70000000000002 12 0
      vertex 143.30001732630382 12 0
    endloop
  endfacet
  facet normal 0 0 -1
    outer loop
      vertex 143.30500035782566 11.305000357825657 0
      vertex 143.30001732630382 12 0
      vertex 144 12 0
    endloop
  endfacet
  facet normal 0 0.08304547985373995 0.9965457582448797
    outer loop
      vertex 132.70000000000002 0.7 9.641666666666666
      vertex 143.3 0.7 9.641666666666666
      vertex 143.3 12 8.7
    endloop
  endfacet
  facet normal 3.4484182428995546e-19 0.08304547985373995 0.9965457582448797
    outer loop
      vertex 132.70000000000002 0.7 9.641666666666666
      vertex 143.3 12 8.7
      vertex 132.70000000000002 12 8.7
    endloop
  endfacet
  facet normal 0 0 -1
    outer loop
      vertex 0 12.057534246575344 0
      vertex 0 17.97015 0
      vertex 0.7 12.7 0
    endloop
  endfacet
  facet normal 0 0 -1
    outer loop
      vertex 0.6598700576461897 12 0
      vertex 0.6893845916181436 12.689384591618143 0
      vertex 5.999999999999994 12 0
    endloop
  endfacet
  facet normal 0 0 -1
    outer loop
      vertex 0.6893845916181436 12.689384591618143 0
      vertex 0.7 12.7 0
      vertex 5.999999999999994 12 0
    endloop
  endfacet
  facet normal 0 0 -1
    outer loop
      vertex 0.7 12.7 0
      vertex 11.969999999999999 23.97 0
      vertex 5.999999999999994 12 0
    endloop
  endfacet
  facet normal 0 0 -1
    outer loop
      vertex 0.7 12.7 0
      vertex 0 17.97015 0
      vertex 11.969999999999999 23.97 0
    endloop
  endfacet
  facet normal 0 0 -1
    outer loop
      vertex 0 17.97015 0
      vertex 0.6999825870646765 24 0
      vertex 11.303482587064677 24 0
    endloop
  endfacet
  facet normal 0 0 -1
    outer loop
      vertex 0 17.97015 0
      vertex 11.303482587064677 24 0
      vertex 11.303706972639013 24 0
    endloop
  endfacet
  facet normal 0 0 -1
    outer loop
      vertex 0 17.97015 0
      vertex 11.303706972639013 24 0
      vertex 11.969999999999999 23.97 0
    endloop
  endfacet
  facet normal 0 0 -1
    outer loop
      vertex 5.999999999999994 12 0
      vertex 12 12.699775614425667 0
      vertex 12.000000000000002 12 0
    endloop
  endfacet
  facet normal 0 0 -1
    outer loop
      vertex 5.999999999999994 12 0
      vertex 11.969999999999999 23.97 0
      vertex 12 12.699775614425667 0
    endloop
  endfacet
  facet normal 0 0 -1
    outer loop
      vertex 12 12.699775614425667 0
      vertex 11.969999999999999 23.97 0
      vertex 12 23.97 0
    endloop
  endfacet
  facet normal 0.08304547985373993 -2.7151977129667608e-17 0.9965457582448797
    outer loop
      vertex 0.7 12.700000000000001 19.641666666666666
      vertex 12 12.700000000000001 18.7
      vertex 11.3 23.97 18.758333333333333
    endloop
  endfacet
  facet normal 0.08304547985373992 0 0.9965457582448797
    outer loop
      vertex 0.7 12.700000000000001 19.641666666666666
      vertex 11.3 23.97 18.758333333333333
      vertex 0.7 24 19.641666666666666
    endloop
  endfacet
  facet normal 1 0 0
    outer loop
      vertex 12 12.700000000000001 18.641666666666666
      vertex 12 23.97 18.7
      vertex 12 12.700000000000001 18.7
    endloop
  endfacet
  facet normal 1 0 0
    outer loop
      vertex 12 12.700000000000001 18.641666666666666
      vertex 12 23.97 17.7025
      vertex 12 23.97 18.7
    endloop
  endfacet
  facet normal 0.08304547985374039 0 0.9965457582448796
    outer loop
      vertex 12 12.700000000000001 18.7
      vertex 12 23.97 18.7
      vertex 11.3 23.97 18.758333333333333
    endloop
  endfacet
  facet normal 0.08304547985373992 5.195616819301795e-16 0.9965457582448796
    outer loop
      vertex 0.7 24 19.641666666666666
      vertex 11.3 23.97 18.758333333333333
      vertex 11.3 24 18.758333333333333
    endloop
  endfacet
  facet normal 0 0 -1
    outer loop
      vertex 12 12.699775614425667 0
      vertex 12 23.97 0
      vertex 12.694580486380392 12.694580486380392 0
    endloop
  endfacet
  facet normal 0 0 -1
    outer loop
      vertex 12.694580486380392 12.694580486380392 0
      vertex 12 23.97 0
      vertex 12.700000000000001 24 0
    endloop
  endfacet
  facet normal 0 0 -1
    outer loop
      vertex 12.694580486380392 12.694580486380392 0
      vertex 12.700000000000001 24 0
      vertex 23.304827436268084 23.304827436268084 0
    endloop
  endfacet
  facet normal 0 0 -1
    outer loop
      vertex 17.999999999999993 12 0
      vertex 24 17.999999999999993 0
      vertex 24 12.000000000000002 0
    endloop
  endfacet
  facet normal 0 0 -1
    outer loop
      vertex 12.694580486380392 12.694580486380392 0
      vertex 23.304827436268084 23.304827436268084 0
      vertex 17.999999999999993 12 0
    endloop
  endfacet
  facet normal 0 0 -1
    outer loop
      vertex 17.999999999999993 12 0
      vertex 23.304827436268084 23.304827436268084 0
      vertex 24 17.999999999999993 0
    endloop
  endfacet
  facet normal 0 0 -1
    outer loop
      vertex 23.304827436268084 23.304827436268084 0
      vertex 12.700000000000001 24 0
      vertex 23.300199708449114 24 0
    endloop
  endfacet
  facet normal 0 0.08304547985373985 0.9965457582448797
    outer loop
      vertex 12 12.700000000000001 18.641666666666666
      vertex 23.3 12.700000000000001 18.641666666666666
      vertex 12 23.97 17.7025
    endloop
  endfacet
  facet normal 4.59029260162331e-17 0.08304547985373974 0.9965457582448796
    outer loop
      vertex 23.3 12.700000000000001 18.641666666666666
      vertex 12.700000000000001 23.97 17.7025
      vertex 12 23.97 17.7025
    endloop
  endfacet
  facet normal 1.0586890321290363e-16 0.08304547985373996 0.9965457582448797
    outer loop
      vertex 23.3 12.700000000000001 18.641666666666666
      vertex 23.3 24 17.7
      vertex 12.700000000000001 23.97 17.7025
    endloop
  endfacet
  facet normal 0 0.08304547985377904 0.9965457582448763
    outer loop
      vertex 12.700000000000001 24 17.7
      vertex 12.700000000000001 23.97 17.7025
      vertex 23.3 24 17.7
    endloop
  endfacet
  facet normal 0 1 0
    outer loop
      vertex 12.700000000000001 24 17.641666666666666
      vertex 12.700000000000001 24 17.7
      vertex 23.3 24 17.7
    endloop
  endfacet
  facet normal 0 1 0
    outer loop
      vertex 12.700000000000001 24 17.641666666666666
      vertex 23.3 24 17.7
      vertex 23.3 24 16.758333333333333
    endloop
  endfacet
  facet normal 0 0 -1
    outer loop
      vertex 24.211373930548568 12.211373930548566 0
      vertex 35.30348258706467 12 0
      vertex 24.639269406392696 12 0
    endloop
  endfacet
  facet normal 0 0 -1
    outer loop
      vertex 24.211373930548568 12.211373930548566 0
      vertex 35.78862606945143 23.788626069451436 0
      vertex 35.30348258706467 12 0
    endloop
  endfacet
  facet normal 0 0 -1
    outer loop
      vertex 24.211373930548568 12.211373930548566 0
      vertex 24.7 24 0
      vertex 35.78862606945143 23.788626069451436 0
    endloop
  endfacet
  facet normal 0 0 -1
    outer loop
      vertex 24.7 24 0
      vertex 35.36073059360731 24 0
      vertex 35.78862606945143 23.788626069451436 0
    endloop
  endfacet
  facet normal 0 0.08304547985373997 0.9965457582448796
    outer loop
      vertex 24.7 12 17.7
      vertex 35.3 12 17.7
      vertex 35.3 24 16.7
    endloop
  endfacet
  facet normal 0 0.08304547985373997 0.9965457582448796
    outer loop
      vertex 24.7 12 17.7
      vertex 35.3 24 16.7
      vertex 24.7 24 16.7
    endloop
  endfacet
  facet normal 0 0 -1
    outer loop
      vertex 36 12 0
      vertex 36 24 0
      vertex 36.7 12.700000000000001 0
    endloop
  endfacet
  facet normal 0 0 -1
    outer loop
      vertex 36.7 12.700000000000001 0
      vertex 47.3 23.3 0
      vertex 48 12.69818407960199 0
    endloop
  endfacet
  facet normal 0 0 -1
    outer loop
      vertex 36.7 12.700000000000001 0
      vertex 36 24 0
      vertex 47.3 23.3 0
    endloop
  endfacet
  facet normal 0 0 -1
    outer loop
      vertex 48 12.69818407960199 0
      vertex 47.3 23.3 0
      vertex 48 23.3 0
    endloop
  endfacet
  facet normal 0 0 -1
    outer loop
      vertex 47.3 23.3 0
      vertex 42 24 0
      vertex 47.30541951361961 23.30541951361961 0
    endloop
  endfacet
  facet normal 0.08304547985373992 0 0.9965457582448797
    outer loop
      vertex 36.699999999999996 12.700000000000001 14.641666666666666
      vertex 48 12.700000000000001 13.7
      vertex 36.699999999999996 23.3 14.641666666666666
    endloop
  endfacet
  facet normal 0.08304547985373992 2.069050945739731e-18 0.9965457582448797
    outer loop
      vertex 36.699999999999996 23.3 14.641666666666666
      vertex 48 12.700000000000001 13.7
      vertex 48 23.3 13.7
    endloop
  endfacet
  facet normal 0 0 -1
    outer loop
      vertex 47.3 23.3 0
      vertex 36 24 0
      vertex 41.82623669482818 24 0
    endloop
  endfacet
  facet normal 0 0 -1
    outer loop
      vertex 47.3 23.3 0
      vertex 41.82623669482818 24 0
      vertex 42 24 0
    endloop
  endfacet
  facet normal 0 0 -1
    outer loop
      vertex 48 12 0
      vertex 48.03 12.030000000000001 0
      vertex 48.699999999999996 12 0
    endloop
  endfacet
  facet normal 0 0 -1
    outer loop
      vertex 48.03 12.030000000000001 0
      vertex 59.97 23.97 0
      vertex 48.699999999999996 12 0
    endloop
  endfacet
  facet normal 0 0 -1
    outer loop
      vertex 48.03 12.030000000000001 0
      vertex 48 12.642465753424657 0
      vertex 59.97 23.97 0
    endloop
  endfacet
  facet normal 0 0 -1
    outer loop
      vertex 48 12.69818407960199 0
      vertex 59.97 23.97 0
      vertex 48 12.642465753424657 0
    endloop
  endfacet
  facet normal 0 0 -1
    outer loop
      vertex 48 12.69818407960199 0
      vertex 48 23.3 0
      vertex 59.301815920398006 24 0
    endloop
  endfacet
  facet normal 0 0 -1
    outer loop
      vertex 48.699999999999996 12 0
      vertex 60 12.699800291550888 0
      vertex 59.97 12 0
    endloop
  endfacet
  facet normal 0 0 -1
    outer loop
      vertex 48.699999999999996 12 0
      vertex 60 12.699982587064678 0
      vertex 60 12.699800291550888 0
    endloop
  endfacet
  facet normal 0 0 -1
    outer loop
      vertex 48.699999999999996 12 0
      vertex 59.97 23.97 0
      vertex 60 12.699982587064678 0
    endloop
  endfacet
  facet normal 0 0 -1
    outer loop
      vertex 48 12.69818407960199 0
      vertex 59.30348258706467 24 0
      vertex 59.97 23.97 0
    endloop
  endfacet
  facet normal 0 0 -1
    outer loop
      vertex 48 12.69818407960199 0
      vertex 59.301815920398006 24 0
      vertex 59.30348258706467 24 0
    endloop
  endfacet
  facet normal 0 0 -1
    outer loop
      vertex 60 12.699982587064678 0
      vertex 59.97 23.97 0
      vertex 60 23.97 0
    endloop
  endfacet
  facet normal 0.08304547985372042 0 0.9965457582448811
    outer loop
      vertex 48 12.700000000000001 13.7
      vertex 48.03 12.700000000000001 13.6975
      vertex 48 23.3 13.7
    endloop
  endfacet
  facet normal 0.08304547985373996 0 0.9965457582448796
    outer loop
      vertex 48.699999999999996 12 13.641666666666666
      vertex 59.97 12 12.702499999999999
      vertex 48.699999999999996 12.030000000000001 13.641666666666666
    endloop
  endfacet
  facet normal 0.08304547985374007 0 0.9965457582448796
    outer loop
      vertex 48.03 12.030000000000001 13.6975
      vertex 59.97 12.700000000000001 12.702499999999999
      vertex 48.03 12.700000000000001 13.6975
    endloop
  endfacet
  facet normal 0.08304547985374171 -2.960962894974101e-14 0.9965457582448795
    outer loop
      vertex 48.03 12.030000000000001 13.6975
      vertex 48.699999999999996 12.030000000000001 13.641666666666666
      vertex 59.97 12.700000000000001 12.702499999999999
    endloop
  endfacet
  facet normal 0.08304547985374007 0 0.9965457582448797
    outer loop
      vertex 48.03 12.700000000000001 13.6975
      vertex 59.97 12.700000000000001 12.702499999999999
      vertex 48.03 23.3 13.6975
    endloop
  endfacet
  facet normal 0.08304547985372042 0 0.9965457582448811
    outer loop
      vertex 48.03 12.700000000000001 13.6975
      vertex 48.03 23.3 13.6975
      vertex 48 23.3 13.7
    endloop
  endfacet
  facet normal 0.08304547985374007 0 0.9965457582448796
    outer loop
      vertex 48.03 23.3 13.6975
      vertex 59.97 12.700000000000001 12.702499999999999
      vertex 48.03 23.97 13.6975
    endloop
  endfacet
  facet normal 0.08304547985374164 1.674390272353316e-15 0.9965457582448796
    outer loop
      vertex 59.97 12.700000000000001 12.702499999999999
      vertex 48.699999999999996 23.97 13.641666666666666
      vertex 48.03 23.97 13.6975
    endloop
  endfacet
  facet normal 0.08304547985373996 2.626871047238251e-17 0.9965457582448796
    outer loop
      vertex 48.699999999999996 12.030000000000001 13.641666666666666
      vertex 59.97 12 12.702499999999999
      vertex 59.97 12.700000000000001 12.702499999999999
    endloop
  endfacet
  facet normal 0.08304547985372045 0 0.9965457582448813
    outer loop
      vertex 60 12.700000000000001 12.7
      vertex 60 23.97 12.7
      vertex 59.97 12.700000000000001 12.702499999999999
    endloop
  endfacet
  facet normal 1 0 0
    outer loop
      vertex 60 12.700000000000001 12.641666666666666
      vertex 60 23.97 12.7
      vertex 60 12.700000000000001 12.7
    endloop
  endfacet
  facet normal 0.0830454798537399 -5.539466678771813e-17 0.9965457582448796
    outer loop
      vertex 59.97 12.700000000000001 12.702499999999999
      vertex 59.3 23.97 12.758333333333333
      vertex 48.699999999999996 23.97 13.641666666666666
    endloop
  endfacet
  facet normal 1 0 0
    outer loop
      vertex 60 12.700000000000001 12.641666666666666
      vertex 60 23.97 11.702499999999999
      vertex 60 23.97 12.7
    endloop
  endfacet
  facet normal 0.08304547985373996 -5.23566079345076e-17 0.9965457582448796
    outer loop
      vertex 59.97 12.700000000000001 12.702499999999999
      vertex 60 23.97 12.7
      vertex 59.3 23.97 12.758333333333333
    endloop
  endfacet
  facet normal 0 0 -1
    outer loop
      vertex 48 23.3 0
      vertex 48 24 0
      vertex 48.699999999999996 24 0
    endloop
  endfacet
  facet normal 0 0 -1
    outer loop
      vertex 48 23.3 0
      vertex 48.699999999999996 24 0
      vertex 59.301815920398006 24 0
    endloop
  endfacet
  facet normal 0.08304547985373992 0 0.9965457582448796
    outer loop
      vertex 48.699999999999996 24 13.641666666666666
      vertex 48.699999999999996 23.97 13.641666666666666
      vertex 59.3 23.97 12.758333333333333
    endloop
  endfacet
  facet normal 0.08304547985373992 5.195616819301795e-16 0.9965457582448796
    outer loop
      vertex 48.699999999999996 24 13.641666666666666
      vertex 59.3 23.97 12.758333333333333
      vertex 59.3 24 12.758333333333333
    endloop
  endfacet
  facet normal 0 0 -1
    outer loop
      vertex 60.699576531035056 12.699576531035056 0
      vertex 66 12 0
      vertex 60.695172563731916 12.695172563731917 0
    endloop
  endfacet
  facet normal 0 0 -1
    outer loop
      vertex 60 12.699982587064678 0
      vertex 60 23.97 0
      vertex 60.699576531035056 12.699576531035056 0
    endloop
  endfacet
  facet normal 0 0 -1
    outer loop
      vertex 60.699576531035056 12.699576531035056 0
      vertex 60 23.97 0
      vertex 60.699999999999996 24 0
    endloop
  endfacet
  facet normal 0 0 -1
    outer loop
      vertex 60.699576531035056 12.699576531035056 0
      vertex 72 18.00000000000002 0
      vertex 66 12 0
    endloop
  endfacet
  facet normal 0 0 -1
    outer loop
      vertex 66 12 0
      vertex 72 12.659858601728201 0
      vertex 71.94275199345736 12 0
    endloop
  endfacet
  facet normal 0 0 -1
    outer loop
      vertex 66 12 0
      vertex 72 18.00000000000002 0
      vertex 72 12.659858601728201 0
    endloop
  endfacet
  facet normal 0 0 -1
    outer loop
      vertex 60.699576531035056 12.699576531035056 0
      vertex 60.699999999999996 24 0
      vertex 71.3053675758271 23.305367575827102 0
    endloop
  endfacet
  facet normal 0 0 -1
    outer loop
      vertex 60.699576531035056 12.699576531035056 0
      vertex 71.3053675758271 23.305367575827102 0
      vertex 72 18.00000000000002 0
    endloop
  endfacet
  facet normal -2.833310799242188e-17 0.08304547985374 0.9965457582448797
    outer loop
      vertex 71.3 12.700000000000003 12.641666666666666
      vertex 60.699999999999996 23.97 11.702499999999999
      vertex 60 23.97 11.702499999999999
    endloop
  endfacet
  facet normal -6.203211787798714e-17 0.08304547985373997 0.9965457582448797
    outer loop
      vertex 71.3 12.700000000000003 12.641666666666666
      vertex 71.3 24 11.7
      vertex 60.699999999999996 23.97 11.702499999999999
    endloop
  endfacet
  facet normal -1.305472620526255e-17 0.08304547985374 0.9965457582448797
    outer loop
      vertex 60 12.700000000000001 12.641666666666666
      vertex 71.3 12.700000000000003 12.641666666666666
      vertex 60 23.97 11.702499999999999
    endloop
  endfacet
  facet normal 0 0 -1
    outer loop
      vertex 71.3053675758271 23.305367575827102 0
      vertex 60.699999999999996 24 0
      vertex 71.30022221925137 24 0
    endloop
  endfacet
  facet normal 0 1 0
    outer loop
      vertex 60.699999999999996 24 11.641666666666666
      vertex 60.699999999999996 24 11.7
      vertex 71.3 24 11.7
    endloop
  endfacet
  facet normal 0 0.08304547985372045 0.9965457582448813
    outer loop
      vertex 60.699999999999996 24 11.7
      vertex 60.699999999999996 23.97 11.702499999999999
      vertex 71.3 24 11.7
    endloop
  endfacet
  facet normal 0 1 0
    outer loop
      vertex 60.699999999999996 24 11.641666666666666
      vertex 71.3 24 11.7
      vertex 71.3 24 10.758333333333333
    endloop
  endfacet
  facet normal 0 0 -1
    outer loop
      vertex 72.03001239072073 12 0
      vertex 72.35 12.350000000000001 0
      vertex 72.03015 12 0
    endloop
  endfacet
  facet normal 0 0 -1
    outer loop
      vertex 72.03015 12 0
      vertex 72.35 12.350000000000001 0
      vertex 84 12.698179332862669 0
    endloop
  endfacet
  facet normal 0 0 -1
    outer loop
      vertex 72.35 12.350000000000001 0
      vertex 72.7 12.700000000000001 0
      vertex 84 12.698179332862669 0
    endloop
  endfacet
  facet normal 0 0 -1
    outer loop
      vertex 72.7 12.700000000000001 0
      vertex 84 23.3 0
      vertex 84 12.698179332862669 0
    endloop
  endfacet
  facet normal 0 0 -1
    outer loop
      vertex 72.7 12.700000000000001 0
      vertex 72.7 24 0
      vertex 83.97 23.97 0
    endloop
  endfacet
  facet normal 0 0 -1
    outer loop
      vertex 72.7 12.700000000000001 0
      vertex 84 23.30348258706468 0
      vertex 84 23.3 0
    endloop
  endfacet
  facet normal 0 0 -1
    outer loop
      vertex 72.7 12.700000000000001 0
      vertex 83.97 23.97 0
      vertex 84 23.30348258706468 0
    endloop
  endfacet
  facet normal 0.08304547985373997 5.275094649281181e-17 0.9965457582448797
    outer loop
      vertex 72.7 12.700000000000001 9.641666666666666
      vertex 84 12.700000000000001 8.7
      vertex 83.97 23.3 8.702499999999999
    endloop
  endfacet
  facet normal 0.08304547985374001 0 0.9965457582448797
    outer loop
      vertex 72.7 12.700000000000001 9.641666666666666
      vertex 83.97 23.3 8.702499999999999
      vertex 72.7 24 9.641666666666666
    endloop
  endfacet
  facet normal 1 0 0
    outer loop
      vertex 84 12.700000000000001 7.758333333333334
      vertex 84 23.3 8.641666666666666
      vertex 84 12.700000000000001 8.7
    endloop
  endfacet
  facet normal 0.08304547985372042 0 0.9965457582448811
    outer loop
      vertex 84 12.700000000000001 8.7
      vertex 84 23.3 8.7
      vertex 83.97 23.3 8.702499999999999
    endloop
  endfacet
  facet normal 1 0 0
    outer loop
      vertex 84 12.700000000000001 8.7
      vertex 84 23.3 8.641666666666666
      vertex 84 23.3 8.7
    endloop
  endfacet
  facet normal 0 0 -1
    outer loop
      vertex 72.7 24 0
      vertex 83.97 24 0
      vertex 83.97 23.97 0
    endloop
  endfacet
  facet normal 0.08304547985374003 0 0.9965457582448797
    outer loop
      vertex 83.97 23.3 8.702499999999999
      vertex 83.97 24 8.702499999999999
      vertex 72.7 24 9.641666666666666
    endloop
  endfacet
  facet normal 0 0 -1
    outer loop
      vertex 84 12.698179332862669 0
      vertex 95.32086186115826 24 0
      vertex 84 12.696517412935325 0
    endloop
  endfacet
  facet normal 0 0 -1
    outer loop
      vertex 84.03 12.030000000000001 0
      vertex 96 23.50684931506848 0
      vertex 84 12 0
    endloop
  endfacet
  facet normal 0 0 -1
    outer loop
      vertex 84 12 0
      vertex 96 23.50684931506848 0
      vertex 84.7 12 0
    endloop
  endfacet
  facet normal 0 0 -1
    outer loop
      vertex 84.03 12.030000000000001 0
      vertex 84 12.696517412935325 0
      vertex 95.97 23.97 0
    endloop
  endfacet
  facet normal 0 0 -1
    outer loop
      vertex 84 12.698179332862669 0
      vertex 84 23.3 0
      vertex 95.32086186115826 24 0
    endloop
  endfacet
  facet normal 0 -0.08304547985374973 0.9965457582448788
    outer loop
      vertex 84.7 12 7.7
      vertex 95.3 12 7.7
      vertex 84.7 12.030000000000001 7.702500000000001
    endloop
  endfacet
  facet normal 0 -1 0
    outer loop
      vertex 84.7 12 7.641666666666667
      vertex 95.3 12 7.7
      vertex 84.7 12 7.7
    endloop
  endfacet
  facet normal -8.988368047179048e-17 -0.08304547985373975 0.9965457582448797
    outer loop
      vertex 84.03 12.030000000000001 7.702500000000001
      vertex 95.3 23.3 8.641666666666666
      vertex 84.03 12.700000000000001 7.758333333333334
    endloop
  endfacet
  facet normal 0 -0.08304547985373983 0.9965457582448796
    outer loop
      vertex 84.03 12.030000000000001 7.702500000000001
      vertex 84.7 12.030000000000001 7.702500000000001
      vertex 95.3 23.3 8.641666666666666
    endloop
  endfacet
  facet normal 0 0 -1
    outer loop
      vertex 84.7 12 0
      vertex 96 23.50684931506848 0
      vertex 95.97 12 0
    endloop
  endfacet
  facet normal 0 0 -1
    outer loop
      vertex 84.03 12.030000000000001 0
      vertex 95.97 23.97 0
      vertex 96 23.50684931506848 0
    endloop
  endfacet
  facet normal 0 0 -1
    outer loop
      vertex 84 12.696517412935325 0
      vertex 95.65197068230277 24 0
      vertex 95.97 23.97 0
    endloop
  endfacet
  facet normal 0 0 -1
    outer loop
      vertex 84 12.696517412935325 0
      vertex 95.32086186115826 24 0
      vertex 95.636815920398 24 0
    endloop
  endfacet
  facet normal 0 0 -1
    outer loop
      vertex 84 12.696517412935325 0
      vertex 95.636815920398 24 0
      vertex 95.65197068230277 24 0
    endloop
  endfacet
  facet normal 0 -1 0
    outer loop
      vertex 84.7 12 7.641666666666667
      vertex 95.3 12 6.758333333333334
      vertex 95.3 12 7.7
    endloop
  endfacet
  facet normal 2.814272601699475e-17 -0.08304547985373988 0.9965457582448797
    outer loop
      vertex 84.7 12.030000000000001 7.702500000000001
      vertex 95.3 12 7.7
      vertex 95.3 23.3 8.641666666666666
    endloop
  endfacet
  facet normal 0 -0.08304547985373983 0.9965457582448796
    outer loop
      vertex 84 12.700000000000001 7.758333333333334
      vertex 84.03 12.700000000000001 7.758333333333334
      vertex 84 23.3 8.641666666666666
    endloop
  endfacet
  facet normal -4.088838773723736e-18 -0.08304547985373983 0.9965457582448797
    outer loop
      vertex 84.03 12.700000000000001 7.758333333333334
      vertex 95.3 23.3 8.641666666666666
      vertex 84 23.3 8.641666666666666
    endloop
  endfacet
  facet normal 0 0 -1
    outer loop
      vertex 96 23.50684931506848 0
      vertex 95.97 23.97 0
      vertex 96 23.97 0
    endloop
  endfacet
  facet normal 0 0 -1
    outer loop
      vertex 95.97 23.97 0
      vertex 96 23.972465753424657 0
      vertex 96 23.97 0
    endloop
  endfacet
  facet normal 0 0 -1
    outer loop
      vertex 96.7 12.700000000000003 0
      vertex 96 23.97 0
      vertex 96.7 24 0
    endloop
  endfacet
  facet normal 0 0 -1
    outer loop
      vertex 96.35 12.350000000000001 0
      vertex 96.7 12.700000000000003 0
      vertex 108 12.69818407960199 0
    endloop
  endfacet
  facet normal 0 0 -1
    outer loop
      vertex 96.7 12.700000000000003 0
      vertex 108 23.3 0
      vertex 108 12.69818407960199 0
    endloop
  endfacet
  facet normal 0 0.08304547985373997 0.9965457582448797
    outer loop
      vertex 96.7 12.700000000000001 3.6416666666666666
      vertex 108 12.700000000000001 3.6416666666666666
      vertex 107.97 23.3 2.7583333333333333
    endloop
  endfacet
  facet normal 0 0 -1
    outer loop
      vertex 96.7 12.700000000000003 0
      vertex 96.7 24 0
      vertex 107.30348258706468 24 0
    endloop
  endfacet
  facet normal 0 0 -1
    outer loop
      vertex 96.7 12.700000000000003 0
      vertex 107.30348258706468 24 0
      vertex 107.97 23.97 0
    endloop
  endfacet
  facet normal 0 0 -1
    outer loop
      vertex 96.7 12.700000000000003 0
      vertex 107.97 23.97 0
      vertex 108 23.3 0
    endloop
  endfacet
  facet normal 9.276245073399761e-18 0.08304547985373996 0.9965457582448797
    outer loop
      vertex 96.7 12.700000000000001 3.6416666666666666
      vertex 107.3 23.97 2.7025
      vertex 96.7 24 2.7
    endloop
  endfacet
  facet normal 5.289476525136176e-17 0.08304547985373997 0.9965457582448797
    outer loop
      vertex 96.7 12.700000000000001 3.6416666666666666
      vertex 107.97 23.3 2.7583333333333333
      vertex 107.3 23.97 2.7025
    endloop
  endfacet
  facet normal 1.818465886755621e-15 0.08304547985373996 0.9965457582448796
    outer loop
      vertex 108 12.700000000000001 3.6416666666666666
      vertex 108 23.3 2.7583333333333333
      vertex 107.97 23.3 2.7583333333333333
    endloop
  endfacet
  facet normal 0 0 -1
    outer loop
      vertex 108 23.3 0
      vertex 107.97 23.97 0
      vertex 108 24 0
    endloop
  endfacet
  facet normal 0 1 0
    outer loop
      vertex 96.7 24 2.2
      vertex 96.7 24 2.7
      vertex 107.3 24 2.2
    endloop
  endfacet
  facet normal 0 1 0
    outer loop
      vertex 96.7 24 2.7
      vertex 107.3 24 2.7
      vertex 107.3 24 2.2
    endloop
  endfacet
  facet normal 0 0.08304547985373507 0.99654575824488
    outer loop
      vertex 96.7 24 2.7
      vertex 107.3 23.97 2.7025
      vertex 107.3 24 2.7
    endloop
  endfacet
  facet normal -2.3003538490512395e-19 0.08304547985373997 0.9965457582448797
    outer loop
      vertex 107.97 23.3 2.7583333333333333
      vertex 107.97 23.97 2.7025
      vertex 107.3 23.97 2.7025
    endloop
  endfacet
  facet normal -0.08304547985373507 0 0.99654575824488
    outer loop
      vertex 108 12.700000000000001 3.7
      vertex 108.03 12.700000000000001 3.7025
      vertex 108 23.3 3.7
    endloop
  endfacet
  facet normal -1 0 0
    outer loop
      vertex 108 12.700000000000001 3.6416666666666666
      vertex 108 12.700000000000001 3.7
      vertex 108 23.3 3.7
    endloop
  endfacet
  facet normal -1 0 0
    outer loop
      vertex 108 12.700000000000001 3.6416666666666666
      vertex 108 23.3 3.7
      vertex 108 23.3 2.7583333333333333
    endloop
  endfacet
  facet normal 0 0 -1
    outer loop
      vertex 108.03 12 0
      vertex 108.03 12.030000000000001 0
      vertex 119.30022438557434 12 0
    endloop
  endfacet
  facet normal 0 0 -1
    outer loop
      vertex 108.03 12.030000000000001 0
      vertex 108 12.696517412935325 0
      vertex 119.3 23.3 0
    endloop
  endfacet
  facet normal 0 0 -1
    outer loop
      vertex 108 12.69818407960199 0
      vertex 119.3 23.3 0
      vertex 108 12.696517412935325 0
    endloop
  endfacet
  facet normal 0 0 -1
    outer loop
      vertex 108.03 12.030000000000001 0
      vertex 119.3 23.3 0
      vertex 119.30022438557434 12 0
    endloop
  endfacet
  facet normal -0.08304547985373997 0 0.9965457582448796
    outer loop
      vertex 108.03 12 3.7025
      vertex 119.3 12.030000000000001 4.641666666666667
      vertex 108.03 12.700000000000001 3.7025
    endloop
  endfacet
  facet normal -0.08304547985373999 -1.396817389650684e-17 0.9965457582448796
    outer loop
      vertex 108.03 12.700000000000001 3.7025
      vertex 119.3 12.030000000000001 4.641666666666667
      vertex 108 23.3 3.7
    endloop
  endfacet
  facet normal 0 0 -1
    outer loop
      vertex 108 12.69818407960199 0
      vertex 108 23.3 0
      vertex 119.3 23.3 0
    endloop
  endfacet
  facet normal 0 0 -1
    outer loop
      vertex 119.30022438557434 12 0
      vertex 119.3 23.3 0
      vertex 120 12.030000000000001 0
    endloop
  endfacet
  facet normal 0 0 -1
    outer loop
      vertex 120 12.030000000000001 0
      vertex 119.3 23.3 0
      vertex 120 23.30348258706468 0
    endloop
  endfacet
  facet normal 0 0 -1
    outer loop
      vertex 119.3 23.3 0
      vertex 119.97 23.97 0
      vertex 120 23.30348258706468 0
    endloop
  endfacet
  facet normal -0.08304547985373999 1.61663767629053e-15 0.9965457582448796
    outer loop
      vertex 108.03 12 3.7025
      vertex 119.3 12 4.641666666666667
      vertex 119.3 12.030000000000001 4.641666666666667
    endloop
  endfacet
  facet normal -0.08304547985373989 0 0.9965457582448796
    outer loop
      vertex 108 23.3 3.7
      vertex 119.3 12.030000000000001 4.641666666666667
      vertex 120 12.030000000000001 4.7
    endloop
  endfacet
  facet normal -0.08304547985373996 0 0.9965457582448796
    outer loop
      vertex 108 23.3 3.7
      vertex 120 12.030000000000001 4.7
      vertex 120 23.3 4.7
    endloop
  endfacet
  facet normal 0 0 -1
    outer loop
      vertex 120 12.030000000000001 0
      vertex 131.53209867198785 24 0
      vertex 120.03 12.030000000000001 0
    endloop
  endfacet
  facet normal 0 0 -1
    outer loop
      vertex 120.03 12.030000000000001 0
      vertex 131.3 23.3 0
      vertex 120.69651741293532 12 0
    endloop
  endfacet
  facet normal 0 0 -1
    outer loop
      vertex 120.7 12 0
      vertex 120.69651741293532 12 0
      vertex 131.3 23.3 0
    endloop
  endfacet
  facet normal 0 0 -1
    outer loop
      vertex 120 12.030000000000001 0
      vertex 120 23.30348258706468 0
      vertex 131.53209867198785 24 0
    endloop
  endfacet
  facet normal -0.08304547985373997 0 0.9965457582448796
    outer loop
      vertex 120 12.030000000000001 4.7
      vertex 120.7 12.030000000000001 4.758333333333334
      vertex 120 23.3 4.7
    endloop
  endfacet
  facet normal -0.08304547985373993 0 0.9965457582448796
    outer loop
      vertex 120.7 12 4.758333333333334
      vertex 131.3 12 5.6416666666666675
      vertex 120.7 12.030000000000001 4.758333333333334
    endloop
  endfacet
  facet normal -0.08304547985373995 1.2046952310091327e-18 0.9965457582448797
    outer loop
      vertex 120.7 12.030000000000001 4.758333333333334
      vertex 131.3 23.3 5.6416666666666675
      vertex 120 23.3 4.7
    endloop
  endfacet
  facet normal 0 0 -1
    outer loop
      vertex 120.7 12 0
      vertex 131.3 23.3 0
      vertex 131.301815920398 12 0
    endloop
  endfacet
  facet normal 0 0 -1
    outer loop
      vertex 120.03 12.030000000000001 0
      vertex 131.53209867198785 24 0
      vertex 131.3 23.3 0
    endloop
  endfacet
  facet normal 0 0 -1
    outer loop
      vertex 131.301815920398 12 0
      vertex 131.3 23.3 0
      vertex 132 23.53684931506847 0
    endloop
  endfacet
  facet normal 0 0 -1
    outer loop
      vertex 131.3 23.3 0
      vertex 132 24 0
      vertex 132 23.53684931506847 0
    endloop
  endfacet
  facet normal -0.08304547985373993 -3.842523184945168e-18 0.9965457582448796
    outer loop
      vertex 120.7 12.030000000000001 4.758333333333334
      vertex 131.3 12 5.6416666666666675
      vertex 131.3 23.3 5.6416666666666675
    endloop
  endfacet
  facet normal 0 0 -1
    outer loop
      vertex 120 23.30348258706468 0
      vertex 120 24 0
      vertex 131.53209867198785 24 0
    endloop
  endfacet
  facet normal 0 0 -1
    outer loop
      vertex 132.70000000000002 12 0
      vertex 132.70000000000002 24 0
      vertex 143.30001732630382 12 0
    endloop
  endfacet
  facet normal 0 0 -1
    outer loop
      vertex 143.30001732630382 12 0
      vertex 132.70000000000002 24 0
      vertex 143.30694784782557 24 0
    endloop
  endfacet
  facet normal 0 0.0830454798537399 0.9965457582448796
    outer loop
      vertex 132.70000000000002 12 8.7
      vertex 143.3 24 7.7
      vertex 132.70000000000002 24 7.7
    endloop
  endfacet
  facet normal 0 0.0830454798537399 0.9965457582448796
    outer loop
      vertex 132.70000000000002 12 8.7
      vertex 143.3 12 8.7
      vertex 143.3 24 7.7
    endloop
  endfacet
  facet normal 0 1 0
    outer loop
      vertex 132.70000000000002 24 6.758333333333335
      vertex 132.70000000000002 24 7.7
      vertex 143.3 24 7.6416666666666675
    endloop
  endfacet
  facet normal 0 1 0
    outer loop
      vertex 132.70000000000002 24 7.7
      vertex 143.3 24 7.7
      vertex 143.3 24 7.6416666666666675
    endloop
  endfacet
  facet normal 0 0 -1
    outer loop
      vertex 7.797039346402488e-7 24.000000779703935 0
      vertex 0.6954931164583879 24.695493116458387 0
      vertex 0.696482674129353 24 0
    endloop
  endfacet
  facet normal 0 0 -1
    outer loop
      vertex 0.696482674129353 24 0
      vertex 0.6954931164583879 24.695493116458387 0
      vertex 0.6999825870646765 24 0
    endloop
  endfacet
  facet normal 0 0 -1
    outer loop
      vertex 0.6999825870646765 24 0
      vertex 0.6954931164583879 24.695493116458387 0
      vertex 11.303482587064677 24 0
    endloop
  endfacet
  facet normal 0 0 -1
    outer loop
      vertex 0.6954931164583879 24.695493116458387 0
      vertex 11.3 35.3 0
      vertex 11.303482587064677 24 0
    endloop
  endfacet
  facet normal 0 0 -1
    outer loop
      vertex 0 30.02970223139879 0
      vertex 0 35.97259786880357 0
      vertex 0.6596865433485724 36 0
    endloop
  endfacet
  facet normal 0 0 -1
    outer loop
      vertex 0.6954931164583879 24.695493116458387 0
      vertex 0 30.02970223139879 0
      vertex 11.3 35.3 0
    endloop
  endfacet
  facet normal 0 0 -1
    outer loop
      vertex 0 30.02970223139879 0
      vertex 0.6596865433485724 36 0
      vertex 11.473252884936631 36 0
    endloop
  endfacet
  facet normal 0 0 -1
    outer loop
      vertex 0 30.02970223139879 0
      vertex 11.473252884936631 36 0
      vertex 11.3 35.3 0
    endloop
  endfacet
  facet normal 0 0 -1
    outer loop
      vertex 11.303482587064677 24 0
      vertex 11.3 35.3 0
      vertex 12 35.3401413982718 0
    endloop
  endfacet
  facet normal 0 0 -1
    outer loop
      vertex 11.3 35.3 0
      vertex 12 36 0
      vertex 12 35.3401413982718 0
    endloop
  endfacet
  facet normal 0 -1 0
    outer loop
      vertex 0.7 24 19.641666666666666
      vertex 11.3 24 19.7
      vertex 0.7 24 19.7
    endloop
  endfacet
  facet normal 0 -1 0
    outer loop
      vertex 0.7 24 19.641666666666666
      vertex 11.3 24 18.758333333333333
      vertex 11.3 24 19.7
    endloop
  endfacet
  facet normal 0 -0.08304547985373997 0.9965457582448797
    outer loop
      vertex 0.7 24 19.7
      vertex 11.3 24 19.7
      vertex 11.3 35.3 20.641666666666666
    endloop
  endfacet
  facet normal 1.3793672971598215e-18 -0.08304547985373997 0.9965457582448797
    outer loop
      vertex 0.7 24 19.7
      vertex 11.3 35.3 20.641666666666666
      vertex 0.7 35.3 20.641666666666666
    endloop
  endfacet
  facet normal 0 0 -1
    outer loop
      vertex 12.700000000000001 24 0
      vertex 12.700000000000001 24.700000000000003 0
      vertex 23.300199708449114 24 0
    endloop
  endfacet
  facet normal 0 0 -1
    outer loop
      vertex 12.700000000000001 24.700000000000003 0
      vertex 12 29.63499999999999 0
      vertex 12 35.3401413982718 0
    endloop
  endfacet
  facet normal 0 0 -1
    outer loop
      vertex 12 35.3401413982718 0
      vertex 12.05724800654263 36 0
      vertex 12.061150376519574 36 0
    endloop
  endfacet
  facet normal 0 0 -1
    outer loop
      vertex 12.700000000000001 24.700000000000003 0
      vertex 12 35.3401413982718 0
      vertex 23.299999999999997 35.3 0
    endloop
  endfacet
  facet normal 0 0 -1
    outer loop
      vertex 12 35.3401413982718 0
      vertex 12.061150376519574 36 0
      vertex 18.00000000000002 36 0
    endloop
  endfacet
  facet normal 0 0 -1
    outer loop
      vertex 12.700000000000001 24.700000000000003 0
      vertex 23.299999999999997 35.3 0
      vertex 23.300199708449114 24 0
    endloop
  endfacet
  facet normal 0 0 -1
    outer loop
      vertex 23.300199708449114 24 0
      vertex 23.299999999999997 35.3 0
      vertex 24 24.03 0
    endloop
  endfacet
  facet normal 0 0 -1
    outer loop
      vertex 12 35.3401413982718 0
      vertex 18.00000000000002 36 0
      vertex 23.299999999999997 35.3 0
    endloop
  endfacet
  facet normal 0 0 -1
    outer loop
      vertex 23.299999999999997 35.3 0
      vertex 18.00000000000002 36 0
      vertex 23.305419513619608 35.305419513619604 0
    endloop
  endfacet
  facet normal 0 0 -1
    outer loop
      vertex 24 24.03 0
      vertex 23.299999999999997 35.3 0
      vertex 24 35.3 0
    endloop
  endfacet
  facet normal 0.08304547985373992 0 0.9965457582448797
    outer loop
      vertex 12.700000000000001 24 17.641666666666666
      vertex 23.3 24.03 16.758333333333333
      vertex 12.700000000000001 35.3 17.641666666666666
    endloop
  endfacet
  facet normal 0.08304547985373993 -1.298904204825449e-16 0.9965457582448796
    outer loop
      vertex 12.700000000000001 24 17.641666666666666
      vertex 23.3 24 16.758333333333333
      vertex 23.3 24.03 16.758333333333333
    endloop
  endfacet
  facet normal 0.08304547985374036 4.330746971386555e-16 0.9965457582448796
    outer loop
      vertex 12.700000000000001 35.3 17.641666666666666
      vertex 23.3 24.03 16.758333333333333
      vertex 24 24.03 16.7
    endloop
  endfacet
  facet normal 1 0 0
    outer loop
      vertex 24 24.03 16.697499999999998
      vertex 24 35.3 16.7
      vertex 24 24.03 16.7
    endloop
  endfacet
  facet normal 0.08304547985373995 -4.865115355998484e-19 0.9965457582448797
    outer loop
      vertex 12.700000000000001 35.3 17.641666666666666
      vertex 24 24.03 16.7
      vertex 24 35.3 16.7
    endloop
  endfacet
  facet normal 1 0 0
    outer loop
      vertex 24 35.3 15.758333333333333
      vertex 24 35.3 16.7
      vertex 24 24.03 16.697499999999998
    endloop
  endfacet
  facet normal 0 0 -1
    outer loop
      vertex 24 24.03 0
      vertex 24 35.3 0
      vertex 24.03 24.03 0
    endloop
  endfacet
  facet normal 0 0 -1
    outer loop
      vertex 24 35.3 0
      vertex 24 35.30022438557433 0
      vertex 24.03 36 0
    endloop
  endfacet
  facet normal 0 0 -1
    outer loop
      vertex 24.03 24.03 0
      vertex 36 35.3 0
      vertex 24.69651741293532 24 0
    endloop
  endfacet
  facet normal 0 0 -1
    outer loop
      vertex 24.7 24 0
      vertex 24.69651741293532 24 0
      vertex 36 35.3 0
    endloop
  endfacet
  facet normal 0 0 -1
    outer loop
      vertex 24.7 24 0
      vertex 36 24.69989861111111 0
      vertex 35.36073059360731 24 0
    endloop
  endfacet
  facet normal 0 0 -1
    outer loop
      vertex 24.7 24 0
      vertex 36 35.3 0
      vertex 36 24.69989861111111 0
    endloop
  endfacet
  facet normal 0 0 -1
    outer loop
      vertex 24.03 24.03 0
      vertex 24 35.3 0
      vertex 35.97 35.97 0
    endloop
  endfacet
  facet normal 0 0 -1
    outer loop
      vertex 24 35.3 0
      vertex 24.03 36 0
      vertex 35.97 35.97 0
    endloop
  endfacet
  facet normal 0 0 -1
    outer loop
      vertex 24.03 24.03 0
      vertex 36 35.30348258706467 0
      vertex 36 35.3 0
    endloop
  endfacet
  facet normal 0 0 -1
    outer loop
      vertex 24.03 24.03 0
      vertex 35.97 35.97 0
      vertex 36 35.30348258706467 0
    endloop
  endfacet
  facet normal 0 0 -1
    outer loop
      vertex 24.03 36 0
      vertex 35.97 36 0
      vertex 35.97 35.97 0
    endloop
  endfacet
  facet normal 0 0.08304547985373986 0.9965457582448796
    outer loop
      vertex 24 35.3 15.758333333333333
      vertex 24 24.03 16.697499999999998
      vertex 24.03 35.3 15.758333333333333
    endloop
  endfacet
  facet normal 8.824982419199089e-20 0.08304547985373997 0.9965457582448797
    outer loop
      vertex 24.03 35.3 15.758333333333333
      vertex 35.97 36 15.7
      vertex 24.03 36 15.7
    endloop
  endfacet
  facet normal 0 0.08304547985373995 0.9965457582448797
    outer loop
      vertex 24.03 35.3 15.758333333333333
      vertex 35.97 24.7 16.641666666666666
      vertex 35.97 35.3 15.758333333333333
    endloop
  endfacet
  facet normal 0 0.08304547985373997 0.9965457582448797
    outer loop
      vertex 24.03 35.3 15.758333333333333
      vertex 35.97 35.3 15.758333333333333
      vertex 35.97 36 15.7
    endloop
  endfacet
  facet normal 0 1 0
    outer loop
      vertex 24.03 36 15.6975
      vertex 24.03 36 15.7
      vertex 35.97 36 15.7
    endloop
  endfacet
  facet normal 0 1 0
    outer loop
      vertex 24.03 36 15.6975
      vertex 35.97 36 15.7
      vertex 35.97 36 14.702499999999999
    endloop
  endfacet
  facet normal 0 0 -1
    outer loop
      vertex 35.36073059360731 24 0
      vertex 36 24.69989861111111 0
      vertex 36 24 0
    endloop
  endfacet
  facet normal 0 0.08304547985373995 0.9965457582448796
    outer loop
      vertex 36 35.3 15.758333333333333
      vertex 35.97 35.3 15.758333333333333
      vertex 36 24.7 16.641666666666666
    endloop
  endfacet
  facet normal 3.225247140003176e-17 0.08304547985373988 0.9965457582448797
    outer loop
      vertex 24.03 35.3 15.758333333333333
      vertex 24 24.03 16.697499999999998
      vertex 24.7 24.03 16.697499999999998
    endloop
  endfacet
  facet normal -1.5085627104405655e-20 0.08304547985377903 0.9965457582448763
    outer loop
      vertex 24.7 24 16.7
      vertex 35.3 24.03 16.697499999999998
      vertex 24.7 24.03 16.697499999999998
    endloop
  endfacet
  facet normal 2.129880186794548e-18 0.08304547985373986 0.9965457582448797
    outer loop
      vertex 24.03 35.3 15.758333333333333
      vertex 24.7 24.03 16.697499999999998
      vertex 35.3 24.03 16.697499999999998
    endloop
  endfacet
  facet normal 0 0.08304547985377903 0.9965457582448763
    outer loop
      vertex 24.7 24 16.7
      vertex 35.3 24 16.7
      vertex 35.3 24.03 16.697499999999998
    endloop
  endfacet
  facet normal 3.369661191048081e-17 0.08304547985373982 0.9965457582448797
    outer loop
      vertex 24.03 35.3 15.758333333333333
      vertex 35.3 24.03 16.697499999999998
      vertex 35.97 24.03 16.697499999999998
    endloop
  endfacet
  facet normal -1.0757311107009219e-15 0.08304547985373871 0.9965457582448797
    outer loop
      vertex 24.03 35.3 15.758333333333333
      vertex 35.97 24.03 16.697499999999998
      vertex 35.97 24.7 16.641666666666666
    endloop
  endfacet
  facet normal -7.793425228952696e-16 0.08304547985373995 0.9965457582448796
    outer loop
      vertex 35.97 35.3 15.758333333333333
      vertex 35.97 24.7 16.641666666666666
      vertex 36 24.7 16.641666666666666
    endloop
  endfacet
  facet normal 0 0 -1
    outer loop
      vertex 36.033529411764704 24.033529411764704 0
      vertex 36.69754118027038 24.69754118027038 0
      vertex 41.82623669482818 24 0
    endloop
  endfacet
  facet normal 0 0 -1
    outer loop
      vertex 36.69754118027038 24.69754118027038 0
      vertex 42 24 0
      vertex 41.82623669482818 24 0
    endloop
  endfacet
  facet normal 0 0 -1
    outer loop
      vertex 36 24.69989861111111 0
      vertex 36 35.3 0
      vertex 36.69754118027038 24.69754118027038 0
    endloop
  endfacet
  facet normal 0 0 -1
    outer loop
      vertex 36.69754118027038 24.69754118027038 0
      vertex 47.3 35.3 0
      vertex 42 24 0
    endloop
  endfacet
  facet normal 0 0 -1
    outer loop
      vertex 36.69754118027038 24.69754118027038 0
      vertex 36 35.3 0
      vertex 47.3 35.3 0
    endloop
  endfacet
  facet normal 0 0 -1
    outer loop
      vertex 42 24 0
      vertex 48 30.000000000000025 0
      vertex 48 24 0
    endloop
  endfacet
  facet normal 0 0 -1
    outer loop
      vertex 42 24 0
      vertex 47.3 35.3 0
      vertex 48 30.000000000000025 0
    endloop
  endfacet
  facet normal 0 0 -1
    outer loop
      vertex 48 30.000000000000025 0
      vertex 47.3 35.3 0
      vertex 48 35.93490966100388 0
    endloop
  endfacet
  facet normal -1 0 0
    outer loop
      vertex 36 24.7 16.641666666666666
      vertex 36 24.7 16.7
      vertex 36 35.3 16.7
    endloop
  endfacet
  facet normal -0.08304547985373997 0 0.9965457582448797
    outer loop
      vertex 36 24.7 16.7
      vertex 47.3 24.700000000000003 17.641666666666666
      vertex 36 35.3 16.7
    endloop
  endfacet
  facet normal -1 0 0
    outer loop
      vertex 36 35.3 15.758333333333333
      vertex 36 24.7 16.641666666666666
      vertex 36 35.3 16.7
    endloop
  endfacet
  facet normal -0.08304547985373997 1.3793672971598224e-18 0.9965457582448797
    outer loop
      vertex 36 35.3 16.7
      vertex 47.3 24.700000000000003 17.641666666666666
      vertex 47.3 35.3 17.641666666666666
    endloop
  endfacet
  facet normal 0 0 -1
    outer loop
      vertex 48.03326814918167 24.033268149181676 0
      vertex 48 30.000000000000025 0
      vertex 48.699999999999996 24.699999999999996 0
    endloop
  endfacet
  facet normal 0 0 -1
    outer loop
      vertex 48.699999999999996 24 0
      vertex 48.699999999999996 24.699999999999996 0
      vertex 59.301815920398006 24 0
    endloop
  endfacet
  facet normal 0 0 -1
    outer loop
      vertex 48.699999999999996 24.699999999999996 0
      vertex 48 30.000000000000025 0
      vertex 59.50684931506853 36 0
    endloop
  endfacet
  facet normal 0 0 -1
    outer loop
      vertex 48 30.000000000000025 0
      vertex 48 35.93490966100388 0
      vertex 59.50684931506853 36 0
    endloop
  endfacet
  facet normal 0 0 -1
    outer loop
      vertex 48 35.968333333333334 0
      vertex 59.50684931506853 36 0
      vertex 48 35.93490966100388 0
    endloop
  endfacet
  facet normal 0 0 -1
    outer loop
      vertex 48 35.968333333333334 0
      vertex 48.03 36 0
      vertex 59.50684931506853 36 0
    endloop
  endfacet
  facet normal 0 0 -1
    outer loop
      vertex 48.699999999999996 24.699999999999996 0
      vertex 59.3 35.3 0
      vertex 59.301815920398006 24 0
    endloop
  endfacet
  facet normal 0 0 -1
    outer loop
      vertex 48.699999999999996 24.699999999999996 0
      vertex 59.50684931506853 36 0
      vertex 59.3 35.3 0
    endloop
  endfacet
  facet normal 0 0 -1
    outer loop
      vertex 59.301815920398006 24 0
      vertex 59.3 35.3 0
      vertex 60 36 0
    endloop
  endfacet
  facet normal 0 -1 0
    outer loop
      vertex 48.699999999999996 24 13.641666666666666
      vertex 59.3 24 13.7
      vertex 48.699999999999996 24 13.7
    endloop
  endfacet
  facet normal 1.3793672971598215e-18 -0.08304547985373997 0.9965457582448797
    outer loop
      vertex 48.699999999999996 24 13.7
      vertex 59.3 35.3 14.641666666666666
      vertex 48.699999999999996 35.3 14.641666666666666
    endloop
  endfacet
  facet normal 0 -1 0
    outer loop
      vertex 48.699999999999996 24 13.641666666666666
      vertex 59.3 24 12.758333333333333
      vertex 59.3 24 13.7
    endloop
  endfacet
  facet normal 0 -0.08304547985373997 0.9965457582448797
    outer loop
      vertex 48.699999999999996 24 13.7
      vertex 59.3 24 13.7
      vertex 59.3 35.3 14.641666666666666
    endloop
  endfacet
  facet normal 0 0 -1
    outer loop
      vertex 60.699999999999996 24 0
      vertex 60.699999999999996 36 0
      vertex 71.30022221925137 24 0
    endloop
  endfacet
  facet normal 0 0 -1
    outer loop
      vertex 71.30022221925137 24 0
      vertex 72 35.3 0
      vertex 72 24.03 0
    endloop
  endfacet
  facet normal 0 0 -1
    outer loop
      vertex 71.30022221925137 24 0
      vertex 60.699999999999996 36 0
      vertex 72 35.3 0
    endloop
  endfacet
  facet normal 0 0 -1
    outer loop
      vertex 60.699999999999996 36 0
      vertex 71.97 35.97 0
      vertex 72 35.3 0
    endloop
  endfacet
  facet normal 0 0 -1
    outer loop
      vertex 71.97 35.97 0
      vertex 72 36 0
      vertex 72 35.3 0
    endloop
  endfacet
  facet normal 0 0 -1
    outer loop
      vertex 60.699999999999996 36 0
      vertex 71.30001639103841 36 0
      vertex 71.97 35.97 0
    endloop
  endfacet
  facet normal 0 0 -1
    outer loop
      vertex 71.303706972639 36 0
      vertex 71.97 35.97 0
      vertex 71.30001639103841 36 0
    endloop
  endfacet
  facet normal 0.08304547985373992 0 0.9965457582448797
    outer loop
      vertex 60.699999999999996 24 11.641666666666666
      vertex 71.3 24.03 10.758333333333333
      vertex 60.699999999999996 31.669798136645966 11.641666666666666
    endloop
  endfacet
  facet normal 0.08304547985373992 5.195616819301795e-16 0.9965457582448796
    outer loop
      vertex 60.699999999999996 24 11.641666666666666
      vertex 71.3 24 10.758333333333333
      vertex 71.3 24.03 10.758333333333333
    endloop
  endfacet
  facet normal 0.08304547985374004 9.268417001451129e-17 0.9965457582448797
    outer loop
      vertex 60.699999999999996 31.669798136645966 11.641666666666666
      vertex 71.3 24.03 10.758333333333333
      vertex 72 24.03 10.7
    endloop
  endfacet
  facet normal 0.08304547985373992 0 0.9965457582448797
    outer loop
      vertex 60.699999999999996 31.669798136645966 11.641666666666666
      vertex 71.3 35.97 10.758333333333333
      vertex 60.699999999999996 36 11.641666666666666
    endloop
  endfacet
  facet normal 0.08304547985373995 5.295362075868687e-17 0.9965457582448796
    outer loop
      vertex 60.699999999999996 31.669798136645966 11.641666666666666
      vertex 72 24.03 10.7
      vertex 71.97 35.3 10.702499999999999
    endloop
  endfacet
  facet normal 0.08304547985372043 -7.797442369263431e-21 0.9965457582448811
    outer loop
      vertex 71.97 35.3 10.702499999999999
      vertex 72 24.03 10.7
      vertex 72 35.3 10.7
    endloop
  endfacet
  facet normal 0.08304547985374093 -2.5506532271291284e-15 0.9965457582448795
    outer loop
      vertex 60.699999999999996 31.669798136645966 11.641666666666666
      vertex 71.97 35.97 10.702499999999999
      vertex 71.3 35.97 10.758333333333333
    endloop
  endfacet
  facet normal 0.08304547985374 2.7444921389056336e-17 0.9965457582448796
    outer loop
      vertex 60.699999999999996 31.669798136645966 11.641666666666666
      vertex 71.97 35.3 10.702499999999999
      vertex 71.97 35.97 10.702499999999999
    endloop
  endfacet
  facet normal 0.08304547985373992 5.195616819301795e-16 0.9965457582448796
    outer loop
      vertex 60.699999999999996 36 11.641666666666666
      vertex 71.3 35.97 10.758333333333333
      vertex 71.3 36 10.758333333333333
    endloop
  endfacet
  facet normal 1 0 0
    outer loop
      vertex 72 24.03 9.702499999999999
      vertex 72 35.3 10.641666666666666
      vertex 72 24.03 10.7
    endloop
  endfacet
  facet normal 1 0 0
    outer loop
      vertex 72 24.03 10.7
      vertex 72 35.3 10.641666666666666
      vertex 72 35.3 10.7
    endloop
  endfacet
  facet normal 0 0 -1
    outer loop
      vertex 72.03 24.03 0
      vertex 72 24.03 0
      vertex 72 35.3 0
    endloop
  endfacet
  facet normal 0 0 -1
    outer loop
      vertex 72.03 24.03 0
      vertex 83.3 35.3 0
      vertex 72.69651741293532 24 0
    endloop
  endfacet
  facet normal 0 0 -1
    outer loop
      vertex 72.7 24 0
      vertex 72.69651741293532 24 0
      vertex 83.3 35.3 0
    endloop
  endfacet
  facet normal 0 0 -1
    outer loop
      vertex 72.7 24 0
      vertex 84 24.699788439359082 0
      vertex 83.97 24 0
    endloop
  endfacet
  facet normal 0 0 -1
    outer loop
      vertex 72.7 24 0
      vertex 83.3 35.3 0
      vertex 84 24.699788439359082 0
    endloop
  endfacet
  facet normal 0 0 -1
    outer loop
      vertex 72.03 24.03 0
      vertex 72 35.3 0
      vertex 83.3 35.3 0
    endloop
  endfacet
  facet normal 0 0 -1
    outer loop
      vertex 84 24.699788439359082 0
      vertex 83.3 35.3 0
      vertex 84 35.30348258706468 0
    endloop
  endfacet
  facet normal 0 0 -1
    outer loop
      vertex 83.3 35.3 0
      vertex 83.97 35.97 0
      vertex 84 35.30348258706468 0
    endloop
  endfacet
  facet normal 0 -1 0
    outer loop
      vertex 72.7 24 9.641666666666666
      vertex 83.97 24 9.7
      vertex 72.7 24 9.7
    endloop
  endfacet
  facet normal -1.2475856662718513e-15 -0.08304547985372043 0.9965457582448811
    outer loop
      vertex 72.7 24 9.7
      vertex 83.97 24.7 9.758333333333333
      vertex 72.7 24.03 9.702499999999999
    endloop
  endfacet
  facet normal 0 -0.08304547985374001 0.9965457582448796
    outer loop
      vertex 72 24.03 9.702499999999999
      vertex 72.7 24.03 9.702499999999999
      vertex 72 35.3 10.641666666666666
    endloop
  endfacet
  facet normal 0 -1 0
    outer loop
      vertex 72.7 24 9.641666666666666
      vertex 83.97 24 8.702499999999999
      vertex 83.97 24 9.7
    endloop
  endfacet
  facet normal 0 -0.08304547985374038 0.9965457582448796
    outer loop
      vertex 72.7 24 9.7
      vertex 83.97 24 9.7
      vertex 83.97 24.7 9.758333333333333
    endloop
  endfacet
  facet normal -7.998374100731456e-17 -0.08304547985373993 0.9965457582448796
    outer loop
      vertex 72.7 24.03 9.702499999999999
      vertex 83.97 24.7 9.758333333333333
      vertex 84 35.3 10.641666666666666
    endloop
  endfacet
  facet normal 1.6527646328912673e-18 -0.08304547985374001 0.9965457582448796
    outer loop
      vertex 72.7 24.03 9.702499999999999
      vertex 84 35.3 10.641666666666666
      vertex 72 35.3 10.641666666666666
    endloop
  endfacet
  facet normal 0 -0.08304547985373995 0.9965457582448796
    outer loop
      vertex 84 24.7 9.758333333333333
      vertex 84 35.3 10.641666666666666
      vertex 83.97 24.7 9.758333333333333
    endloop
  endfacet
  facet normal 0 0 -1
    outer loop
      vertex 84 24.699788439359082 0
      vertex 84 35.30348258706468 0
      vertex 84.69488807381701 24.694888073817015 0
    endloop
  endfacet
  facet normal 0 0 -1
    outer loop
      vertex 84.69488807381701 24.694888073817015 0
      vertex 95.3 35.3 0
      vertex 90 24 0
    endloop
  endfacet
  facet normal 0 0 -1
    outer loop
      vertex 84.69488807381701 24.694888073817015 0
      vertex 84 35.30348258706468 0
      vertex 95.53209867198785 36 0
    endloop
  endfacet
  facet normal 0 0 -1
    outer loop
      vertex 84 35.30348258706468 0
      vertex 84 36 0
      vertex 95.53209867198785 36 0
    endloop
  endfacet
  facet normal 0 0 -1
    outer loop
      vertex 90 24 0
      vertex 96 29.99999999999998 0
      vertex 95.32086186115826 24 0
    endloop
  endfacet
  facet normal 0 0 -1
    outer loop
      vertex 95.32086186115826 24 0
      vertex 96 29.99999999999998 0
      vertex 95.636815920398 24 0
    endloop
  endfacet
  facet normal 0 0 -1
    outer loop
      vertex 84.69488807381701 24.694888073817015 0
      vertex 95.53209867198785 36 0
      vertex 95.3 35.3 0
    endloop
  endfacet
  facet normal 0 0 -1
    outer loop
      vertex 90 24 0
      vertex 95.3 35.3 0
      vertex 96 29.99999999999998 0
    endloop
  endfacet
  facet normal 0 0 -1
    outer loop
      vertex 96 29.99999999999998 0
      vertex 95.3 35.3 0
      vertex 96 36 0
    endloop
  endfacet
  facet normal -1 0 0
    outer loop
      vertex 84 24.7 9.758333333333333
      vertex 84 24.7 10.7
      vertex 84 35.3 10.641666666666666
    endloop
  endfacet
  facet normal -0.08304547985373997 0 0.9965457582448797
    outer loop
      vertex 84 24.7 10.7
      vertex 95.3 24.700000000000003 11.641666666666666
      vertex 84 35.3 10.7
    endloop
  endfacet
  facet normal -1 0 0
    outer loop
      vertex 84 24.7 10.7
      vertex 84 35.3 10.7
      vertex 84 35.3 10.641666666666666
    endloop
  endfacet
  facet normal -0.08304547985373997 1.3793672971598224e-18 0.9965457582448797
    outer loop
      vertex 84 35.3 10.7
      vertex 95.3 24.700000000000003 11.641666666666666
      vertex 95.3 35.3 11.641666666666666
    endloop
  endfacet
  facet normal 0 0 -1
    outer loop
      vertex 96.335 24 0
      vertex 96.7 24.700000000000003 0
      vertex 96.7 24 0
    endloop
  endfacet
  facet normal 0 0 -1
    outer loop
      vertex 96.7 24.700000000000003 0
      vertex 99.56456981876181 27.148477628999885 0
      vertex 99.79580530390322 26.966186271093946 0
    endloop
  endfacet
  facet normal 0 0 -1
    outer loop
      vertex 96.7 24.700000000000003 0
      vertex 99.14847762899988 27.56456981876181 0
      vertex 99.34834957055045 27.348349570550447 0
    endloop
  endfacet
  facet normal 0 0 -1
    outer loop
      vertex 96.7 24.700000000000003 0
      vertex 98.96618627109395 27.795805303903226 0
      vertex 99.14847762899988 27.56456981876181 0
    endloop
  endfacet
  facet normal 0 0 -1
    outer loop
      vertex 96.7 24.700000000000003 0
      vertex 99.34834957055045 27.348349570550447 0
      vertex 99.56456981876181 27.148477628999885 0
    endloop
  endfacet
  facet normal 0 0 -1
    outer loop
      vertex 96.7 24.700000000000003 0
      vertex 99.79580530390322 26.966186271093946 0
      vertex 100.04063038231519 26.802599383672153 0
    endloop
  endfacet
  facet normal 0 0 -1
    outer loop
      vertex 96.7 24.700000000000003 0
      vertex 100.04063038231519 26.802599383672153 0
      vertex 100.29753562597669 26.65872553429362 0
    endloop
  endfacet
  facet normal 0 0 -1
    outer loop
      vertex 96.7 24.700000000000003 0
      vertex 100.29753562597669 26.65872553429362 0
      vertex 100.56493712863092 26.535451753082675 0
    endloop
  endfacet
  facet normal 0 0 -1
    outer loop
      vertex 96.7 24.700000000000003 0
      vertex 98.65872553429362 28.2975356259767 0
      vertex 98.80259938367216 28.040630382315193 0
    endloop
  endfacet
  facet normal 0 0 -1
    outer loop
      vertex 96.7 24.700000000000003 0
      vertex 98.53545175308267 28.564937128630913 0
      vertex 98.65872553429362 28.2975356259767 0
    endloop
  endfacet
  facet normal 0 0 -1
    outer loop
      vertex 96.7 24.700000000000003 0
      vertex 98.43353806389318 28.841186271093946 0
      vertex 98.53545175308267 28.564937128630913 0
    endloop
  endfacet
  facet normal 0 0 -1
    outer loop
      vertex 96.7 24.700000000000003 0
      vertex 98.3536127985087 29.124579885540356 0
      vertex 98.43353806389318 28.841186271093946 0
    endloop
  endfacet
  facet normal 0 0 -1
    outer loop
      vertex 96.7 24.700000000000003 0
      vertex 98.29616872276823 29.413370756099134 0
      vertex 98.3536127985087 29.124579885540356 0
    endloop
  endfacet
  facet normal 0 0 -1
    outer loop
      vertex 96.7 24.700000000000003 0
      vertex 98.26155999850077 29.70577839102058 0
      vertex 98.29616872276823 29.413370756099134 0
    endloop
  endfacet
  facet normal 0 0 -1
    outer loop
      vertex 96.7 24.700000000000003 0
      vertex 98.25 30 0
      vertex 98.26155999850077 29.70577839102058 0
    endloop
  endfacet
  facet normal 0 0 -1
    outer loop
      vertex 96.7 24.700000000000003 0
      vertex 98.80259938367216 28.040630382315193 0
      vertex 98.96618627109395 27.795805303903226 0
    endloop
  endfacet
  facet normal 0 0 -1
    outer loop
      vertex 96.7 24.700000000000003 0
      vertex 98.26155999850077 30.29422160897942 0
      vertex 98.25 30 0
    endloop
  endfacet
  facet normal 0 0 -1
    outer loop
      vertex 96.7 24.700000000000003 0
      vertex 98.29616872276823 30.586629243900866 0
      vertex 98.26155999850077 30.29422160897942 0
    endloop
  endfacet
  facet normal 0 0 -1
    outer loop
      vertex 96.7 24.700000000000003 0
      vertex 98.3536127985087 30.875420114459644 0
      vertex 98.29616872276823 30.586629243900866 0
    endloop
  endfacet
  facet normal 0 0 1
    outer loop
      vertex 96.7 24.025900621118012 2.2
      vertex 100.04063038231519 26.802599383672153 2.2
      vertex 99.79580530390322 26.966186271093946 2.2
    endloop
  endfacet
  facet normal 0 0 1
    outer loop
      vertex 96.7 24.025900621118012 2.2
      vertex 100.56493712863092 26.535451753082675 2.2
      vertex 100.29753562597669 26.65872553429362 2.2
    endloop
  endfacet
  facet normal 0 0 1
    outer loop
      vertex 96.7 24.025900621118012 2.2
      vertex 100.29753562597669 26.65872553429362 2.2
      vertex 100.04063038231519 26.802599383672153 2.2
    endloop
  endfacet
  facet normal 0 0 1
    outer loop
      vertex 96.7 24.025900621118012 2.2
      vertex 99.34834957055045 27.348349570550447 2.2
      vertex 99.14847762899988 27.56456981876181 2.2
    endloop
  endfacet
  facet normal 0 0 1
    outer loop
      vertex 96.7 24.025900621118012 2.2
      vertex 99.79580530390322 26.966186271093946 2.2
      vertex 99.56456981876181 27.148477628999885 2.2
    endloop
  endfacet
  facet normal 0 0 1
    outer loop
      vertex 96.7 24.025900621118012 2.2
      vertex 99.56456981876181 27.148477628999885 2.2
      vertex 99.34834957055045 27.348349570550447 2.2
    endloop
  endfacet
  facet normal 0 0 1
    outer loop
      vertex 96.7 24.025900621118012 2.2
      vertex 99.14847762899988 27.56456981876181 2.2
      vertex 98.96618627109395 27.795805303903226 2.2
    endloop
  endfacet
  facet normal 0 0 1
    outer loop
      vertex 96.7 24.025900621118012 2.2
      vertex 98.96618627109395 27.795805303903226 2.2
      vertex 98.80259938367216 28.040630382315193 2.2
    endloop
  endfacet
  facet normal 0 0 1
    outer loop
      vertex 96.7 24.025900621118012 2.2
      vertex 98.80259938367216 28.040630382315193 2.2
      vertex 98.65872553429362 28.2975356259767 2.2
    endloop
  endfacet
  facet normal 0 0 1
    outer loop
      vertex 96.7 24.025900621118012 2.2
      vertex 98.65872553429362 28.2975356259767 2.2
      vertex 98.53545175308267 28.564937128630913 2.2
    endloop
  endfacet
  facet normal 0 0 1
    outer loop
      vertex 96.7 24.025900621118012 2.2
      vertex 98.43353806389318 28.841186271093946 2.2
      vertex 98.3536127985087 29.124579885540356 2.2
    endloop
  endfacet
  facet normal 0 0 1
    outer loop
      vertex 96.7 24.025900621118012 2.2
      vertex 98.53545175308267 28.564937128630913 2.2
      vertex 98.43353806389318 28.841186271093946 2.2
    endloop
  endfacet
  facet normal 0 0 1
    outer loop
      vertex 96.7 24.025900621118012 2.2
      vertex 98.3536127985087 29.124579885540356 2.2
      vertex 96.7 36 2.2
    endloop
  endfacet
  facet normal 0 0 -1
    outer loop
      vertex 96.7 24.700000000000003 0
      vertex 96.7 36 0
      vertex 98.3536127985087 30.875420114459644 0
    endloop
  endfacet
  facet normal 0 0 -1
    outer loop
      vertex 96.7 36 0
      vertex 98.43353806389318 31.158813728906054 0
      vertex 98.3536127985087 30.875420114459644 0
    endloop
  endfacet
  facet normal 0 0 -1
    outer loop
      vertex 96.7 36 0
      vertex 98.53545175308267 31.435062871369087 0
      vertex 98.43353806389318 31.158813728906054 0
    endloop
  endfacet
  facet normal 0 0 -1
    outer loop
      vertex 96.7 36 0
      vertex 98.65872553429362 31.7024643740233 0
      vertex 98.53545175308267 31.435062871369087 0
    endloop
  endfacet
  facet normal 0 0 -1
    outer loop
      vertex 96.7 36 0
      vertex 98.80259938367216 31.959369617684807 0
      vertex 98.65872553429362 31.7024643740233 0
    endloop
  endfacet
  facet normal 0 0 -1
    outer loop
      vertex 96.7 36 0
      vertex 98.96618627109395 32.20419469609678 0
      vertex 98.80259938367216 31.959369617684807 0
    endloop
  endfacet
  facet normal 0 0 -1
    outer loop
      vertex 96.7 36 0
      vertex 99.14847762899988 32.43543018123819 0
      vertex 98.96618627109395 32.20419469609678 0
    endloop
  endfacet
  facet normal 0 0 -1
    outer loop
      vertex 96.7 36 0
      vertex 99.34834957055045 32.65165042944955 0
      vertex 99.14847762899988 32.43543018123819 0
    endloop
  endfacet
  facet normal 0 0 -1
    outer loop
      vertex 96.7 36 0
      vertex 99.56456981876181 32.851522371000115 0
      vertex 99.34834957055045 32.65165042944955 0
    endloop
  endfacet
  facet normal 0 0 -1
    outer loop
      vertex 96.7 36 0
      vertex 99.79580530390322 33.033813728906054 0
      vertex 99.56456981876181 32.851522371000115 0
    endloop
  endfacet
  facet normal 0 0 -1
    outer loop
      vertex 96.7 36 0
      vertex 100.04063038231519 33.19740061632785 0
      vertex 99.79580530390322 33.033813728906054 0
    endloop
  endfacet
  facet normal 0 0 -1
    outer loop
      vertex 96.7 36 0
      vertex 100.29753562597669 33.34127446570638 0
      vertex 100.04063038231519 33.19740061632785 0
    endloop
  endfacet
  facet normal 0 0 -1
    outer loop
      vertex 96.7 36 0
      vertex 100.56493712863092 33.464548246917325 0
      vertex 100.29753562597669 33.34127446570638 0
    endloop
  endfacet
  facet normal 0 0 1
    outer loop
      vertex 96.7 36 2.2
      vertex 98.3536127985087 29.124579885540356 2.2
      vertex 98.29616872276823 29.413370756099134 2.2
    endloop
  endfacet
  facet normal 0 0 1
    outer loop
      vertex 96.7 36 2.2
      vertex 98.29616872276823 29.413370756099134 2.2
      vertex 98.26155999850077 29.70577839102058 2.2
    endloop
  endfacet
  facet normal 0 0 1
    outer loop
      vertex 96.7 36 2.2
      vertex 98.26155999850077 29.70577839102058 2.2
      vertex 98.25 30 2.2
    endloop
  endfacet
  facet normal 0 0 1
    outer loop
      vertex 96.7 36 2.2
      vertex 98.25 30 2.2
      vertex 98.26155999850077 30.29422160897942 2.2
    endloop
  endfacet
  facet normal 0 0 1
    outer loop
      vertex 96.7 36 2.2
      vertex 98.26155999850077 30.29422160897942 2.2
      vertex 98.29616872276823 30.586629243900866 2.2
    endloop
  endfacet
  facet normal 0 0 1
    outer loop
      vertex 96.7 36 2.2
      vertex 98.29616872276823 30.586629243900866 2.2
      vertex 98.3536127985087 30.875420114459644 2.2
    endloop
  endfacet
  facet normal 0 0 1
    outer loop
      vertex 96.7 36 2.2
      vertex 98.3536127985087 30.875420114459644 2.2
      vertex 98.43353806389318 31.158813728906054 2.2
    endloop
  endfacet
  facet normal 0 0 1
    outer loop
      vertex 96.7 36 2.2
      vertex 98.43353806389318 31.158813728906054 2.2
      vertex 98.53545175308267 31.435062871369087 2.2
    endloop
  endfacet
  facet normal 0 0 1
    outer loop
      vertex 96.7 36 2.2
      vertex 98.53545175308267 31.435062871369087 2.2
      vertex 98.65872553429362 31.7024643740233 2.2
    endloop
  endfacet
  facet normal 0 0 1
    outer loop
      vertex 96.7 36 2.2
      vertex 98.65872553429362 31.7024643740233 2.2
      vertex 98.80259938367216 31.959369617684807 2.2
    endloop
  endfacet
  facet normal 0 0 1
    outer loop
      vertex 96.7 36 2.2
      vertex 98.80259938367216 31.959369617684807 2.2
      vertex 98.96618627109395 32.20419469609678 2.2
    endloop
  endfacet
  facet normal 0 0 1
    outer loop
      vertex 96.7 36 2.2
      vertex 98.96618627109395 32.20419469609678 2.2
      vertex 99.14847762899988 32.43543018123819 2.2
    endloop
  endfacet
  facet normal 0 0 1
    outer loop
      vertex 96.7 36 2.2
      vertex 99.14847762899988 32.43543018123819 2.2
      vertex 99.34834957055045 32.65165042944955 2.2
    endloop
  endfacet
  facet normal 0 0 1
    outer loop
      vertex 96.7 36 2.2
      vertex 99.34834957055045 32.65165042944955 2.2
      vertex 99.56456981876181 32.851522371000115 2.2
    endloop
  endfacet
  facet normal 0 0 1
    outer loop
      vertex 96.7 36 2.2
      vertex 99.56456981876181 32.851522371000115 2.2
      vertex 99.79580530390322 33.033813728906054 2.2
    endloop
  endfacet
  facet normal 0 0 1
    outer loop
      vertex 96.7 36 2.2
      vertex 99.79580530390322 33.033813728906054 2.2
      vertex 100.04063038231519 33.19740061632785 2.2
    endloop
  endfacet
  facet normal 0 0 1
    outer loop
      vertex 96.7 36 2.2
      vertex 100.04063038231519 33.19740061632785 2.2
      vertex 100.29753562597669 33.34127446570638 2.2
    endloop
  endfacet
  facet normal 0 0 1
    outer loop
      vertex 96.7 36 2.2
      vertex 100.29753562597669 33.34127446570638 2.2
      vertex 100.56493712863092 33.464548246917325 2.2
    endloop
  endfacet
  facet normal 0 0 -1
    outer loop
      vertex 96.7 24 0
      vertex 96.7 24.700000000000003 0
      vertex 107.30348258706468 24 0
    endloop
  endfacet
  facet normal 0 0 -1
    outer loop
      vertex 96.7 24.700000000000003 0
      vertex 100.56493712863092 26.535451753082675 0
      vertex 100.84118627109395 26.433538063893174 0
    endloop
  endfacet
  facet normal 0 0 -1
    outer loop
      vertex 96.7 24.700000000000003 0
      vertex 100.84118627109395 26.433538063893174 0
      vertex 101.12457988554036 26.353612798508713 0
    endloop
  endfacet
  facet normal 0 0 -1
    outer loop
      vertex 96.7 24.700000000000003 0
      vertex 101.12457988554036 26.353612798508713 0
      vertex 107.30348258706468 24 0
    endloop
  endfacet
  facet normal 0 0 -1
    outer loop
      vertex 107.30348258706468 24 0
      vertex 101.12457988554036 26.353612798508713 0
      vertex 101.41337075609914 26.296168722768233 0
    endloop
  endfacet
  facet normal 0 0 -1
    outer loop
      vertex 107.30348258706468 24 0
      vertex 101.41337075609914 26.296168722768233 0
      vertex 101.70577839102059 26.261559998500772 0
    endloop
  endfacet
  facet normal 0 0 -1
    outer loop
      vertex 107.30348258706468 24 0
      vertex 101.70577839102059 26.261559998500772 0
      vertex 102 26.25 0
    endloop
  endfacet
  facet normal 0 0 -1
    outer loop
      vertex 107.30348258706468 24 0
      vertex 102 26.25 0
      vertex 102.29422160897941 26.261559998500772 0
    endloop
  endfacet
  facet normal 0 0 -1
    outer loop
      vertex 107.30348258706468 24 0
      vertex 102.29422160897941 26.261559998500772 0
      vertex 102.58662924390086 26.296168722768233 0
    endloop
  endfacet
  facet normal 0 0 -1
    outer loop
      vertex 107.30348258706468 24 0
      vertex 102.58662924390086 26.296168722768233 0
      vertex 102.87542011445964 26.353612798508713 0
    endloop
  endfacet
  facet normal 0 0 -1
    outer loop
      vertex 107.30348258706468 24 0
      vertex 102.87542011445964 26.353612798508713 0
      vertex 103.15881372890605 26.433538063893174 0
    endloop
  endfacet
  facet normal 0 0 -1
    outer loop
      vertex 107.30348258706468 24 0
      vertex 103.15881372890605 26.433538063893174 0
      vertex 103.43506287136908 26.535451753082675 0
    endloop
  endfacet
  facet normal 0 0 -1
    outer loop
      vertex 107.30348258706468 24 0
      vertex 103.43506287136908 26.535451753082675 0
      vertex 103.70246437402331 26.65872553429362 0
    endloop
  endfacet
  facet normal 0 0 -1
    outer loop
      vertex 107.30348258706468 24 0
      vertex 103.70246437402331 26.65872553429362 0
      vertex 103.95936961768481 26.802599383672153 0
    endloop
  endfacet
  facet normal 0 0 -1
    outer loop
      vertex 107.30348258706468 24 0
      vertex 103.95936961768481 26.802599383672153 0
      vertex 104.20419469609678 26.966186271093946 0
    endloop
  endfacet
  facet normal 0 0 -1
    outer loop
      vertex 107.30348258706468 24 0
      vertex 104.20419469609678 26.966186271093946 0
      vertex 104.43543018123819 27.148477628999885 0
    endloop
  endfacet
  facet normal 0 0 -1
    outer loop
      vertex 107.30348258706468 24 0
      vertex 104.43543018123819 27.148477628999885 0
      vertex 104.65165042944955 27.348349570550447 0
    endloop
  endfacet
  facet normal 0 0 -1
    outer loop
      vertex 107.30348258706468 24 0
      vertex 104.65165042944955 27.348349570550447 0
      vertex 104.85152237100012 27.56456981876181 0
    endloop
  endfacet
  facet normal 0 0 -1
    outer loop
      vertex 107.30348258706468 24 0
      vertex 104.85152237100012 27.56456981876181 0
      vertex 105.03381372890605 27.795805303903226 0
    endloop
  endfacet
  facet normal 0 0 -1
    outer loop
      vertex 107.30348258706468 24 0
      vertex 105.03381372890605 27.795805303903226 0
      vertex 105.19740061632784 28.040630382315193 0
    endloop
  endfacet
  facet normal 0 0 -1
    outer loop
      vertex 107.30348258706468 24 0
      vertex 105.19740061632784 28.040630382315193 0
      vertex 105.34127446570638 28.2975356259767 0
    endloop
  endfacet
  facet normal 0 0 -1
    outer loop
      vertex 107.30348258706468 24 0
      vertex 105.34127446570638 28.2975356259767 0
      vertex 105.46454824691733 28.564937128630913 0
    endloop
  endfacet
  facet normal 0 0 -1
    outer loop
      vertex 107.30348258706468 24 0
      vertex 105.46454824691733 28.564937128630913 0
      vertex 105.56646193610682 28.841186271093946 0
    endloop
  endfacet
  facet normal 0 0 -1
    outer loop
      vertex 107.30348258706468 24 0
      vertex 105.56646193610682 28.841186271093946 0
      vertex 105.6463872014913 29.124579885540356 0
    endloop
  endfacet
  facet normal 0 0 -1
    outer loop
      vertex 107.30348258706468 24 0
      vertex 105.6463872014913 29.124579885540356 0
      vertex 107.3 35.3 0
    endloop
  endfacet
  facet normal 0 0 1
    outer loop
      vertex 96.7 24 2.2
      vertex 107.3 24 2.2
      vertex 96.7 24.025900621118012 2.2
    endloop
  endfacet
  facet normal 0 0 1
    outer loop
      vertex 96.7 24.025900621118012 2.2
      vertex 100.84118627109395 26.433538063893174 2.2
      vertex 100.56493712863092 26.535451753082675 2.2
    endloop
  endfacet
  facet normal 0 0 1
    outer loop
      vertex 96.7 24.025900621118012 2.2
      vertex 101.12457988554036 26.353612798508713 2.2
      vertex 100.84118627109395 26.433538063893174 2.2
    endloop
  endfacet
  facet normal 0 0 1
    outer loop
      vertex 96.7 24.025900621118012 2.2
      vertex 107.3 24 2.2
      vertex 101.12457988554036 26.353612798508713 2.2
    endloop
  endfacet
  facet normal 0 0 1
    outer loop
      vertex 107.3 24 2.2
      vertex 101.41337075609914 26.296168722768233 2.2
      vertex 101.12457988554036 26.353612798508713 2.2
    endloop
  endfacet
  facet normal 0 0 1
    outer loop
      vertex 107.3 24 2.2
      vertex 101.70577839102059 26.261559998500772 2.2
      vertex 101.41337075609914 26.296168722768233 2.2
    endloop
  endfacet
  facet normal 0 0 1
    outer loop
      vertex 107.3 24 2.2
      vertex 102 26.25 2.2
      vertex 101.70577839102059 26.261559998500772 2.2
    endloop
  endfacet
  facet normal 0 0 1
    outer loop
      vertex 107.3 24 2.2
      vertex 102.29422160897941 26.261559998500772 2.2
      vertex 102 26.25 2.2
    endloop
  endfacet
  facet normal 0 0 1
    outer loop
      vertex 107.3 24 2.2
      vertex 102.58662924390086 26.296168722768233 2.2
      vertex 102.29422160897941 26.261559998500772 2.2
    endloop
  endfacet
  facet normal 0 0 1
    outer loop
      vertex 107.3 24 2.2
      vertex 102.87542011445964 26.353612798508713 2.2
      vertex 102.58662924390086 26.296168722768233 2.2
    endloop
  endfacet
  facet normal 0 0 1
    outer loop
      vertex 107.3 24 2.2
      vertex 103.15881372890605 26.433538063893174 2.2
      vertex 102.87542011445964 26.353612798508713 2.2
    endloop
  endfacet
  facet normal 0 0 1
    outer loop
      vertex 107.3 24 2.2
      vertex 103.43506287136908 26.535451753082675 2.2
      vertex 103.15881372890605 26.433538063893174 2.2
    endloop
  endfacet
  facet normal 0 0 1
    outer loop
      vertex 107.3 24 2.2
      vertex 103.70246437402331 26.65872553429362 2.2
      vertex 103.43506287136908 26.535451753082675 2.2
    endloop
  endfacet
  facet normal 0 0 1
    outer loop
      vertex 107.3 24 2.2
      vertex 103.95936961768481 26.802599383672153 2.2
      vertex 103.70246437402331 26.65872553429362 2.2
    endloop
  endfacet
  facet normal 0 0 1
    outer loop
      vertex 107.3 24 2.2
      vertex 104.20419469609678 26.966186271093946 2.2
      vertex 103.95936961768481 26.802599383672153 2.2
    endloop
  endfacet
  facet normal 0 0 1
    outer loop
      vertex 107.3 24 2.2
      vertex 104.43543018123819 27.148477628999885 2.2
      vertex 104.20419469609678 26.966186271093946 2.2
    endloop
  endfacet
  facet normal 0 0 1
    outer loop
      vertex 107.3 24 2.2
      vertex 104.65165042944955 27.348349570550447 2.2
      vertex 104.43543018123819 27.148477628999885 2.2
    endloop
  endfacet
  facet normal 0 0 1
    outer loop
      vertex 107.3 24 2.2
      vertex 104.85152237100012 27.56456981876181 2.2
      vertex 104.65165042944955 27.348349570550447 2.2
    endloop
  endfacet
  facet normal 0 0 1
    outer loop
      vertex 107.3 24 2.2
      vertex 105.03381372890605 27.795805303903226 2.2
      vertex 104.85152237100012 27.56456981876181 2.2
    endloop
  endfacet
  facet normal 0 0 1
    outer loop
      vertex 107.3 24 2.2
      vertex 105.19740061632784 28.040630382315193 2.2
      vertex 105.03381372890605 27.795805303903226 2.2
    endloop
  endfacet
  facet normal 0 0 1
    outer loop
      vertex 107.3 24 2.2
      vertex 105.34127446570638 28.2975356259767 2.2
      vertex 105.19740061632784 28.040630382315193 2.2
    endloop
  endfacet
  facet normal 0 0 1
    outer loop
      vertex 107.3 24 2.2
      vertex 105.46454824691733 28.564937128630913 2.2
      vertex 105.34127446570638 28.2975356259767 2.2
    endloop
  endfacet
  facet normal 0 0 1
    outer loop
      vertex 107.3 24 2.2
      vertex 105.56646193610682 28.841186271093946 2.2
      vertex 105.46454824691733 28.564937128630913 2.2
    endloop
  endfacet
  facet normal 0 0 1
    outer loop
      vertex 107.3 24 2.2
      vertex 105.6463872014913 29.124579885540356 2.2
      vertex 105.56646193610682 28.841186271093946 2.2
    endloop
  endfacet
  facet normal 0 0 1
    outer loop
      vertex 107.3 24 2.2
      vertex 105.70383127723177 29.413370756099134 2.2
      vertex 105.6463872014913 29.124579885540356 2.2
    endloop
  endfacet
  facet normal 0 0 1
    outer loop
      vertex 107.3 24 2.2
      vertex 105.73844000149923 29.70577839102058 2.2
      vertex 105.70383127723177 29.413370756099134 2.2
    endloop
  endfacet
  facet normal 0 0 1
    outer loop
      vertex 107.3 24 2.2
      vertex 105.75 30 2.2
      vertex 105.73844000149923 29.70577839102058 2.2
    endloop
  endfacet
  facet normal 0 0 1
    outer loop
      vertex 107.3 24 2.2
      vertex 105.73844000149923 30.29422160897942 2.2
      vertex 105.75 30 2.2
    endloop
  endfacet
  facet normal 0 0 1
    outer loop
      vertex 107.3 24 2.2
      vertex 105.70383127723177 30.586629243900866 2.2
      vertex 105.73844000149923 30.29422160897942 2.2
    endloop
  endfacet
  facet normal 0 0 1
    outer loop
      vertex 107.3 24 2.2
      vertex 105.6463872014913 30.875420114459644 2.2
      vertex 105.70383127723177 30.586629243900866 2.2
    endloop
  endfacet
  facet normal 0 0 -1
    outer loop
      vertex 96.7 36 0
      vertex 100.84118627109395 33.566461936106826 0
      vertex 100.56493712863092 33.464548246917325 0
    endloop
  endfacet
  facet normal 0 0 -1
    outer loop
      vertex 96.7 36 0
      vertex 101.12457988554036 33.64638720149129 0
      vertex 100.84118627109395 33.566461936106826 0
    endloop
  endfacet
  facet normal 0 0 -1
    outer loop
      vertex 96.7 36 0
      vertex 101.41337075609914 33.703831277231764 0
      vertex 101.12457988554036 33.64638720149129 0
    endloop
  endfacet
  facet normal 0 0 -1
    outer loop
      vertex 96.7 36 0
      vertex 101.70577839102059 33.73844000149923 0
      vertex 101.41337075609914 33.703831277231764 0
    endloop
  endfacet
  facet normal 0 0 -1
    outer loop
      vertex 96.7 36 0
      vertex 102 33.75 0
      vertex 101.70577839102059 33.73844000149923 0
    endloop
  endfacet
  facet normal 0 0 -1
    outer loop
      vertex 96.7 36 0
      vertex 102.29422160897941 33.73844000149923 0
      vertex 102 33.75 0
    endloop
  endfacet
  facet normal 0 0 -1
    outer loop
      vertex 96.7 36 0
      vertex 102.58662924390086 33.703831277231764 0
      vertex 102.29422160897941 33.73844000149923 0
    endloop
  endfacet
  facet normal 0 0 -1
    outer loop
      vertex 96.7 36 0
      vertex 102.87542011445964 33.64638720149129 0
      vertex 102.58662924390086 33.703831277231764 0
    endloop
  endfacet
  facet normal 0 0 -1
    outer loop
      vertex 107.3 35.3 0
      vertex 102.87542011445964 33.64638720149129 0
      vertex 96.7 36 0
    endloop
  endfacet
  facet normal 0 0 -1
    outer loop
      vertex 107.3 35.3 0
      vertex 96.7 36 0
      vertex 107.3 36 0
    endloop
  endfacet
  facet normal 0 0 -1
    outer loop
      vertex 107.3 35.3 0
      vertex 105.6463872014913 29.124579885540356 0
      vertex 105.70383127723177 29.413370756099134 0
    endloop
  endfacet
  facet normal 0 0 -1
    outer loop
      vertex 107.3 35.3 0
      vertex 105.70383127723177 29.413370756099134 0
      vertex 105.73844000149923 29.70577839102058 0
    endloop
  endfacet
  facet normal 0 0 -1
    outer loop
      vertex 107.3 35.3 0
      vertex 105.73844000149923 29.70577839102058 0
      vertex 105.75 30 0
    endloop
  endfacet
  facet normal 0 0 -1
    outer loop
      vertex 107.3 35.3 0
      vertex 105.75 30 0
      vertex 105.73844000149923 30.29422160897942 0
    endloop
  endfacet
  facet normal 0 0 -1
    outer loop
      vertex 107.3 35.3 0
      vertex 105.73844000149923 30.29422160897942 0
      vertex 105.70383127723177 30.586629243900866 0
    endloop
  endfacet
  facet normal 0 0 -1
    outer loop
      vertex 107.3 35.3 0
      vertex 105.70383127723177 30.586629243900866 0
      vertex 105.6463872014913 30.875420114459644 0
    endloop
  endfacet
  facet normal 0 0 -1
    outer loop
      vertex 107.3 35.3 0
      vertex 105.6463872014913 30.875420114459644 0
      vertex 105.56646193610682 31.158813728906054 0
    endloop
  endfacet
  facet normal 0 0 -1
    outer loop
      vertex 107.3 35.3 0
      vertex 105.56646193610682 31.158813728906054 0
      vertex 105.46454824691733 31.435062871369087 0
    endloop
  endfacet
  facet normal 0 0 -1
    outer loop
      vertex 107.3 35.3 0
      vertex 103.43506287136908 33.464548246917325 0
      vertex 103.15881372890605 33.566461936106826 0
    endloop
  endfacet
  facet normal 0 0 -1
    outer loop
      vertex 107.3 35.3 0
      vertex 103.15881372890605 33.566461936106826 0
      vertex 102.87542011445964 33.64638720149129 0
    endloop
  endfacet
  facet normal 0 0 -1
    outer loop
      vertex 107.3 35.3 0
      vertex 103.70246437402331 33.34127446570638 0
      vertex 103.43506287136908 33.464548246917325 0
    endloop
  endfacet
  facet normal 0 0 -1
    outer loop
      vertex 107.3 35.3 0
      vertex 105.46454824691733 31.435062871369087 0
      vertex 105.34127446570638 31.7024643740233 0
    endloop
  endfacet
  facet normal 0 0 -1
    outer loop
      vertex 107.3 35.3 0
      vertex 105.19740061632784 31.959369617684807 0
      vertex 105.03381372890605 32.20419469609678 0
    endloop
  endfacet
  facet normal 0 0 -1
    outer loop
      vertex 107.3 35.3 0
      vertex 105.34127446570638 31.7024643740233 0
      vertex 105.19740061632784 31.959369617684807 0
    endloop
  endfacet
  facet normal 0 0 -1
    outer loop
      vertex 107.3 35.3 0
      vertex 105.03381372890605 32.20419469609678 0
      vertex 104.85152237100012 32.43543018123819 0
    endloop
  endfacet
  facet normal 0 0 -1
    outer loop
      vertex 107.3 35.3 0
      vertex 104.85152237100012 32.43543018123819 0
      vertex 104.65165042944955 32.65165042944955 0
    endloop
  endfacet
  facet normal 0 0 -1
    outer loop
      vertex 107.3 35.3 0
      vertex 104.20419469609678 33.033813728906054 0
      vertex 103.95936961768481 33.19740061632785 0
    endloop
  endfacet
  facet normal 0 0 -1
    outer loop
      vertex 107.3 35.3 0
      vertex 104.43543018123819 32.851522371000115 0
      vertex 104.20419469609678 33.033813728906054 0
    endloop
  endfacet
  facet normal 0 0 -1
    outer loop
      vertex 107.3 35.3 0
      vertex 104.65165042944955 32.65165042944955 0
      vertex 104.43543018123819 32.851522371000115 0
    endloop
  endfacet
  facet normal 0 0 -1
    outer loop
      vertex 107.3 35.3 0
      vertex 103.95936961768481 33.19740061632785 0
      vertex 103.70246437402331 33.34127446570638 0
    endloop
  endfacet
  facet normal 0 0 1
    outer loop
      vertex 96.7 36 2.2
      vertex 100.56493712863092 33.464548246917325 2.2
      vertex 100.84118627109395 33.566461936106826 2.2
    endloop
  endfacet
  facet normal 0 0 1
    outer loop
      vertex 96.7 36 2.2
      vertex 100.84118627109395 33.566461936106826 2.2
      vertex 101.12457988554036 33.64638720149129 2.2
    endloop
  endfacet
  facet normal 0 0 1
    outer loop
      vertex 96.7 36 2.2
      vertex 101.12457988554036 33.64638720149129 2.2
      vertex 101.41337075609914 33.703831277231764 2.2
    endloop
  endfacet
  facet normal 0 0 1
    outer loop
      vertex 96.7 36 2.2
      vertex 101.41337075609914 33.703831277231764 2.2
      vertex 101.70577839102059 33.73844000149923 2.2
    endloop
  endfacet
  facet normal 0 0 1
    outer loop
      vertex 96.7 36 2.2
      vertex 101.70577839102059 33.73844000149923 2.2
      vertex 102 33.75 2.2
    endloop
  endfacet
  facet normal 0 0 1
    outer loop
      vertex 96.7 36 2.2
      vertex 102 33.75 2.2
      vertex 102.29422160897941 33.73844000149923 2.2
    endloop
  endfacet
  facet normal 0 0 1
    outer loop
      vertex 96.7 36 2.2
      vertex 102.29422160897941 33.73844000149923 2.2
      vertex 102.58662924390086 33.703831277231764 2.2
    endloop
  endfacet
  facet normal 0 0 1
    outer loop
      vertex 96.7 36 2.2
      vertex 102.58662924390086 33.703831277231764 2.2
      vertex 102.87542011445964 33.64638720149129 2.2
    endloop
  endfacet
  facet normal 0 0 1
    outer loop
      vertex 96.7 36 2.2
      vertex 102.87542011445964 33.64638720149129 2.2
      vertex 107.3 36 2.2
    endloop
  endfacet
  facet normal 0 0 1
    outer loop
      vertex 107.3 24 2.2
      vertex 107.3 36 2.2
      vertex 105.6463872014913 30.875420114459644 2.2
    endloop
  endfacet
  facet normal 0 0 1
    outer loop
      vertex 107.3 36 2.2
      vertex 105.56646193610682 31.158813728906054 2.2
      vertex 105.6463872014913 30.875420114459644 2.2
    endloop
  endfacet
  facet normal 0 0 1
    outer loop
      vertex 107.3 36 2.2
      vertex 103.43506287136908 33.464548246917325 2.2
      vertex 103.70246437402331 33.34127446570638 2.2
    endloop
  endfacet
  facet normal 0 0 1
    outer loop
      vertex 107.3 36 2.2
      vertex 105.34127446570638 31.7024643740233 2.2
      vertex 105.46454824691733 31.435062871369087 2.2
    endloop
  endfacet
  facet normal 0 0 1
    outer loop
      vertex 107.3 36 2.2
      vertex 105.19740061632784 31.959369617684807 2.2
      vertex 105.34127446570638 31.7024643740233 2.2
    endloop
  endfacet
  facet normal 0 0 1
    outer loop
      vertex 107.3 36 2.2
      vertex 105.03381372890605 32.20419469609678 2.2
      vertex 105.19740061632784 31.959369617684807 2.2
    endloop
  endfacet
  facet normal 0 0 1
    outer loop
      vertex 107.3 36 2.2
      vertex 104.43543018123819 32.851522371000115 2.2
      vertex 104.65165042944955 32.65165042944955 2.2
    endloop
  endfacet
  facet normal 0 0 1
    outer loop
      vertex 107.3 36 2.2
      vertex 103.95936961768481 33.19740061632785 2.2
      vertex 104.20419469609678 33.033813728906054 2.2
    endloop
  endfacet
  facet normal 0 0 1
    outer loop
      vertex 107.3 36 2.2
      vertex 103.70246437402331 33.34127446570638 2.2
      vertex 103.95936961768481 33.19740061632785 2.2
    endloop
  endfacet
  facet normal 0 0 1
    outer loop
      vertex 107.3 36 2.2
      vertex 104.20419469609678 33.033813728906054 2.2
      vertex 104.43543018123819 32.851522371000115 2.2
    endloop
  endfacet
  facet normal 0 0 1
    outer loop
      vertex 107.3 36 2.2
      vertex 104.65165042944955 32.65165042944955 2.2
      vertex 104.85152237100012 32.43543018123819 2.2
    endloop
  endfacet
  facet normal 0 0 1
    outer loop
      vertex 107.3 36 2.2
      vertex 104.85152237100012 32.43543018123819 2.2
      vertex 105.03381372890605 32.20419469609678 2.2
    endloop
  endfacet
  facet normal 0 0 1
    outer loop
      vertex 107.3 36 2.2
      vertex 102.87542011445964 33.64638720149129 2.2
      vertex 103.15881372890605 33.566461936106826 2.2
    endloop
  endfacet
  facet normal 0 0 1
    outer loop
      vertex 107.3 36 2.2
      vertex 103.15881372890605 33.566461936106826 2.2
      vertex 103.43506287136908 33.464548246917325 2.2
    endloop
  endfacet
  facet normal 0 0 1
    outer loop
      vertex 107.3 36 2.2
      vertex 105.46454824691733 31.435062871369087 2.2
      vertex 105.56646193610682 31.158813728906054 2.2
    endloop
  endfacet
  facet normal 0 0 -1
    outer loop
      vertex 108 24 0
      vertex 108.7 24.700000000000003 0
      vertex 120 35.3 0
    endloop
  endfacet
  facet normal 0 0 -1
    outer loop
      vertex 108 24 0
      vertex 120 24.7 0
      vertex 120 24 0
    endloop
  endfacet
  facet normal 0 0 -1
    outer loop
      vertex 108 24 0
      vertex 120 35.3 0
      vertex 120 24.7 0
    endloop
  endfacet
  facet normal 0 0 -1
    outer loop
      vertex 108.7 24.700000000000003 0
      vertex 108.7 36 0
      vertex 119.97 35.97 0
    endloop
  endfacet
  facet normal 0 0 -1
    outer loop
      vertex 108.7 24.700000000000003 0
      vertex 120 35.30348258706467 0
      vertex 120 35.3 0
    endloop
  endfacet
  facet normal 0 0 -1
    outer loop
      vertex 108.7 24.700000000000003 0
      vertex 119.97 35.97 0
      vertex 120 35.30348258706467 0
    endloop
  endfacet
  facet normal 0 0.08304547985373995 0.9965457582448797
    outer loop
      vertex 108.7 24.7 5.641666666666667
      vertex 120 24.7 5.641666666666667
      vertex 119.97 35.3 4.758333333333334
    endloop
  endfacet
  facet normal 3.2434102373323224e-19 0.08304547985373995 0.9965457582448797
    outer loop
      vertex 108.7 24.7 5.641666666666667
      vertex 119.97 36 4.7
      vertex 108.7 36 4.7
    endloop
  endfacet
  facet normal -1.5707372435080752e-17 0.08304547985373985 0.9965457582448796
    outer loop
      vertex 108.7 24.7 5.641666666666667
      vertex 119.97 35.3 4.758333333333334
      vertex 119.97 36 4.7
    endloop
  endfacet
  facet normal -7.793425228952696e-16 0.08304547985373995 0.9965457582448796
    outer loop
      vertex 120 24.7 5.641666666666667
      vertex 120 35.3 4.758333333333334
      vertex 119.97 35.3 4.758333333333334
    endloop
  endfacet
  facet normal 0 0 -1
    outer loop
      vertex 108.7 36 0
      vertex 119.97 36 0
      vertex 119.97 35.97 0
    endloop
  endfacet
  facet normal 0 1 0
    outer loop
      vertex 108.7 36 3.7583333333333337
      vertex 108.7 36 4.7
      vertex 119.97 36 4.6975
    endloop
  endfacet
  facet normal 0 1 0
    outer loop
      vertex 108.7 36 4.7
      vertex 119.97 36 4.7
      vertex 119.97 36 4.6975
    endloop
  endfacet
  facet normal 0 0 -1
    outer loop
      vertex 120 24.7 0
      vertex 120 35.3 0
      vertex 120.7 24.7 0
    endloop
  endfacet
  facet normal 0 0 -1
    outer loop
      vertex 120.7 24.7 0
      vertex 120 35.3 0
      vertex 131.3 35.3 0
    endloop
  endfacet
  facet normal -1 0 0
    outer loop
      vertex 120 24.7 5.641666666666667
      vertex 120 24.7 5.7
      vertex 120 35.3 5.7
    endloop
  endfacet
  facet normal -0.08304547985373997 0 0.9965457582448796
    outer loop
      vertex 120 24.7 5.7
      vertex 132 24.7 6.7
      vertex 120 35.3 5.7
    endloop
  endfacet
  facet normal -1 0 0
    outer loop
      vertex 120 24.7 5.641666666666667
      vertex 120 35.3 5.7
      vertex 120 35.3 4.758333333333334
    endloop
  endfacet
  facet normal 0 0 -1
    outer loop
      vertex 120.7 24.7 0
      vertex 131.3 35.3 0
      vertex 132 24.69651741293532 0
    endloop
  endfacet
  facet normal 0 0 -1
    outer loop
      vertex 132 24.69651741293532 0
      vertex 131.3 35.3 0
      vertex 132 35.30348258706468 0
    endloop
  endfacet
  facet normal 0 0 -1
    outer loop
      vertex 131.3 35.3 0
      vertex 131.97 35.97 0
      vertex 132 35.30348258706468 0
    endloop
  endfacet
  facet normal -0.08304547985373997 0 0.9965457582448796
    outer loop
      vertex 120 35.3 5.7
      vertex 132 24.7 6.7
      vertex 132 35.3 6.7
    endloop
  endfacet
  facet normal 0 0 -1
    outer loop
      vertex 132.03 24.03 0
      vertex 132.70000000000002 24 0
      vertex 132 24 0
    endloop
  endfacet
  facet normal 0 0 -1
    outer loop
      vertex 132.03 24.03 0
      vertex 138.00000000000003 36 0
      vertex 132.70000000000002 24 0
    endloop
  endfacet
  facet normal 0 0 -1
    outer loop
      vertex 132.03 24.03 0
      vertex 132 24.69651741293532 0
      vertex 138.00000000000003 36 0
    endloop
  endfacet
  facet normal 0 0 -1
    outer loop
      vertex 132 24.69651741293532 0
      vertex 132 35.30348258706468 0
      vertex 138.00000000000003 36 0
    endloop
  endfacet
  facet normal 0 0 -1
    outer loop
      vertex 132 35.30348258706468 0
      vertex 132 36 0
      vertex 138.00000000000003 36 0
    endloop
  endfacet
  facet normal 0 0 -1
    outer loop
      vertex 132.70000000000002 24 0
      vertex 143.97 35.97 0
      vertex 143.30694784782557 24 0
    endloop
  endfacet
  facet normal 0 0 -1
    outer loop
      vertex 143.30694784782557 24 0
      vertex 143.97 35.97 0
      vertex 144 24 0
    endloop
  endfacet
  facet normal 0 0 -1
    outer loop
      vertex 132.70000000000002 24 0
      vertex 138.00000000000003 36 0
      vertex 143.30181592039804 36 0
    endloop
  endfacet
  facet normal 0 0 -1
    outer loop
      vertex 132.70000000000002 24 0
      vertex 143.30181592039804 36 0
      vertex 143.30349064953145 36 0
    endloop
  endfacet
  facet normal 0 0 -1
    outer loop
      vertex 132.70000000000002 24 0
      vertex 143.30349064953145 36 0
      vertex 143.97 35.97 0
    endloop
  endfacet
  facet normal 0 0 -1
    outer loop
      vertex 144 24 0
      vertex 143.97 35.97 0
      vertex 144 35.97 0
    endloop
  endfacet
  facet normal -0.08304547985374973 0 0.9965457582448788
    outer loop
      vertex 132 24.7 6.7
      vertex 132.03 24.7 6.702500000000001
      vertex 132 35.3 6.7
    endloop
  endfacet
  facet normal -0.08304547985373997 0 0.9965457582448796
    outer loop
      vertex 132.70000000000002 24 6.758333333333335
      vertex 143.3 24 7.6416666666666675
      vertex 132.70000000000002 24.03 6.758333333333335
    endloop
  endfacet
  facet normal -0.08304547985373908 -8.295368152878859e-16 0.9965457582448797
    outer loop
      vertex 132.03 24.03 6.702500000000001
      vertex 132.70000000000002 24.03 6.758333333333335
      vertex 143.3 35.3 7.6416666666666675
    endloop
  endfacet
  facet normal -0.08304547985373993 0 0.9965457582448797
    outer loop
      vertex 132.03 24.03 6.702500000000001
      vertex 143.3 35.3 7.6416666666666675
      vertex 132.03 24.7 6.702500000000001
    endloop
  endfacet
  facet normal -0.08304547985373997 5.51746918863929e-18 0.9965457582448797
    outer loop
      vertex 132.70000000000002 24.03 6.758333333333335
      vertex 143.3 24 7.6416666666666675
      vertex 143.3 35.3 7.6416666666666675
    endloop
  endfacet
  facet normal -0.08304547985373993 2.7901413713613217e-17 0.9965457582448796
    outer loop
      vertex 132.03 24.7 6.702500000000001
      vertex 143.3 35.3 7.6416666666666675
      vertex 132 35.3 6.7
    endloop
  endfacet
  facet normal 0 0 -1
    outer loop
      vertex 0 36.46576643835616 0
      vertex 0 47.97014925373134 0
      vertex 0.7 36.7 0
    endloop
  endfacet
  facet normal 0 0 -1
    outer loop
      vertex 0.6596865433485724 36 0
      vertex 0.6902494056494676 36.69024940564947 0
      vertex 11.473252884936631 36 0
    endloop
  endfacet
  facet normal 0 0 -1
    outer loop
      vertex 0.7 36.7 0
      vertex 11.473252884936631 36 0
      vertex 0.6902494056494676 36.69024940564947 0
    endloop
  endfacet
  facet normal 0 0 -1
    outer loop
      vertex 0.7 36.7 0
      vertex 11.778400645169313 47.77840064516931 0
      vertex 11.473252884936631 36 0
    endloop
  endfacet
  facet normal 0 0 -1
    outer loop
      vertex 0.7 36.7 0
      vertex 0 47.97014925373134 0
      vertex 6.3427160918975085 48 0
    endloop
  endfacet
  facet normal 0 0 -1
    outer loop
      vertex 0 47.97014925373134 0
      vertex 0.6598154014655456 48 0
      vertex 6.3427160918975085 48 0
    endloop
  endfacet
  facet normal 0 0 -1
    outer loop
      vertex 0.7 36.7 0
      vertex 6.3427160918975085 48 0
      vertex 11.778400645169313 47.77840064516931 0
    endloop
  endfacet
  facet normal 0 0 -1
    outer loop
      vertex 11.969987609279272 36 0
      vertex 12 36.696517412935314 0
      vertex 12 36.03 0
    endloop
  endfacet
  facet normal 0 0 -1
    outer loop
      vertex 11.473252884936631 36 0
      vertex 12 47.35704314848 0
      vertex 11.969987609279272 36 0
    endloop
  endfacet
  facet normal 0 0 -1
    outer loop
      vertex 11.969987609279272 36 0
      vertex 12 47.35704314848 0
      vertex 12 36.696517412935314 0
    endloop
  endfacet
  facet normal 0 0 -1
    outer loop
      vertex 11.473252884936631 36 0
      vertex 11.778400645169313 47.77840064516931 0
      vertex 12 47.35704314848 0
    endloop
  endfacet
  facet normal 0.08304547985373995 0 0.9965457582448797
    outer loop
      vertex 0.7 36.699999999999996 17.641666666666666
      vertex 12 36.699999999999996 16.7
      vertex 0.7 47.3 17.641666666666666
    endloop
  endfacet
  facet normal 0.08304547985373995 3.448418242899552e-19 0.9965457582448797
    outer loop
      vertex 0.7 47.3 17.641666666666666
      vertex 12 36.699999999999996 16.7
      vertex 12 47.3 16.7
    endloop
  endfacet
  facet normal 0 0 -1
    outer loop
      vertex 12 36 0
      vertex 12.030000000000001 36.03 0
      vertex 12.05724800654263 36 0
    endloop
  endfacet
  facet normal 0 0 -1
    outer loop
      vertex 12.05724800654263 36 0
      vertex 12.030000000000001 36.03 0
      vertex 12.061150376519574 36 0
    endloop
  endfacet
  facet normal 0 0 -1
    outer loop
      vertex 12.030000000000001 36.03 0
      vertex 12 36.696517412935314 0
      vertex 12 47.35704314848 0
    endloop
  endfacet
  facet normal 0 0 -1
    outer loop
      vertex 12.061150376519574 36 0
      vertex 12.030000000000001 36.03 0
      vertex 24 36.698325 0
    endloop
  endfacet
  facet normal 0 0 -1
    outer loop
      vertex 12.030000000000001 36.03 0
      vertex 12 47.35704314848 0
      vertex 12.700000000000001 48 0
    endloop
  endfacet
  facet normal 0 0 -1
    outer loop
      vertex 12 47.35704314848 0
      vertex 12 48 0
      vertex 12.700000000000001 48 0
    endloop
  endfacet
  facet normal 0 0 -1
    outer loop
      vertex 12.030000000000001 36.03 0
      vertex 12.700000000000001 48 0
      vertex 23.301666666666666 48 0
    endloop
  endfacet
  facet normal 0 0 -1
    outer loop
      vertex 12.030000000000001 36.03 0
      vertex 23.97 47.97 0
      vertex 24 36.698325 0
    endloop
  endfacet
  facet normal 0 0 -1
    outer loop
      vertex 12.030000000000001 36.03 0
      vertex 23.301666666666666 48 0
      vertex 23.30348258706468 48 0
    endloop
  endfacet
  facet normal 0 0 -1
    outer loop
      vertex 12.030000000000001 36.03 0
      vertex 23.30348258706468 48 0
      vertex 23.97 47.97 0
    endloop
  endfacet
  facet normal 0 0 -1
    outer loop
      vertex 24 36.698325 0
      vertex 23.97 47.97 0
      vertex 24 47.97 0
    endloop
  endfacet
  facet normal 0.08304547985373992 -2.9117912108427984e-17 0.9965457582448796
    outer loop
      vertex 24 36.699999999999996 15.7
      vertex 23.3 47.97 15.758333333333333
      vertex 12.700000000000001 47.97 16.641666666666666
    endloop
  endfacet
  facet normal 0.08304547985373993 0 0.9965457582448796
    outer loop
      vertex 23.3 47.97 15.758333333333333
      vertex 23.3 48 15.758333333333333
      vertex 12.700000000000001 47.97 16.641666666666666
    endloop
  endfacet
  facet normal 0.08304547985374039 0 0.9965457582448796
    outer loop
      vertex 24 36.699999999999996 15.7
      vertex 24 47.97 15.7
      vertex 23.3 47.97 15.758333333333333
    endloop
  endfacet
  facet normal 0.08304547985373997 1.1133464612789937e-16 0.9965457582448796
    outer loop
      vertex 24 36.699999999999996 15.7
      vertex 12.030000000000001 47.3 16.697499999999998
      vertex 12 36.699999999999996 16.7
    endloop
  endfacet
  facet normal 0.08304547985377903 0 0.9965457582448763
    outer loop
      vertex 12 36.699999999999996 16.7
      vertex 12.030000000000001 47.3 16.697499999999998
      vertex 12 47.3 16.7
    endloop
  endfacet
  facet normal 0.08304547985373992 8.352368215405085e-17 0.9965457582448796
    outer loop
      vertex 24 36.699999999999996 15.7
      vertex 12.030000000000001 47.97 16.697499999999998
      vertex 12.030000000000001 47.3 16.697499999999998
    endloop
  endfacet
  facet normal 0.08304547985373863 -1.4857142524166952e-15 0.9965457582448798
    outer loop
      vertex 24 36.699999999999996 15.7
      vertex 12.700000000000001 47.97 16.641666666666666
      vertex 12.030000000000001 47.97 16.697499999999998
    endloop
  endfacet
  facet normal 0.08304547985373993 0 0.9965457582448796
    outer loop
      vertex 12.700000000000001 47.97 16.641666666666666
      vertex 23.3 48 15.758333333333333
      vertex 12.700000000000001 48 16.641666666666666
    endloop
  endfacet
  facet normal 0 0 -1
    outer loop
      vertex 24.03 36.03 0
      vertex 24 36.69651741293532 0
      vertex 24 36.698325 0
    endloop
  endfacet
  facet normal 0 0 -1
    outer loop
      vertex 24 36.698325 0
      vertex 24 47.97 0
      vertex 24.699775614425665 48 0
    endloop
  endfacet
  facet normal 0 0 -1
    outer loop
      vertex 24 36.698325 0
      vertex 24.699775614425665 48 0
      vertex 24.7 48 0
    endloop
  endfacet
  facet normal 0 0 -1
    outer loop
      vertex 24.03 36 0
      vertex 24.03 36.03 0
      vertex 35.97 36 0
    endloop
  endfacet
  facet normal 0 0 -1
    outer loop
      vertex 24.03 36.03 0
      vertex 24 36.698325 0
      vertex 35.97 47.97 0
    endloop
  endfacet
  facet normal 0 0 -1
    outer loop
      vertex 24.03 36.03 0
      vertex 36 36.69998353591584 0
      vertex 35.97 36 0
    endloop
  endfacet
  facet normal 0 0 -1
    outer loop
      vertex 24.03 36.03 0
      vertex 36 47.3 0
      vertex 36 36.69998353591584 0
    endloop
  endfacet
  facet normal 0 0 -1
    outer loop
      vertex 24 36.698325 0
      vertex 24.7 48 0
      vertex 35.97 47.97 0
    endloop
  endfacet
  facet normal 0 0 -1
    outer loop
      vertex 24.03 36.03 0
      vertex 35.97 47.97 0
      vertex 36 47.3 0
    endloop
  endfacet
  facet normal 0 0 -1
    outer loop
      vertex 35.97 47.97 0
      vertex 24.7 48 0
      vertex 35.97 48 0
    endloop
  endfacet
  facet normal 0.08304547985372043 0 0.9965457582448811
    outer loop
      vertex 24 36.699999999999996 15.7
      vertex 24.03 36.699999999999996 15.6975
      vertex 24 47.97 15.7
    endloop
  endfacet
  facet normal 0.08304547985374007 0 0.9965457582448797
    outer loop
      vertex 24.03 36 15.6975
      vertex 35.97 36 14.702499999999999
      vertex 24.03 36.699999999999996 15.6975
    endloop
  endfacet
  facet normal 0.08304547985374006 5.262619306383527e-17 0.9965457582448796
    outer loop
      vertex 24.03 36.699999999999996 15.6975
      vertex 35.97 36.699999999999996 14.702499999999999
      vertex 24 47.97 15.7
    endloop
  endfacet
  facet normal 0.08304547985374007 -7.760336540154021e-17 0.9965457582448797
    outer loop
      vertex 24.03 36.699999999999996 15.6975
      vertex 35.97 36 14.702499999999999
      vertex 35.97 36.699999999999996 14.702499999999999
    endloop
  endfacet
  facet normal 0.08304547985374039 4.0087458364673974e-16 0.9965457582448796
    outer loop
      vertex 24 47.97 15.7
      vertex 35.97 36.699999999999996 14.702499999999999
      vertex 24.7 47.97 15.641666666666666
    endloop
  endfacet
  facet normal 0.08304547985374 0 0.9965457582448797
    outer loop
      vertex 24.7 47.97 15.641666666666666
      vertex 35.97 48 14.702499999999999
      vertex 24.7 48 15.641666666666666
    endloop
  endfacet
  facet normal 0.08304547985373999 -6.816406905789665e-20 0.9965457582448796
    outer loop
      vertex 24.7 47.97 15.641666666666666
      vertex 35.97 36.699999999999996 14.702499999999999
      vertex 35.97 47.3 14.702499999999999
    endloop
  endfacet
  facet normal 0.08304547985373999 -1.0321987600195739e-18 0.9965457582448796
    outer loop
      vertex 24.7 47.97 15.641666666666666
      vertex 35.97 47.3 14.702499999999999
      vertex 35.97 48 14.702499999999999
    endloop
  endfacet
  facet normal 0 0 -1
    outer loop
      vertex 36 47.3 0
      vertex 35.97 47.97 0
      vertex 36 47.30348258706467 0
    endloop
  endfacet
  facet normal 0.08304547985372045 -8.290299575622531e-21 0.9965457582448813
    outer loop
      vertex 36 36.699999999999996 14.7
      vertex 35.97 47.3 14.702499999999999
      vertex 35.97 36.699999999999996 14.702499999999999
    endloop
  endfacet
  facet normal 0.08304547985372045 0 0.9965457582448813
    outer loop
      vertex 36 36.699999999999996 14.7
      vertex 36 47.3 14.7
      vertex 35.97 47.3 14.702499999999999
    endloop
  endfacet
  facet normal 0 0 -1
    outer loop
      vertex 36 36.69998353591584 0
      vertex 36 47.3 0
      vertex 36.69959959369627 36.69959959369627 0
    endloop
  endfacet
  facet normal 0 0 -1
    outer loop
      vertex 36.69959959369627 36.69959959369627 0
      vertex 48 47.3 0
      vertex 42.000000000000064 36 0
    endloop
  endfacet
  facet normal 0 0 -1
    outer loop
      vertex 36.69959959369627 36.69959959369627 0
      vertex 36 47.3 0
      vertex 48 47.3 0
    endloop
  endfacet
  facet normal 0 0 -1
    outer loop
      vertex 42.000000000000064 36 0
      vertex 48 47.3 0
      vertex 48 36.639269406392685 0
    endloop
  endfacet
  facet normal 0.08304547985373997 0 0.9965457582448796
    outer loop
      vertex 36 36.699999999999996 14.7
      vertex 48 36.699999999999996 13.7
      vertex 36 47.3 14.7
    endloop
  endfacet
  facet normal 0.08304547985373997 0 0.9965457582448796
    outer loop
      vertex 36 47.3 14.7
      vertex 48 36.699999999999996 13.7
      vertex 48 47.3 13.7
    endloop
  endfacet
  facet normal 0 0 -1
    outer loop
      vertex 48.03 36.03 0
      vertex 48 36.57535836797746 0
      vertex 48.584147766587215 36.584147766587215 0
    endloop
  endfacet
  facet normal 0 0 -1
    outer loop
      vertex 48 36.57535836797746 0
      vertex 48 36.639269406392685 0
      vertex 48.584147766587215 36.584147766587215 0
    endloop
  endfacet
  facet normal 0 0 -1
    outer loop
      vertex 48 36.639269406392685 0
      vertex 48 47.3 0
      vertex 48.584147766587215 36.584147766587215 0
    endloop
  endfacet
  facet normal 0 0 -1
    outer loop
      vertex 48.584147766587215 36.584147766587215 0
      vertex 48 47.3 0
      vertex 53.636825000000016 48 0
    endloop
  endfacet
  facet normal 0 0 -1
    outer loop
      vertex 48.584147766587215 36.584147766587215 0
      vertex 53.636825000000016 48 0
      vertex 54.00000000000001 48 0
    endloop
  endfacet
  facet normal 0 0 -1
    outer loop
      vertex 48 47.3 0
      vertex 48 48 0
      vertex 53.636825000000016 48 0
    endloop
  endfacet
  facet normal 0 0 -1
    outer loop
      vertex 48.584147766587215 36.584147766587215 0
      vertex 59.3 47.3 0
      vertex 60 36.69969634703196 0
    endloop
  endfacet
  facet normal 0 0 -1
    outer loop
      vertex 48.584147766587215 36.584147766587215 0
      vertex 54.00000000000001 48 0
      vertex 59.3 47.3 0
    endloop
  endfacet
  facet normal 0 0 -1
    outer loop
      vertex 59.3 47.3 0
      vertex 54.00000000000001 48 0
      vertex 59.300423468964944 47.300423468964944 0
    endloop
  endfacet
  facet normal 0 0 -1
    outer loop
      vertex 60 36.69969634703196 0
      vertex 59.3 47.3 0
      vertex 60 47.3 0
    endloop
  endfacet
  facet normal 0.08304547985373997 0 0.9965457582448796
    outer loop
      vertex 48 36.699999999999996 13.7
      vertex 60 36.699999999999996 12.7
      vertex 48 47.3 13.7
    endloop
  endfacet
  facet normal 1 0 0
    outer loop
      vertex 60 36.699999999999996 11.758333333333333
      vertex 60 47.3 12.641666666666666
      vertex 60 36.699999999999996 12.7
    endloop
  endfacet
  facet normal 0.08304547985373997 0 0.9965457582448796
    outer loop
      vertex 48 47.3 13.7
      vertex 60 36.699999999999996 12.7
      vertex 60 47.3 12.7
    endloop
  endfacet
  facet normal 1 0 0
    outer loop
      vertex 60 36.699999999999996 12.7
      vertex 60 47.3 12.641666666666666
      vertex 60 47.3 12.7
    endloop
  endfacet
  facet normal 0 0 -1
    outer loop
      vertex 60 36 0
      vertex 60.03 36.03 0
      vertex 60.699999999999996 36 0
    endloop
  endfacet
  facet normal 0 0 -1
    outer loop
      vertex 60 47.3 0
      vertex 60 48 0
      vertex 60.699999999999996 48 0
    endloop
  endfacet
  facet normal 0 0 -1
    outer loop
      vertex 60.03 36.03 0
      vertex 71.30001639103841 36 0
      vertex 60.699999999999996 36 0
    endloop
  endfacet
  facet normal 0 0 -1
    outer loop
      vertex 60.03 36.03 0
      vertex 60 36.69651741293532 0
      vertex 71.30001639103841 36 0
    endloop
  endfacet
  facet normal 0 0 -1
    outer loop
      vertex 60 36.69969634703196 0
      vertex 71.30001639103841 36 0
      vertex 60 36.69651741293532 0
    endloop
  endfacet
  facet normal 0 0 -1
    outer loop
      vertex 60 36.69969634703196 0
      vertex 60 47.3 0
      vertex 71.30001639103841 36 0
    endloop
  endfacet
  facet normal 0 0 -1
    outer loop
      vertex 60 47.3 0
      vertex 60.699999999999996 48 0
      vertex 71.30001639103841 36 0
    endloop
  endfacet
  facet normal 0 0 -1
    outer loop
      vertex 71.30001639103841 36 0
      vertex 60.699999999999996 48 0
      vertex 71.30657280640459 48 0
    endloop
  endfacet
  facet normal 0 -0.08304547985373992 0.9965457582448796
    outer loop
      vertex 60 36.699999999999996 11.758333333333333
      vertex 60.03 36.699999999999996 11.758333333333333
      vertex 60.03 47.3 12.641666666666666
    endloop
  endfacet
  facet normal 0 -1 0
    outer loop
      vertex 60.699999999999996 36 11.641666666666666
      vertex 71.3 36 11.7
      vertex 60.699999999999996 36 11.7
    endloop
  endfacet
  facet normal 0 -0.08304547985372045 0.9965457582448813
    outer loop
      vertex 60.699999999999996 36 11.7
      vertex 71.3 36 11.7
      vertex 60.699999999999996 36.03 11.702499999999999
    endloop
  endfacet
  facet normal 0 -0.08304547985374011 0.9965457582448798
    outer loop
      vertex 60.03 36.03 11.702499999999999
      vertex 60.699999999999996 36.03 11.702499999999999
      vertex 71.3 40.46903846153846 12.072419871794871
    endloop
  endfacet
  facet normal 6.418265011996333e-16 -0.08304547985374171 0.9965457582448795
    outer loop
      vertex 60.03 36.03 11.702499999999999
      vertex 71.3 40.46903846153846 12.072419871794871
      vertex 60.03 36.699999999999996 11.758333333333333
    endloop
  endfacet
  facet normal 0 -1 0
    outer loop
      vertex 60.699999999999996 36 11.641666666666666
      vertex 71.3 36 10.758333333333333
      vertex 71.3 36 11.7
    endloop
  endfacet
  facet normal -5.564976608275509e-17 -0.08304547985373996 0.9965457582448796
    outer loop
      vertex 60.699999999999996 36.03 11.702499999999999
      vertex 71.3 36 11.7
      vertex 71.3 40.46903846153846 12.072419871794871
    endloop
  endfacet
  facet normal -5.195616819301795e-16 -0.08304547985373992 0.9965457582448796
    outer loop
      vertex 60 36.699999999999996 11.758333333333333
      vertex 60.03 47.3 12.641666666666666
      vertex 60 47.3 12.641666666666666
    endloop
  endfacet
  facet normal 3.227800442924479e-17 -0.08304547985373992 0.9965457582448796
    outer loop
      vertex 60.03 36.699999999999996 11.758333333333333
      vertex 71.3 40.46903846153846 12.072419871794871
      vertex 60.03 47.3 12.641666666666666
    endloop
  endfacet
  facet normal -5.092579933632138e-16 -0.08304547985374082 0.9965457582448796
    outer loop
      vertex 71.3 40.46903846153846 12.072419871794871
      vertex 60.03 47.97 12.6975
      vertex 60.03 47.3 12.641666666666666
    endloop
  endfacet
  facet normal -8.636247679957781e-17 -0.08304547985374007 0.9965457582448797
    outer loop
      vertex 71.3 40.46903846153846 12.072419871794871
      vertex 60.699999999999996 47.97 12.6975
      vertex 60.03 47.97 12.6975
    endloop
  endfacet
  facet normal 8.290299575622531e-21 -0.08304547985372045 0.9965457582448813
    outer loop
      vertex 60.699999999999996 47.97 12.6975
      vertex 71.3 48 12.7
      vertex 60.699999999999996 48 12.7
    endloop
  endfacet
  facet normal 5.776396850860792e-17 -0.08304547985373997 0.9965457582448796
    outer loop
      vertex 71.3 40.46903846153846 12.072419871794871
      vertex 71.3 48 12.7
      vertex 60.699999999999996 47.97 12.6975
    endloop
  endfacet
  facet normal 0 0 -1
    outer loop
      vertex 72 36 0
      vertex 72.7 36.7 0
      vertex 84 36.699999999999996 0
    endloop
  endfacet
  facet normal 0 0 -1
    outer loop
      vertex 72 36.43561643835618 0
      vertex 72 47.97234636221996 0
      vertex 72.7 36.7 0
    endloop
  endfacet
  facet normal 0 0 -1
    outer loop
      vertex 72 36 0
      vertex 84 36.699999999999996 0
      vertex 84 36 0
    endloop
  endfacet
  facet normal 0 0 -1
    outer loop
      vertex 72.7 36.7 0
      vertex 83.3 47.3 0
      vertex 84 36.699999999999996 0
    endloop
  endfacet
  facet normal 0 0 -1
    outer loop
      vertex 72.7 36.7 0
      vertex 72 47.97234636221996 0
      vertex 83.3 47.3 0
    endloop
  endfacet
  facet normal 0 0 -1
    outer loop
      vertex 72 47.97234636221996 0
      vertex 72.03177405119153 48 0
      vertex 72.05753424657534 48 0
    endloop
  endfacet
  facet normal 0 0 -1
    outer loop
      vertex 72 47.97234636221996 0
      vertex 72.05753424657534 48 0
      vertex 72.7 48 0
    endloop
  endfacet
  facet normal 0 0 -1
    outer loop
      vertex 72 47.97234636221996 0
      vertex 72.7 48 0
      vertex 78.00000000000003 48 0
    endloop
  endfacet
  facet normal 0 0 -1
    outer loop
      vertex 72 47.97234636221996 0
      vertex 78.00000000000003 48 0
      vertex 83.3 47.3 0
    endloop
  endfacet
  facet normal 0 0 -1
    outer loop
      vertex 84 36.699999999999996 0
      vertex 83.3 47.3 0
      vertex 84 47.3 0
    endloop
  endfacet
  facet normal 0 0 -1
    outer loop
      vertex 83.3 47.3 0
      vertex 78.00000000000003 48 0
      vertex 83.30541951361961 47.305419513619604 0
    endloop
  endfacet
  facet normal 0.08304547985373997 0 0.9965457582448797
    outer loop
      vertex 72.7 36.699999999999996 5.641666666666667
      vertex 84 36.699999999999996 4.7
      vertex 72.7 47.3 5.641666666666667
    endloop
  endfacet
  facet normal 0.08304547985373997 -1.3793672971598215e-18 0.9965457582448797
    outer loop
      vertex 72.7 47.3 5.641666666666667
      vertex 84 36.699999999999996 4.7
      vertex 84 47.3 4.7
    endloop
  endfacet
  facet normal 0 0 -1
    outer loop
      vertex 84 36.699999999999996 0
      vertex 84 47.3 0
      vertex 84.69999999999999 36.699999999999996 0
    endloop
  endfacet
  facet normal 0 0 -1
    outer loop
      vertex 84 47.3 0
      vertex 84 47.30022438557433 0
      vertex 84.03 48 0
    endloop
  endfacet
  facet normal 0 0 -1
    outer loop
      vertex 84.69999999999999 36.699999999999996 0
      vertex 84 47.3 0
      vertex 95.30166666666666 48 0
    endloop
  endfacet
  facet normal 0 0 -1
    outer loop
      vertex 84 47.3 0
      vertex 84.03 48 0
      vertex 95.30166666666666 48 0
    endloop
  endfacet
  facet normal 0.08304547985373997 2.7833661531974843e-17 0.9965457582448796
    outer loop
      vertex 84 36.699999999999996 4.7
      vertex 96 36.699999999999996 3.7
      vertex 84.03 47.3 4.6975
    endloop
  endfacet
  facet normal 0.08304547985374973 0 0.9965457582448788
    outer loop
      vertex 84 36.699999999999996 4.7
      vertex 84.03 47.3 4.6975
      vertex 84 47.3 4.7
    endloop
  endfacet
  facet normal 0.08304547985373993 0 0.9965457582448796
    outer loop
      vertex 84.03 47.3 4.6975
      vertex 95.3 48 3.7583333333333337
      vertex 84.03 48 4.6975
    endloop
  endfacet
  facet normal 0 0 -1
    outer loop
      vertex 84.69999999999999 36.699999999999996 0
      vertex 95.97 47.97 0
      vertex 96 36.69651741293532 0
    endloop
  endfacet
  facet normal 1 0 0
    outer loop
      vertex 96 36.699999999999996 2.7583333333333333
      vertex 96 47.97 3.6975000000000002
      vertex 96 36.699999999999996 3.7
    endloop
  endfacet
  facet normal 0 0 -1
    outer loop
      vertex 84.69999999999999 36.699999999999996 0
      vertex 95.30166666666666 48 0
      vertex 95.30348258706468 48 0
    endloop
  endfacet
  facet normal 0 0 -1
    outer loop
      vertex 84.69999999999999 36.699999999999996 0
      vertex 95.30348258706468 48 0
      vertex 95.97 47.97 0
    endloop
  endfacet
  facet normal 0 0 -1
    outer loop
      vertex 96 36.69651741293532 0
      vertex 95.97 47.97 0
      vertex 96 47.97 0
    endloop
  endfacet
  facet normal 0.08304547985373997 0 0.9965457582448796
    outer loop
      vertex 96 36.699999999999996 3.7
      vertex 96 47.97 3.7
      vertex 95.3 47.97 3.7583333333333337
    endloop
  endfacet
  facet normal 1 0 0
    outer loop
      vertex 96 36.699999999999996 3.7
      vertex 96 47.97 3.6975000000000002
      vertex 96 47.97 3.7
    endloop
  endfacet
  facet normal 0.08304547985373995 -8.414950273731231e-19 0.9965457582448797
    outer loop
      vertex 84.03 47.3 4.6975
      vertex 96 36.699999999999996 3.7
      vertex 95.3 47.97 3.7583333333333337
    endloop
  endfacet
  facet normal 0.0830454798537398 -2.5721694994245767e-15 0.9965457582448796
    outer loop
      vertex 84.03 47.3 4.6975
      vertex 95.3 47.97 3.7583333333333337
      vertex 95.3 48 3.7583333333333337
    endloop
  endfacet
  facet normal 0 0 -1
    outer loop
      vertex 96 36 0
      vertex 96.03 36.03 0
      vertex 96.7 36 0
    endloop
  endfacet
  facet normal 0 -0.08304547985374042 0.9965457582448796
    outer loop
      vertex 96.03 36.03 2.7025
      vertex 96.7 36.03 2.7025
      vertex 96.03 36.699999999999996 2.7583333333333333
    endloop
  endfacet
  facet normal 4.3511152123121496e-16 -0.08304547985373996 0.9965457582448796
    outer loop
      vertex 96.7 36.03 2.7025
      vertex 96 47.97 3.6975000000000002
      vertex 96.03 36.699999999999996 2.7583333333333333
    endloop
  endfacet
  facet normal 0 -0.08304547985373996 0.9965457582448796
    outer loop
      vertex 96 36.699999999999996 2.7583333333333333
      vertex 96.03 36.699999999999996 2.7583333333333333
      vertex 96 47.97 3.6975000000000002
    endloop
  endfacet
  facet normal 0 0 -1
    outer loop
      vertex 96 36.69651741293532 0
      vertex 96 47.97 0
      vertex 96.69977561442566 48 0
    endloop
  endfacet
  facet normal 0 0 -1
    outer loop
      vertex 96 36.69651741293532 0
      vertex 96.69977561442566 48 0
      vertex 96.7 48 0
    endloop
  endfacet
  facet normal 0 0 -1
    outer loop
      vertex 96.03 36.03 0
      vertex 96 36.69651741293532 0
      vertex 107.30348258706468 48 0
    endloop
  endfacet
  facet normal 0 0 -1
    outer loop
      vertex 96.03 36.03 0
      vertex 107.97 47.97 0
      vertex 96.7 36 0
    endloop
  endfacet
  facet normal 0 0 -1
    outer loop
      vertex 96.7 36 0
      vertex 107.97 47.97 0
      vertex 107.3 36 0
    endloop
  endfacet
  facet normal 0 0 -1
    outer loop
      vertex 107.3 36 0
      vertex 107.97 47.97 0
      vertex 108 36.03 0
    endloop
  endfacet
  facet normal 0 -1 0
    outer loop
      vertex 96.7 36 2.2
      vertex 107.3 36 2.7
      vertex 96.7 36 2.7
    endloop
  endfacet
  facet normal 0 -0.08304547985373507 0.99654575824488
    outer loop
      vertex 96.7 36 2.7
      vertex 107.3 36 2.7
      vertex 96.7 36.03 2.7025
    endloop
  endfacet
  facet normal 0 -1 0
    outer loop
      vertex 96.7 36 2.2
      vertex 107.3 36 2.2
      vertex 107.3 36 2.7
    endloop
  endfacet
  facet normal 0 -0.08304547985373507 0.99654575824488
    outer loop
      vertex 96.7 36.03 2.7025
      vertex 107.3 36 2.7
      vertex 107.3 36.03 2.7025
    endloop
  endfacet
  facet normal 0 -0.08304547985374 0.9965457582448797
    outer loop
      vertex 96.7 36.03 2.7025
      vertex 107.3 36.03 2.7025
      vertex 96 47.97 3.6975000000000002
    endloop
  endfacet
  facet normal 8.395735274336879e-17 -0.0830454798537399 0.9965457582448797
    outer loop
      vertex 96 47.97 3.6975000000000002
      vertex 107.3 36.03 2.7025
      vertex 108 36.03 2.7025
    endloop
  endfacet
  facet normal 0 0 -1
    outer loop
      vertex 96 36.69651741293532 0
      vertex 96.7 48 0
      vertex 107.30166666666666 48 0
    endloop
  endfacet
  facet normal 0 0 -1
    outer loop
      vertex 96.03 36.03 0
      vertex 107.30348258706468 48 0
      vertex 107.97 47.97 0
    endloop
  endfacet
  facet normal 0 0 -1
    outer loop
      vertex 96 36.69651741293532 0
      vertex 107.30166666666666 48 0
      vertex 107.30348258706468 48 0
    endloop
  endfacet
  facet normal 0 0 -1
    outer loop
      vertex 108 36.03 0
      vertex 107.97 47.97 0
      vertex 108 47.97 0
    endloop
  endfacet
  facet normal 0 -0.08304547985374 0.9965457582448797
    outer loop
      vertex 96 47.97 3.6975000000000002
      vertex 108 36.03 2.7025
      vertex 96.7 47.97 3.6975000000000002
    endloop
  endfacet
  facet normal 0 -0.08304547985373507 0.99654575824488
    outer loop
      vertex 96.7 47.97 3.6975000000000002
      vertex 107.3 47.97 3.6975000000000002
      vertex 96.7 48 3.7
    endloop
  endfacet
  facet normal 9.989131457818323e-21 -0.08304547985373507 0.99654575824488
    outer loop
      vertex 107.3 47.97 3.6975000000000002
      vertex 107.3 48 3.7
      vertex 96.7 48 3.7
    endloop
  endfacet
  facet normal 0 -0.08304547985374 0.9965457582448797
    outer loop
      vertex 96.7 47.97 3.6975000000000002
      vertex 108 36.03 2.7025
      vertex 107.3 47.97 3.6975000000000002
    endloop
  endfacet
  facet normal 8.395735274336879e-17 -0.08304547985374 0.9965457582448797
    outer loop
      vertex 108 36.03 2.7025
      vertex 108 47.97 3.6975000000000002
      vertex 107.3 47.97 3.6975000000000002
    endloop
  endfacet
  facet normal 0 0 -1
    outer loop
      vertex 108.03 36.03 0
      vertex 108 36.03 0
      vertex 108 47.97 0
    endloop
  endfacet
  facet normal -1 0 0
    outer loop
      vertex 108 36.03 2.7025
      vertex 108 36.03 3.7
      vertex 108 47.97 3.6975000000000002
    endloop
  endfacet
  facet normal -0.08304547985373997 0 0.9965457582448797
    outer loop
      vertex 108 36.03 3.7
      vertex 108.7 36.03 3.7583333333333337
      vertex 108 47.97 3.7
    endloop
  endfacet
  facet normal 0 0 -1
    outer loop
      vertex 108.03 36.03 0
      vertex 108 47.97 0
      vertex 108.69977561442566 48 0
    endloop
  endfacet
  facet normal -1 0 0
    outer loop
      vertex 108 36.03 3.7
      vertex 108 47.97 3.7
      vertex 108 47.97 3.6975000000000002
    endloop
  endfacet
  facet normal 0 0 -1
    outer loop
      vertex 108.03 36.03 0
      vertex 108.7 36 0
      vertex 108.69651741293532 36 0
    endloop
  endfacet
  facet normal 0 0 -1
    outer loop
      vertex 108.03 36.03 0
      vertex 119.97 47.97 0
      vertex 108.7 36 0
    endloop
  endfacet
  facet normal 0 0 -1
    outer loop
      vertex 108.7 36 0
      vertex 120 36.699982587064675 0
      vertex 119.97 36 0
    endloop
  endfacet
  facet normal 0 0 -1
    outer loop
      vertex 108.7 36 0
      vertex 119.97 47.97 0
      vertex 120 36.699982587064675 0
    endloop
  endfacet
  facet normal 0 0 -1
    outer loop
      vertex 108.03 36.03 0
      vertex 108.69977561442566 48 0
      vertex 108.7 48 0
    endloop
  endfacet
  facet normal 0 0 -1
    outer loop
      vertex 108.03 36.03 0
      vertex 108.7 48 0
      vertex 119.30181592039801 48 0
    endloop
  endfacet
  facet normal 0 0 -1
    outer loop
      vertex 108.03 36.03 0
      vertex 119.30181592039801 48 0
      vertex 119.97 47.97 0
    endloop
  endfacet
  facet normal 0 0 -1
    outer loop
      vertex 120 36.699982587064675 0
      vertex 119.97 47.97 0
      vertex 120 47.97 0
    endloop
  endfacet
  facet normal 0 0 -1
    outer loop
      vertex 119.97 47.97 0
      vertex 119.30181592039801 48 0
      vertex 119.30348258706468 48 0
    endloop
  endfacet
  facet normal -0.08304547985373995 0 0.9965457582448796
    outer loop
      vertex 108.7 36 3.7583333333333337
      vertex 119.97 36.699999999999996 4.6975
      vertex 108.7 36.03 3.7583333333333337
    endloop
  endfacet
  facet normal -0.08304547985373993 1.3131411342695909e-18 0.9965457582448796
    outer loop
      vertex 108 47.97 3.7
      vertex 108.7 36.03 3.7583333333333337
      vertex 119.97 36.699999999999996 4.6975
    endloop
  endfacet
  facet normal -0.08304547985373995 1.1023583568962964e-16 0.9965457582448797
    outer loop
      vertex 108.7 36 3.7583333333333337
      vertex 119.97 36 4.6975
      vertex 119.97 36.699999999999996 4.6975
    endloop
  endfacet
  facet normal -0.08304547985373997 -3.1751331422341806e-17 0.9965457582448796
    outer loop
      vertex 108 47.97 3.7
      vertex 119.97 36.699999999999996 4.6975
      vertex 108.7 47.97 3.7583333333333337
    endloop
  endfacet
  facet normal -0.08304547985373997 0 0.9965457582448796
    outer loop
      vertex 108.7 47.97 3.7583333333333337
      vertex 119.3 47.97 4.641666666666667
      vertex 108.7 48 3.7583333333333337
    endloop
  endfacet
  facet normal -0.08304547985373996 -2.823375498079292e-17 0.9965457582448796
    outer loop
      vertex 108.7 47.97 3.7583333333333337
      vertex 119.97 36.699999999999996 4.6975
      vertex 119.3 47.97 4.641666666666667
    endloop
  endfacet
  facet normal -0.08304547985373997 0 0.9965457582448796
    outer loop
      vertex 119.3 47.97 4.641666666666667
      vertex 119.3 48 4.641666666666667
      vertex 108.7 48 3.7583333333333337
    endloop
  endfacet
  facet normal -0.08304547985374973 1.0993115475079806e-20 0.9965457582448787
    outer loop
      vertex 119.97 36.699999999999996 4.6975
      vertex 120 36.699999999999996 4.7
      vertex 120 47.97 4.7
    endloop
  endfacet
  facet normal -0.08304547985373996 -2.6183541218944646e-17 0.9965457582448796
    outer loop
      vertex 119.97 36.699999999999996 4.6975
      vertex 120 47.97 4.7
      vertex 119.3 47.97 4.641666666666667
    endloop
  endfacet
  facet normal 0 0 -1
    outer loop
      vertex 120 36.699982587064675 0
      vertex 120 47.97 0
      vertex 120.69957653103505 36.69957653103505 0
    endloop
  endfacet
  facet normal 0 0 -1
    outer loop
      vertex 120.69957653103505 36.69957653103505 0
      vertex 131.97 47.97 0
      vertex 126.00000000000006 36 0
    endloop
  endfacet
  facet normal 0 0 -1
    outer loop
      vertex 120.69957653103505 36.69957653103505 0
      vertex 120 47.97 0
      vertex 120.7 48 0
    endloop
  endfacet
  facet normal 0 0 -1
    outer loop
      vertex 120.69957653103505 36.69957653103505 0
      vertex 120.7 48 0
      vertex 131.97 47.97 0
    endloop
  endfacet
  facet normal -0.08304547985373996 0 0.9965457582448796
    outer loop
      vertex 120 36.699999999999996 4.7
      vertex 132 36.699999999999996 5.7
      vertex 120 47.97 4.7
    endloop
  endfacet
  facet normal -0.08304547985373997 0 0.9965457582448796
    outer loop
      vertex 120 47.97 4.7
      vertex 132 36.699999999999996 5.7
      vertex 120.7 47.97 4.758333333333334
    endloop
  endfacet
  facet normal -0.08304547985373995 0 0.9965457582448796
    outer loop
      vertex 120.7 47.97 4.758333333333334
      vertex 131.97 48 5.6975
      vertex 120.7 48 4.758333333333334
    endloop
  endfacet
  facet normal 0 0 -1
    outer loop
      vertex 126.00000000000006 36 0
      vertex 132 36.69977561442566 0
      vertex 132 36 0
    endloop
  endfacet
  facet normal 0 0 -1
    outer loop
      vertex 126.00000000000006 36 0
      vertex 132 47.3 0
      vertex 132 36.69977561442566 0
    endloop
  endfacet
  facet normal 0 0 -1
    outer loop
      vertex 126.00000000000006 36 0
      vertex 132 47.30348258706467 0
      vertex 132 47.3 0
    endloop
  endfacet
  facet normal 0 0 -1
    outer loop
      vertex 126.00000000000006 36 0
      vertex 131.97 47.97 0
      vertex 132 47.30348258706467 0
    endloop
  endfacet
  facet normal 0 0 -1
    outer loop
      vertex 131.97 47.97 0
      vertex 120.7 48 0
      vertex 131.97 48 0
    endloop
  endfacet
  facet normal -0.08304547985373995 2.120358095659066e-17 0.9965457582448797
    outer loop
      vertex 120.7 47.97 4.758333333333334
      vertex 132 36.699999999999996 5.7
      vertex 131.97 47.3 5.6975
    endloop
  endfacet
  facet normal -0.08304547985373995 1.1023583568962853e-16 0.9965457582448796
    outer loop
      vertex 120.7 47.97 4.758333333333334
      vertex 131.97 47.3 5.6975
      vertex 131.97 48 5.6975
    endloop
  endfacet
  facet normal -0.08304547985374973 0 0.9965457582448788
    outer loop
      vertex 132 36.699999999999996 5.7
      vertex 132 47.3 5.7
      vertex 131.97 47.3 5.6975
    endloop
  endfacet
  facet normal 0 0 -1
    outer loop
      vertex 132 36.69977561442566 0
      vertex 132 47.3 0
      vertex 132.69458048638037 36.69458048638039 0
    endloop
  endfacet
  facet normal 0 0 -1
    outer loop
      vertex 132.69458048638037 36.69458048638039 0
      vertex 144 42.13085567068121 0
      vertex 138.00000000000003 36 0
    endloop
  endfacet
  facet normal 0 0 -1
    outer loop
      vertex 138.00000000000003 36 0
      vertex 144 42.13085567068121 0
      vertex 143.30181592039804 36 0
    endloop
  endfacet
  facet normal 0 0 -1
    outer loop
      vertex 132.69458048638037 36.69458048638039 0
      vertex 132 47.3 0
      vertex 143.30000000000004 47.300000000000026 0
    endloop
  endfacet
  facet normal 0 0 -1
    outer loop
      vertex 132.69458048638037 36.69458048638039 0
      vertex 143.30000000000004 47.300000000000026 0
      vertex 144 42.13085567068121 0
    endloop
  endfacet
  facet normal 0 0 -1
    outer loop
      vertex 144 42.13085567068121 0
      vertex 143.30000000000004 47.300000000000026 0
      vertex 143.97 47.97 0
    endloop
  endfacet
  facet normal 0 0 -1
    outer loop
      vertex 144 42.13085567068121 0
      vertex 143.97 47.97 0
      vertex 144 47.97 0
    endloop
  endfacet
  facet normal 0 0 -1
    outer loop
      vertex 143.30000000000004 47.300000000000026 0
      vertex 143.63681592039802 48 0
      vertex 143.6519706823028 48 0
    endloop
  endfacet
  facet normal 0 0 -1
    outer loop
      vertex 143.30000000000004 47.300000000000026 0
      vertex 143.6519706823028 48 0
      vertex 143.97 47.97 0
    endloop
  endfacet
  facet normal -0.08304547985373993 0 0.9965457582448796
    outer loop
      vertex 132 36.699999999999996 5.7
      vertex 143.3 36.699999999999996 6.6416666666666675
      vertex 132 47.3 5.7
    endloop
  endfacet
  facet normal -0.08304547985373993 4.0888387737237954e-18 0.9965457582448796
    outer loop
      vertex 132 47.3 5.7
      vertex 143.3 36.699999999999996 6.6416666666666675
      vertex 143.3 47.3 6.6416666666666675
    endloop
  endfacet
  facet normal 0 0 -1
    outer loop
      vertex 0.6598154014655456 48 0
      vertex 0.5954300218731222 48.59543002187312 0
      vertex 6.3427160918975085 48 0
    endloop
  endfacet
  facet normal 0 0 -1
    outer loop
      vertex 0.5954300218731222 48.59543002187312 0
      vertex 0.6996093847601755 48.69960938476017 0
      vertex 6.3427160918975085 48 0
    endloop
  endfacet
  facet normal 0 0 -1
    outer loop
      vertex 0.6996093847601755 48.69960938476017 0
      vertex 0 54 0
      vertex 6.3427160918975085 48 0
    endloop
  endfacet
  facet normal 0 0 -1
    outer loop
      vertex 0 54 0
      vertex 11.302603703522745 59.30260370352274 0
      vertex 6.3427160918975085 48 0
    endloop
  endfacet
  facet normal 0 0 -1
    outer loop
      vertex 0 54 0
      vertex 0 60 0
      vertex 0.003482587064627372 60 0
    endloop
  endfacet
  facet normal 0 0 -1
    outer loop
      vertex 0 54 0
      vertex 0.003482587064627372 60 0
      vertex 11.302603703522745 59.30260370352274 0
    endloop
  endfacet
  facet normal 0 0 -1
    outer loop
      vertex 0.003482587064627372 60 0
      vertex 11.30010738452486 60 0
      vertex 11.302603703522745 59.30260370352274 0
    endloop
  endfacet
  facet normal 0 0 -1
    outer loop
      vertex 6.3427160918975085 48 0
      vertex 12 53.99999999999999 0
      vertex 12 48 0
    endloop
  endfacet
  facet normal 0 0 -1
    outer loop
      vertex 6.3427160918975085 48 0
      vertex 11.302603703522745 59.30260370352274 0
      vertex 12 53.99999999999999 0
    endloop
  endfacet
  facet normal 0 0 -1
    outer loop
      vertex 12 53.99999999999999 0
      vertex 11.302603703522745 59.30260370352274 0
      vertex 12 54.18372395579233 0
    endloop
  endfacet
  facet normal 0 0 -1
    outer loop
      vertex 12 54.18372395579233 0
      vertex 11.302603703522745 59.30260370352274 0
      vertex 11.966470588235294 59.966470588235296 0
    endloop
  endfacet
  facet normal -5.56673230639497e-17 0.08304547985373997 0.9965457582448797
    outer loop
      vertex 0.7 48.699999999999996 26.641666666666666
      vertex 11.3 48.7 26.641666666666666
      vertex 11.3 60 25.7
    endloop
  endfacet
  facet normal 2.0690509457397307e-18 0.08304547985373992 0.9965457582448797
    outer loop
      vertex 0.7 48.699999999999996 26.641666666666666
      vertex 11.3 60 25.7
      vertex 0.7 60 25.7
    endloop
  endfacet
  facet normal 0 1 0
    outer loop
      vertex 0.7 60 25.641666666666666
      vertex 0.7 60 25.7
      vertex 11.3 60 25.7
    endloop
  endfacet
  facet normal 0 1 0
    outer loop
      vertex 0.7 60 25.641666666666666
      vertex 11.3 60 25.7
      vertex 11.3 60 24.758333333333333
    endloop
  endfacet
  facet normal 0 0 -1
    outer loop
      vertex 12.033268149181675 48.03326814918167 0
      vertex 12 53.99999999999999 0
      vertex 12.700000000000001 48.7 0
    endloop
  endfacet
  facet normal 0 0 -1
    outer loop
      vertex 12.700000000000001 48 0
      vertex 12.700000000000001 48.7 0
      vertex 23.301666666666666 48 0
    endloop
  endfacet
  facet normal 0 0 -1
    outer loop
      vertex 12.700000000000001 48.7 0
      vertex 12 53.99999999999999 0
      vertex 18.000141401991016 60 0
    endloop
  endfacet
  facet normal 0 0 -1
    outer loop
      vertex 12 53.99999999999999 0
      vertex 12 54.18372395579233 0
      vertex 18.000141401991016 60 0
    endloop
  endfacet
  facet normal 0 0 -1
    outer loop
      vertex 12 54.18372395579233 0
      vertex 12 60 0
      vertex 18.000141401991016 60 0
    endloop
  endfacet
  facet normal 0 0 -1
    outer loop
      vertex 12.700000000000001 48.7 0
      vertex 18.000141401991016 60 0
      vertex 23.301666666666666 48 0
    endloop
  endfacet
  facet normal 0 0 -1
    outer loop
      vertex 23.301666666666666 48 0
      vertex 18.000141401991016 60 0
      vertex 23.30419924584268 59.304199245842675 0
    endloop
  endfacet
  facet normal 0 0 -1
    outer loop
      vertex 18.000141401991016 60 0
      vertex 23.966703223306094 59.9667032233061 0
      vertex 23.30419924584268 59.304199245842675 0
    endloop
  endfacet
  facet normal 0 0 -1
    outer loop
      vertex 23.301666666666666 48 0
      vertex 23.30419924584268 59.304199245842675 0
      vertex 24 59.3 0
    endloop
  endfacet
  facet normal 0 0 -1
    outer loop
      vertex 23.30419924584268 59.304199245842675 0
      vertex 24 59.764581489121305 0
      vertex 24 59.3 0
    endloop
  endfacet
  facet normal 0 -1 0
    outer loop
      vertex 12.700000000000001 48 16.641666666666666
      vertex 23.3 48 16.7
      vertex 12.700000000000001 48 16.7
    endloop
  endfacet
  facet normal 1.3793672971598216e-18 -0.08304547985373997 0.9965457582448797
    outer loop
      vertex 12.700000000000001 48 16.7
      vertex 23.3 59.3 17.641666666666666
      vertex 12.700000000000001 59.3 17.641666666666666
    endloop
  endfacet
  facet normal 0 -1 0
    outer loop
      vertex 23.3 48 15.758333333333333
      vertex 23.3 48 16.7
      vertex 12.700000000000001 48 16.641666666666666
    endloop
  endfacet
  facet normal 0 -0.08304547985373997 0.9965457582448797
    outer loop
      vertex 12.700000000000001 48 16.7
      vertex 23.3 48 16.7
      vertex 23.3 59.3 17.641666666666666
    endloop
  endfacet
  facet normal 0 0 -1
    outer loop
      vertex 24.7 48.7 0
      vertex 24.69458048638039 48.694580486380396 0
      vertex 24 54 0
    endloop
  endfacet
  facet normal 0 0 -1
    outer loop
      vertex 24.7 48.7 0
      vertex 24 54 0
      vertex 30.36317500000004 60 0
    endloop
  endfacet
  facet normal 0 0 -1
    outer loop
      vertex 24 54 0
      vertex 24 59.3 0
      vertex 30.36317500000004 60 0
    endloop
  endfacet
  facet normal 0 0 -1
    outer loop
      vertex 24 59.3 0
      vertex 24 59.764581489121305 0
      vertex 30.36317500000004 60 0
    endloop
  endfacet
  facet normal 0 0 -1
    outer loop
      vertex 24 59.764581489121305 0
      vertex 24 59.96843746702466 0
      vertex 30.36317500000004 60 0
    endloop
  endfacet
  facet normal 0 0 -1
    outer loop
      vertex 24 59.96843746702466 0
      vertex 24.03 60 0
      vertex 30.019327326665906 60 0
    endloop
  endfacet
  facet normal 0 0 -1
    outer loop
      vertex 24.7 48 0
      vertex 24.7 48.7 0
      vertex 35.97 48 0
    endloop
  endfacet
  facet normal 0 0 -1
    outer loop
      vertex 24.7 48.7 0
      vertex 36 48.699982587064675 0
      vertex 35.97 48 0
    endloop
  endfacet
  facet normal 0 0 -1
    outer loop
      vertex 24.7 48.7 0
      vertex 35.3 59.3 0
      vertex 36 48.699982587064675 0
    endloop
  endfacet
  facet normal 0 0 -1
    outer loop
      vertex 24.7 48.7 0
      vertex 30.36317500000004 60 0
      vertex 35.3 59.3 0
    endloop
  endfacet
  facet normal 0 0 -1
    outer loop
      vertex 24 59.96843746702466 0
      vertex 30.019327326665906 60 0
      vertex 30.36317500000004 60 0
    endloop
  endfacet
  facet normal 0 0 -1
    outer loop
      vertex 30.36317500000004 60 0
      vertex 35.96802751414828 59.96802751414828 0
      vertex 35.3 59.3 0
    endloop
  endfacet
  facet normal 0 -1 0
    outer loop
      vertex 24.7 48 15.641666666666666
      vertex 35.97 48 15.7
      vertex 24.7 48 15.7
    endloop
  endfacet
  facet normal 1.0446097685808131e-16 -0.08304547985373997 0.9965457582448797
    outer loop
      vertex 24.7 48 15.7
      vertex 35.97 48.699999999999996 15.758333333333331
      vertex 24.7 59.3 16.641666666666666
    endloop
  endfacet
  facet normal 0 -1 0
    outer loop
      vertex 24.7 48 15.641666666666666
      vertex 35.97 48 14.702499999999999
      vertex 35.97 48 15.7
    endloop
  endfacet
  facet normal 0 -0.08304547985373831 0.9965457582448798
    outer loop
      vertex 24.7 48 15.7
      vertex 35.97 48 15.7
      vertex 35.97 48.699999999999996 15.758333333333331
    endloop
  endfacet
  facet normal 0 0 -1
    outer loop
      vertex 35.3 59.3 0
      vertex 36 59.3 0
      vertex 36 48.699982587064675 0
    endloop
  endfacet
  facet normal -5.900736244778445e-14 -0.08304547985373992 0.9965457582448796
    outer loop
      vertex 36 48.699999999999996 15.758333333333333
      vertex 36 59.3 16.641666666666666
      vertex 35.97 48.699999999999996 15.758333333333331
    endloop
  endfacet
  facet normal -7.290941427844721e-18 -0.08304547985374007 0.9965457582448796
    outer loop
      vertex 35.97 48.699999999999996 15.758333333333331
      vertex 36 59.3 16.641666666666666
      vertex 24.7 59.3 16.641666666666666
    endloop
  endfacet
  facet normal 0 0 -1
    outer loop
      vertex 36 48.699982587064675 0
      vertex 36 59.3 0
      vertex 36.69957653103505 48.69957653103505 0
    endloop
  endfacet
  facet normal 0 0 -1
    outer loop
      vertex 36.69957653103505 48.69957653103505 0
      vertex 47.30039061523982 59.30039061523982 0
      vertex 42.00000000000005 48 0
    endloop
  endfacet
  facet normal 0 0 -1
    outer loop
      vertex 36.69957653103505 48.69957653103505 0
      vertex 36 59.3 0
      vertex 42.00000000000003 60 0
    endloop
  endfacet
  facet normal 0 0 -1
    outer loop
      vertex 36 59.3 0
      vertex 36 59.9713596748148 0
      vertex 42.00000000000003 60 0
    endloop
  endfacet
  facet normal 0 0 -1
    outer loop
      vertex 36 59.9713596748148 0
      vertex 36.030027772343765 60 0
      vertex 42.00000000000003 60 0
    endloop
  endfacet
  facet normal 0 0 -1
    outer loop
      vertex 36.69957653103505 48.69957653103505 0
      vertex 42.00000000000003 60 0
      vertex 47.30039061523982 59.30039061523982 0
    endloop
  endfacet
  facet normal 0 0 -1
    outer loop
      vertex 42.00000000000005 48 0
      vertex 48 48.69651741293532 0
      vertex 48 48 0
    endloop
  endfacet
  facet normal 0 0 -1
    outer loop
      vertex 42.00000000000005 48 0
      vertex 47.30039061523982 59.30039061523982 0
      vertex 48 48.69651741293532 0
    endloop
  endfacet
  facet normal 0 0 -1
    outer loop
      vertex 48 48.69651741293532 0
      vertex 47.30039061523982 59.30039061523982 0
      vertex 48 59.30348258706468 0
    endloop
  endfacet
  facet normal 0 0 -1
    outer loop
      vertex 47.30039061523982 59.30039061523982 0
      vertex 47.97 59.97 0
      vertex 48 59.30348258706468 0
    endloop
  endfacet
  facet normal -1 0 0
    outer loop
      vertex 36 48.699999999999996 15.758333333333333
      vertex 36 48.699999999999996 16.7
      vertex 36 59.3 16.641666666666666
    endloop
  endfacet
  facet normal -0.08304547985373997 0 0.9965457582448796
    outer loop
      vertex 36 48.699999999999996 16.7
      vertex 48 48.699999999999996 17.7
      vertex 36 59.3 16.7
    endloop
  endfacet
  facet normal -1 0 0
    outer loop
      vertex 36 48.699999999999996 16.7
      vertex 36 59.3 16.7
      vertex 36 59.3 16.641666666666666
    endloop
  endfacet
  facet normal -0.08304547985373997 0 0.9965457582448796
    outer loop
      vertex 36 59.3 16.7
      vertex 48 48.699999999999996 17.7
      vertex 48 59.3 17.7
    endloop
  endfacet
  facet normal 0 0 -1
    outer loop
      vertex 48.03 48.03 0
      vertex 48 48.69651741293532 0
      vertex 48.699999999999996 48.699999999999996 0
    endloop
  endfacet
  facet normal 0 0 -1
    outer loop
      vertex 48.699999999999996 48.699999999999996 0
      vertex 54.00000000000001 48 0
      vertex 53.636825000000016 48 0
    endloop
  endfacet
  facet normal 0 0 -1
    outer loop
      vertex 48 48.69651741293532 0
      vertex 54.00000000000002 60 0
      vertex 48.699999999999996 48.699999999999996 0
    endloop
  endfacet
  facet normal 0 0 -1
    outer loop
      vertex 48 48.69651741293532 0
      vertex 48 59.30348258706468 0
      vertex 54.00000000000002 60 0
    endloop
  endfacet
  facet normal 0 0 -1
    outer loop
      vertex 48 59.30348258706468 0
      vertex 48 60 0
      vertex 54.00000000000002 60 0
    endloop
  endfacet
  facet normal 0 0 -1
    outer loop
      vertex 48.699999999999996 48.699999999999996 0
      vertex 59.30348258706467 60 0
      vertex 54.00000000000001 48 0
    endloop
  endfacet
  facet normal 0 0 -1
    outer loop
      vertex 54.00000000000001 48 0
      vertex 59.30348258706467 60 0
      vertex 60 48 0
    endloop
  endfacet
  facet normal 0 0 -1
    outer loop
      vertex 48.699999999999996 48.699999999999996 0
      vertex 54.00000000000002 60 0
      vertex 59.30348258706467 60 0
    endloop
  endfacet
  facet normal 0 0 -1
    outer loop
      vertex 60 48 0
      vertex 59.30348258706467 60 0
      vertex 60 59.50684931506844 0
    endloop
  endfacet
  facet normal 0 0 -1
    outer loop
      vertex 59.30348258706467 60 0
      vertex 59.97 59.97 0
      vertex 60 59.50684931506844 0
    endloop
  endfacet
  facet normal 0 0 -1
    outer loop
      vertex 60 59.50684931506844 0
      vertex 59.97 59.97 0
      vertex 60 59.97 0
    endloop
  endfacet
  facet normal -0.08304547985373997 0 0.9965457582448797
    outer loop
      vertex 48 48.699999999999996 17.7
      vertex 59.3 48.7 18.641666666666666
      vertex 48 59.3 17.7
    endloop
  endfacet
  facet normal -0.08304547985373997 1.3793672971598224e-18 0.9965457582448797
    outer loop
      vertex 48 59.3 17.7
      vertex 59.3 48.7 18.641666666666666
      vertex 59.3 59.3 18.641666666666666
    endloop
  endfacet
  facet normal 0 0 -1
    outer loop
      vertex 60 59.50684931506844 0
      vertex 60 59.97 0
      vertex 60.36318407960199 60 0
    endloop
  endfacet
  facet normal 0 0 -1
    outer loop
      vertex 60 59.97 0
      vertex 60.02804386030049 60 0
      vertex 60.36318407960199 60 0
    endloop
  endfacet
  facet normal 0 0 -1
    outer loop
      vertex 60.699999999999996 48 0
      vertex 60.699999999999996 60 0
      vertex 71.30657280640459 48 0
    endloop
  endfacet
  facet normal 0 0 -1
    outer loop
      vertex 71.30657280640459 48 0
      vertex 72 53.635 0
      vertex 71.64642750963904 48 0
    endloop
  endfacet
  facet normal 0 0 -1
    outer loop
      vertex 60.699999999999996 60 0
      vertex 72 53.635 0
      vertex 71.30657280640459 48 0
    endloop
  endfacet
  facet normal 0 0 -1
    outer loop
      vertex 60.699999999999996 60 0
      vertex 72 54.0282796543598 0
      vertex 72 53.635 0
    endloop
  endfacet
  facet normal 0 0 -1
    outer loop
      vertex 60.699999999999996 60 0
      vertex 71.78862606945144 59.78862606945143 0
      vertex 72 54.0282796543598 0
    endloop
  endfacet
  facet normal 0 0 -1
    outer loop
      vertex 60.699999999999996 60 0
      vertex 71.3607305936073 60 0
      vertex 71.78862606945144 59.78862606945143 0
    endloop
  endfacet
  facet normal 0 -0.08304547985373997 0.9965457582448796
    outer loop
      vertex 60.699999999999996 48 12.7
      vertex 71.3 48 12.7
      vertex 71.3 60 13.7
    endloop
  endfacet
  facet normal 0 -0.08304547985373997 0.9965457582448796
    outer loop
      vertex 60.699999999999996 48 12.7
      vertex 71.3 60 13.7
      vertex 60.699999999999996 60 13.7
    endloop
  endfacet
  facet normal 0 0 -1
    outer loop
      vertex 72.05753424657534 48 0
      vertex 72.7 48.7 0
      vertex 72.7 48 0
    endloop
  endfacet
  facet normal 0 0 -1
    outer loop
      vertex 72.03377110694184 48.03377110694184 0
      vertex 72 53.635 0
      vertex 72.7 48.7 0
    endloop
  endfacet
  facet normal 0 0 -1
    outer loop
      vertex 72.7 48 0
      vertex 72.7 48.7 0
      vertex 84 48.69833333333333 0
    endloop
  endfacet
  facet normal 0 0 -1
    outer loop
      vertex 72.7 48.7 0
      vertex 72 53.635 0
      vertex 83.3 59.3 0
    endloop
  endfacet
  facet normal 0 0 -1
    outer loop
      vertex 72.7 48.7 0
      vertex 83.3 59.3 0
      vertex 84 48.69833333333333 0
    endloop
  endfacet
  facet normal 0 0 -1
    outer loop
      vertex 72 53.635 0
      vertex 72 54.0282796543598 0
      vertex 78.00000000000003 60 0
    endloop
  endfacet
  facet normal 0 0 -1
    outer loop
      vertex 72 54.0282796543598 0
      vertex 72 60 0
      vertex 77.8162760442077 60 0
    endloop
  endfacet
  facet normal 0 0 -1
    outer loop
      vertex 72 54.0282796543598 0
      vertex 77.8162760442077 60 0
      vertex 78.00000000000003 60 0
    endloop
  endfacet
  facet normal 0 0 -1
    outer loop
      vertex 72 53.635 0
      vertex 78.00000000000003 60 0
      vertex 83.3 59.3 0
    endloop
  endfacet
  facet normal 0 0 -1
    outer loop
      vertex 84 48.69833333333333 0
      vertex 83.3 59.3 0
      vertex 84 59.3 0
    endloop
  endfacet
  facet normal 0 0 -1
    outer loop
      vertex 78.00000000000003 60 0
      vertex 83.96673185081832 59.96673185081833 0
      vertex 83.3 59.3 0
    endloop
  endfacet
  facet normal 0.08304547985373997 0 0.9965457582448797
    outer loop
      vertex 72.7 48.699999999999996 6.641666666666667
      vertex 84 48.699999999999996 5.7
      vertex 72.7 59.3 6.641666666666667
    endloop
  endfacet
  facet normal 0.08304547985373997 -1.3793672971598215e-18 0.9965457582448797
    outer loop
      vertex 72.7 59.3 6.641666666666667
      vertex 84 48.699999999999996 5.7
      vertex 84 59.3 5.7
    endloop
  endfacet
  facet normal 1 0 0
    outer loop
      vertex 84 48.699999999999996 4.758333333333333
      vertex 84 59.3 5.641666666666667
      vertex 84 48.699999999999996 5.7
    endloop
  endfacet
  facet normal 1 0 0
    outer loop
      vertex 84 48.699999999999996 5.7
      vertex 84 59.3 5.641666666666667
      vertex 84 59.3 5.7
    endloop
  endfacet
  facet normal 0 0 -1
    outer loop
      vertex 84.03 48 0
      vertex 84.03 48.03 0
      vertex 95.30166666666666 48 0
    endloop
  endfacet
  facet normal 0 0 -1
    outer loop
      vertex 84.03 48.03 0
      vertex 84 48.69651741293532 0
      vertex 95.30166666666666 48 0
    endloop
  endfacet
  facet normal 0 0 -1
    outer loop
      vertex 84 48.69651741293532 0
      vertex 84 48.69833333333333 0
      vertex 95.30166666666666 48 0
    endloop
  endfacet
  facet normal 0 0 -1
    outer loop
      vertex 84 48.69833333333333 0
      vertex 84 59.3 0
      vertex 95.30166666666666 48 0
    endloop
  endfacet
  facet normal 0 0 -1
    outer loop
      vertex 84 59.3 0
      vertex 84 60 0
      vertex 84.7 60 0
    endloop
  endfacet
  facet normal 0 0 -1
    outer loop
      vertex 84 59.3 0
      vertex 84.7 60 0
      vertex 95.30166666666666 48 0
    endloop
  endfacet
  facet normal 0 -0.08304547985373999 0.9965457582448796
    outer loop
      vertex 84 48.699999999999996 4.758333333333333
      vertex 84.03 48.699999999999996 4.758333333333333
      vertex 84.03 59.3 5.641666666666667
    endloop
  endfacet
  facet normal 0 -1 0
    outer loop
      vertex 84.03 48 4.7
      vertex 84.03 48 4.6975
      vertex 95.3 48 4.7
    endloop
  endfacet
  facet normal 0 -0.08304547985373954 0.9965457582448797
    outer loop
      vertex 84.03 48 4.7
      vertex 95.3 48 4.7
      vertex 84.03 48.699999999999996 4.758333333333333
    endloop
  endfacet
  facet normal -2.785835865844509e-17 -0.08304547985373999 0.9965457582448796
    outer loop
      vertex 84.03 48.699999999999996 4.758333333333333
      vertex 95.3 48 4.7
      vertex 84.03 59.3 5.641666666666667
    endloop
  endfacet
  facet normal 1.1504580099882518e-15 -0.08304547985373999 0.9965457582448796
    outer loop
      vertex 84 48.699999999999996 4.758333333333333
      vertex 84.03 59.3 5.641666666666667
      vertex 84 59.3 5.641666666666667
    endloop
  endfacet
  facet normal 4.429322734429726e-16 -0.08304547985373953 0.9965457582448797
    outer loop
      vertex 84.03 59.3 5.641666666666667
      vertex 95.3 48 4.7
      vertex 84.03 59.97 5.6975
    endloop
  endfacet
  facet normal 0 -0.08304547985373993 0.9965457582448796
    outer loop
      vertex 84.03 59.97 5.6975
      vertex 95.3 48 4.7
      vertex 84.7 59.97 5.6975
    endloop
  endfacet
  facet normal 1.1687963340014105e-20 -0.08304547985374973 0.9965457582448788
    outer loop
      vertex 84.7 59.97 5.6975
      vertex 95.3 60 5.7
      vertex 84.7 60 5.7
    endloop
  endfacet
  facet normal 0 0 -1
    outer loop
      vertex 84.7 60 0
      vertex 95.96833333333333 60 0
      vertex 95.30166666666666 48 0
    endloop
  endfacet
  facet normal 0 -1 0
    outer loop
      vertex 84.03 48 4.6975
      vertex 95.3 48 3.7583333333333337
      vertex 95.3 48 4.7
    endloop
  endfacet
  facet normal -2.7845099427260654e-17 -0.08304547985373997 0.9965457582448796
    outer loop
      vertex 84.7 59.97 5.6975
      vertex 95.3 48 4.7
      vertex 95.3 60 5.7
    endloop
  endfacet
  facet normal 0 0 -1
    outer loop
      vertex 96.7 48.7 0
      vertex 96.69458048638039 48.694580486380396 0
      vertex 96 54 0
    endloop
  endfacet
  facet normal 0 0 -1
    outer loop
      vertex 96.7 48.7 0
      vertex 96 54 0
      vertex 102.56894692444791 60 0
    endloop
  endfacet
  facet normal 0 0 -1
    outer loop
      vertex 96 54 0
      vertex 96 60 0
      vertex 102.56894692444791 60 0
    endloop
  endfacet
  facet normal 0 0 -1
    outer loop
      vertex 96.7 48 0
      vertex 96.7 48.7 0
      vertex 107.30166666666666 48 0
    endloop
  endfacet
  facet normal 0 0 -1
    outer loop
      vertex 96.7 48.7 0
      vertex 107.3 59.3 0
      vertex 107.30166666666666 48 0
    endloop
  endfacet
  facet normal 0 -0.08304547985373997 0.9965457582448797
    outer loop
      vertex 96.7 48 3.7
      vertex 107.3 48 3.7
      vertex 107.3 59.3 4.641666666666667
    endloop
  endfacet
  facet normal 0 0 -1
    outer loop
      vertex 96.7 48.7 0
      vertex 102.56894692444791 60 0
      vertex 107.3 59.3 0
    endloop
  endfacet
  facet normal 0 0 -1
    outer loop
      vertex 107.30166666666666 48 0
      vertex 107.3 59.3 0
      vertex 108 59.3 0
    endloop
  endfacet
  facet normal 0 0 -1
    outer loop
      vertex 102.56894692444791 60 0
      vertex 102.90317500000003 60 0
      vertex 107.3 59.3 0
    endloop
  endfacet
  facet normal 0 0 -1
    outer loop
      vertex 102.90317500000003 60 0
      vertex 107.96622889305816 59.966228893058165 0
      vertex 107.3 59.3 0
    endloop
  endfacet
  facet normal 0 0 -1
    outer loop
      vertex 107.3 59.3 0
      vertex 108 59.93490966100388 0
      vertex 108 59.3 0
    endloop
  endfacet
  facet normal 1.3793672971598224e-18 -0.08304547985373997 0.9965457582448797
    outer loop
      vertex 96.7 48 3.7
      vertex 107.3 59.3 4.641666666666667
      vertex 96.7 59.3 4.641666666666667
    endloop
  endfacet
  facet normal 0 0 -1
    outer loop
      vertex 108 59.3 0
      vertex 108 59.93490966100388 0
      vertex 108.6632521019193 60 0
    endloop
  endfacet
  facet normal 0 0 -1
    outer loop
      vertex 108 59.93490966100388 0
      vertex 108 59.994106166915245 0
      vertex 108.06266590891383 60 0
    endloop
  endfacet
  facet normal 0 0 -1
    outer loop
      vertex 108 59.93490966100388 0
      vertex 108.06266590891383 60 0
      vertex 108.6632521019193 60 0
    endloop
  endfacet
  facet normal 0 0 -1
    outer loop
      vertex 108 54 0
      vertex 108.7 48.7 0
      vertex 108.69458048638039 48.694580486380396 0
    endloop
  endfacet
  facet normal 0 0 -1
    outer loop
      vertex 108.7 48 0
      vertex 108.7 48.7 0
      vertex 119.30181592039801 48 0
    endloop
  endfacet
  facet normal 0 0 -1
    outer loop
      vertex 108.7 48.7 0
      vertex 119.3 59.3 0
      vertex 119.30181592039801 48 0
    endloop
  endfacet
  facet normal 0 0 -1
    outer loop
      vertex 108 54 0
      vertex 119.50684931506852 60 0
      vertex 108.7 48.7 0
    endloop
  endfacet
  facet normal 0 0 -1
    outer loop
      vertex 108 54 0
      vertex 108 59.3 0
      vertex 119.50684931506852 60 0
    endloop
  endfacet
  facet normal 0 0 -1
    outer loop
      vertex 108 59.3 0
      vertex 108.6632521019193 60 0
      vertex 119.50684931506852 60 0
    endloop
  endfacet
  facet normal 0 0 -1
    outer loop
      vertex 108.7 48.7 0
      vertex 119.50684931506852 60 0
      vertex 119.3 59.3 0
    endloop
  endfacet
  facet normal 0 0 -1
    outer loop
      vertex 119.30181592039801 48 0
      vertex 119.3 59.3 0
      vertex 120 60 0
    endloop
  endfacet
  facet normal 0 -1 0
    outer loop
      vertex 108.7 48 3.7583333333333337
      vertex 119.3 48 4.641666666666667
      vertex 108.7 48 4.7
    endloop
  endfacet
  facet normal 0 -1 0
    outer loop
      vertex 108.7 48 4.7
      vertex 119.3 48 4.641666666666667
      vertex 119.3 48 4.7
    endloop
  endfacet
  facet normal 0 -0.08304547985373997 0.9965457582448797
    outer loop
      vertex 108.7 48 4.7
      vertex 119.3 48 4.7
      vertex 119.3 59.3 5.641666666666667
    endloop
  endfacet
  facet normal 1.3793672971598224e-18 -0.08304547985373997 0.9965457582448797
    outer loop
      vertex 108.7 48 4.7
      vertex 119.3 59.3 5.641666666666667
      vertex 108.7 59.3 5.641666666666667
    endloop
  endfacet
  facet normal 0 0 -1
    outer loop
      vertex 120.7 48 0
      vertex 120.7 60 0
      vertex 131.97 48 0
    endloop
  endfacet
  facet normal 0 -1 0
    outer loop
      vertex 120.7 48 4.758333333333334
      vertex 131.97 48 5.6975
      vertex 120.7 48 5.7
    endloop
  endfacet
  facet normal 2.7833661531974825e-17 -0.08304547985373997 0.9965457582448797
    outer loop
      vertex 120.7 48 5.7
      vertex 131.3 59.97 6.6975
      vertex 120.7 60 6.7
    endloop
  endfacet
  facet normal 0 0 -1
    outer loop
      vertex 120.7 60 0
      vertex 132 48.69978843935908 0
      vertex 131.97 48 0
    endloop
  endfacet
  facet normal 0 0 -1
    outer loop
      vertex 120.7 60 0
      vertex 132 59.3017209851325 0
      vertex 132 48.69978843935908 0
    endloop
  endfacet
  facet normal 0 0 -1
    outer loop
      vertex 120.7 60 0
      vertex 131.97 59.97 0
      vertex 132 59.3017209851325 0
    endloop
  endfacet
  facet normal 0 0 -1
    outer loop
      vertex 120.7 60 0
      vertex 131.30167500000002 60 0
      vertex 131.97 59.97 0
    endloop
  endfacet
  facet normal 0 0 -1
    outer loop
      vertex 132 59.3017209851325 0
      vertex 131.97 59.97 0
      vertex 132 60 0
    endloop
  endfacet
  facet normal 0 -1 0
    outer loop
      vertex 120.7 48 5.7
      vertex 131.97 48 5.6975
      vertex 131.97 48 5.7
    endloop
  endfacet
  facet normal 0 -0.0830454798537408 0.9965457582448796
    outer loop
      vertex 120.7 48 5.7
      vertex 131.97 48 5.7
      vertex 131.97 48.699999999999996 5.758333333333334
    endloop
  endfacet
  facet normal -5.62724026624709e-17 -0.0830454798537399 0.9965457582448796
    outer loop
      vertex 120.7 48 5.7
      vertex 131.97 48.699999999999996 5.758333333333334
      vertex 131.97 59.3 6.641666666666667
    endloop
  endfacet
  facet normal 2.9503681223892224e-14 -0.08304547985373992 0.9965457582448796
    outer loop
      vertex 132 48.699999999999996 5.758333333333333
      vertex 131.97 59.3 6.641666666666667
      vertex 131.97 48.699999999999996 5.758333333333334
    endloop
  endfacet
  facet normal -3.6244175797962374e-16 -0.08304547985373957 0.9965457582448797
    outer loop
      vertex 120.7 48 5.7
      vertex 131.97 59.3 6.641666666666667
      vertex 131.97 59.97 6.6975
    endloop
  endfacet
  facet normal -8.683461035783378e-17 -0.08304547985373995 0.9965457582448798
    outer loop
      vertex 120.7 48 5.7
      vertex 131.97 59.97 6.6975
      vertex 131.3 59.97 6.6975
    endloop
  endfacet
  facet normal 0 -0.08304547985374972 0.9965457582448788
    outer loop
      vertex 120.7 60 6.7
      vertex 131.3 59.97 6.6975
      vertex 131.3 60 6.7
    endloop
  endfacet
  facet normal 1.1504580099882518e-15 -0.08304547985373999 0.9965457582448796
    outer loop
      vertex 132 48.699999999999996 5.758333333333333
      vertex 132 59.3 6.641666666666667
      vertex 131.97 59.3 6.641666666666667
    endloop
  endfacet
  facet normal 0 0 -1
    outer loop
      vertex 132 48.69978843935908 0
      vertex 143.97 59.97 0
      vertex 132.69488807381703 48.69488807381702 0
    endloop
  endfacet
  facet normal 0 0 -1
    outer loop
      vertex 132.69488807381703 48.69488807381702 0
      vertex 143.97 59.97 0
      vertex 138.00000000000003 48 0
    endloop
  endfacet
  facet normal 0 0 -1
    outer loop
      vertex 138.00000000000003 48 0
      vertex 144 53.99999999999986 0
      vertex 143.63681592039802 48 0
    endloop
  endfacet
  facet normal 0 0 -1
    outer loop
      vertex 138.00000000000003 48 0
      vertex 143.97 59.97 0
      vertex 144 53.99999999999986 0
    endloop
  endfacet
  facet normal 0 0 -1
    outer loop
      vertex 132 48.69978843935908 0
      vertex 132 59.3017209851325 0
      vertex 143.97 59.97 0
    endloop
  endfacet
  facet normal 0 0 -1
    outer loop
      vertex 132 59.3017209851325 0
      vertex 143.6331144465291 60 0
      vertex 143.97 59.97 0
    endloop
  endfacet
  facet normal 0 0 -1
    outer loop
      vertex 144 53.99999999999986 0
      vertex 143.97 59.97 0
      vertex 144 59.97 0
    endloop
  endfacet
  facet normal 0 0 -1
    outer loop
      vertex 143.65198375 60 0
      vertex 143.97 59.97 0
      vertex 143.63681592039802 60 0
    endloop
  endfacet
  facet normal 0 0 -1
    outer loop
      vertex 143.6331144465291 60 0
      vertex 143.63681592039802 60 0
      vertex 143.97 59.97 0
    endloop
  endfacet
  facet normal -1 0 0
    outer loop
      vertex 132 48.699999999999996 5.758333333333333
      vertex 132 48.699999999999996 6.7
      vertex 132 59.3 6.641666666666667
    endloop
  endfacet
  facet normal -1 0 0
    outer loop
      vertex 132 48.699999999999996 6.7
      vertex 132 59.3 6.7
      vertex 132 59.3 6.641666666666667
    endloop
  endfacet
  facet normal -0.08304547985373993 0 0.9965457582448796
    outer loop
      vertex 132 48.699999999999996 6.7
      vertex 143.3 48.699999999999996 7.6416666666666675
      vertex 132 59.3 6.7
    endloop
  endfacet
  facet normal -0.08304547985373993 4.0888387737237954e-18 0.9965457582448796
    outer loop
      vertex 132 59.3 6.7
      vertex 143.3 48.699999999999996 7.6416666666666675
      vertex 143.3 59.3 7.6416666666666675
    endloop
  endfacet
  facet normal 0 0 -1
    outer loop
      vertex 0.003482587064627372 60 0
      vertex 12 60.69999991379735 0
      vertex 11.30010738452486 60 0
    endloop
  endfacet
  facet normal 0 0 -1
    outer loop
      vertex 0.003482587064627372 60 0
      vertex 0.00014380606724441767 60.00014380606724 0
      vertex 11.97 71.97 0
    endloop
  endfacet
  facet normal 0 0 -1
    outer loop
      vertex 0.003482587064627372 60 0
      vertex 12 71.3 0
      vertex 12 60.69999991379735 0
    endloop
  endfacet
  facet normal 0 0 -1
    outer loop
      vertex 0.00014380606724441767 60.00014380606724 0
      vertex 0.7 72 0
      vertex 11.303482587064677 72 0
    endloop
  endfacet
  facet normal 0 0 -1
    outer loop
      vertex 0.003482587064627372 60 0
      vertex 11.97 71.97 0
      vertex 12 71.3 0
    endloop
  endfacet
  facet normal 0 0 -1
    outer loop
      vertex 0.00014380606724441767 60.00014380606724 0
      vertex 11.303482587064677 72 0
      vertex 11.97 71.97 0
    endloop
  endfacet
  facet normal 0 0 -1
    outer loop
      vertex 11.30010738452486 60 0
      vertex 12 60.69999991379735 0
      vertex 12 60 0
    endloop
  endfacet
  facet normal 0 0 -1
    outer loop
      vertex 12 71.3 0
      vertex 11.97 71.97 0
      vertex 12 72 0
    endloop
  endfacet
  facet normal 0.08304547985373992 5.195616819301795e-16 0.9965457582448796
    outer loop
      vertex 0.7 60 25.641666666666666
      vertex 11.3 60 24.758333333333333
      vertex 11.3 60.03 24.758333333333333
    endloop
  endfacet
  facet normal 0.08304547985373843 -6.5937618312974014e-15 0.9965457582448798
    outer loop
      vertex 11.3 60.03 24.758333333333333
      vertex 11.97 60.03 24.7025
      vertex 0.7 62.4263198757764 25.641666666666666
    endloop
  endfacet
  facet normal 0.08304547985373983 0 0.9965457582448797
    outer loop
      vertex 11.97 60.03 24.7025
      vertex 11.97 60.699999999999996 24.7025
      vertex 0.7 62.4263198757764 25.641666666666666
    endloop
  endfacet
  facet normal 0.08304547985373993 0 0.9965457582448797
    outer loop
      vertex 0.7 60 25.641666666666666
      vertex 11.3 60.03 24.758333333333333
      vertex 0.7 62.4263198757764 25.641666666666666
    endloop
  endfacet
  facet normal 0.0830454798537398 4.834215535287289e-18 0.9965457582448796
    outer loop
      vertex 0.7 62.4263198757764 25.641666666666666
      vertex 11.97 60.699999999999996 24.7025
      vertex 11.97 71.3 24.7025
    endloop
  endfacet
  facet normal 0.08304547985373974 7.648161891648528e-17 0.9965457582448797
    outer loop
      vertex 0.7 62.4263198757764 25.641666666666666
      vertex 11.97 71.3 24.7025
      vertex 11.97 71.97 24.7025
    endloop
  endfacet
  facet normal 0.08304547985373832 1.7852815170142713e-15 0.9965457582448798
    outer loop
      vertex 0.7 62.4263198757764 25.641666666666666
      vertex 11.97 71.97 24.7025
      vertex 11.3 71.97 24.758333333333333
    endloop
  endfacet
  facet normal 0.08304547985373992 0 0.9965457582448796
    outer loop
      vertex 0.7 62.4263198757764 25.641666666666666
      vertex 11.3 71.97 24.758333333333333
      vertex 0.7 72 25.641666666666666
    endloop
  endfacet
  facet normal 0.08304547985373992 5.195616819301795e-16 0.9965457582448796
    outer loop
      vertex 0.7 72 25.641666666666666
      vertex 11.3 71.97 24.758333333333333
      vertex 11.3 72 24.758333333333333
    endloop
  endfacet
  facet normal 0.08304547985378391 1.379451487314658e-20 0.9965457582448759
    outer loop
      vertex 12 60.699999999999996 24.7
      vertex 11.97 71.3 24.7025
      vertex 11.97 60.699999999999996 24.7025
    endloop
  endfacet
  facet normal 0.08304547985378391 0 0.9965457582448759
    outer loop
      vertex 12 60.699999999999996 24.7
      vertex 12 71.3 24.7
      vertex 11.97 71.3 24.7025
    endloop
  endfacet
  facet normal 0 0 -1
    outer loop
      vertex 12 60.69999991379735 0
      vertex 12 71.3 0
      vertex 24 71.3 0
    endloop
  endfacet
  facet normal 0 0 -1
    outer loop
      vertex 12 60.69999991379735 0
      vertex 24 71.3 0
      vertex 24 60.6999654327373 0
    endloop
  endfacet
  facet normal 1 0 0
    outer loop
      vertex 24 60.699999999999996 23.641666666666666
      vertex 24 71.3 23.7
      vertex 24 60.699999999999996 23.7
    endloop
  endfacet
  facet normal 0.08304547985373997 0 0.9965457582448796
    outer loop
      vertex 24 60.699999999999996 23.7
      vertex 24 71.3 23.7
      vertex 12 71.3 24.7
    endloop
  endfacet
  facet normal 1 0 0
    outer loop
      vertex 24 60.699999999999996 23.641666666666666
      vertex 24 71.3 22.758333333333333
      vertex 24 71.3 23.7
    endloop
  endfacet
  facet normal 0.08304547985373997 0 0.9965457582448796
    outer loop
      vertex 24 60.699999999999996 23.7
      vertex 12 71.3 24.7
      vertex 12 60.699999999999996 24.7
    endloop
  endfacet
  facet normal 0 0 -1
    outer loop
      vertex 24.03 60.03 0
      vertex 24 60.69648267866406 0
      vertex 24.69524931865626 60.69524931865626 0
    endloop
  endfacet
  facet normal 0 0 -1
    outer loop
      vertex 24 60.6999654327373 0
      vertex 24.69524931865626 60.69524931865626 0
      vertex 24 60.69648267866406 0
    endloop
  endfacet
  facet normal 0 0 -1
    outer loop
      vertex 24 60.6999654327373 0
      vertex 24 71.3 0
      vertex 24.69524931865626 60.69524931865626 0
    endloop
  endfacet
  facet normal 0 0 -1
    outer loop
      vertex 30.019327326665906 60 0
      vertex 24.69524931865626 60.69524931865626 0
      vertex 24 71.3 0
    endloop
  endfacet
  facet normal 0 0 -1
    outer loop
      vertex 30.019327326665906 60 0
      vertex 36 65.63500000000003 0
      vertex 30.36317500000004 60 0
    endloop
  endfacet
  facet normal 0 0 -1
    outer loop
      vertex 30.36317500000004 60 0
      vertex 36 60.657460507861195 0
      vertex 35.972645401678804 60 0
    endloop
  endfacet
  facet normal 0 0 -1
    outer loop
      vertex 30.36317500000004 60 0
      vertex 36 65.63500000000003 0
      vertex 36 60.657460507861195 0
    endloop
  endfacet
  facet normal 0 0 -1
    outer loop
      vertex 30.019327326665906 60 0
      vertex 36 66.34406912804401 0
      vertex 36 65.63500000000003 0
    endloop
  endfacet
  facet normal 0 0 -1
    outer loop
      vertex 30.019327326665906 60 0
      vertex 35.30330072365843 71.30330072365844 0
      vertex 36 66.34406912804401 0
    endloop
  endfacet
  facet normal 0 0 -1
    outer loop
      vertex 30.019327326665906 60 0
      vertex 24 71.3 0
      vertex 35.30330072365843 71.30330072365844 0
    endloop
  endfacet
  facet normal 0 0 -1
    outer loop
      vertex 24 71.3 0
      vertex 24.03 72 0
      vertex 35.30330072365843 71.30330072365844 0
    endloop
  endfacet
  facet normal 0 0 -1
    outer loop
      vertex 24.03 72 0
      vertex 35.30351760063327 72 0
      vertex 35.30330072365843 71.30330072365844 0
    endloop
  endfacet
  facet normal 0 0 -1
    outer loop
      vertex 35.30330072365843 71.30330072365844 0
      vertex 35.306168345336324 71.30616834533633 0
      vertex 36 66.34406912804401 0
    endloop
  endfacet
  facet normal 5.195616819301795e-16 0.08304547985373992 0.9965457582448796
    outer loop
      vertex 24 60.699999999999996 23.641666666666666
      vertex 24.03 71.3 22.758333333333333
      vertex 24 71.3 22.758333333333333
    endloop
  endfacet
  facet normal -5.221890482105014e-17 0.08304547985373992 0.9965457582448797
    outer loop
      vertex 24 60.699999999999996 23.641666666666666
      vertex 35.3 60.7 23.641666666666666
      vertex 24.03 71.3 22.758333333333333
    endloop
  endfacet
  facet normal 0 1 0
    outer loop
      vertex 24.03 72 21.7025
      vertex 24.03 72 22.7
      vertex 35.3 72 22.641666666666666
    endloop
  endfacet
  facet normal 9.349626449444288e-20 0.08304547985373996 0.9965457582448796
    outer loop
      vertex 24.03 71.3 22.758333333333333
      vertex 35.3 72 22.7
      vertex 24.03 72 22.7
    endloop
  endfacet
  facet normal 1.1583607990462002e-20 0.08304547985373997 0.9965457582448797
    outer loop
      vertex 24.03 71.3 22.758333333333333
      vertex 35.3 60.7 23.641666666666666
      vertex 35.3 72 22.7
    endloop
  endfacet
  facet normal 0 1 0
    outer loop
      vertex 24.03 72 22.7
      vertex 35.3 72 22.7
      vertex 35.3 72 22.641666666666666
    endloop
  endfacet
  facet normal 0 0 -1
    outer loop
      vertex 36.030027772343765 60 0
      vertex 36.69958411551076 60.69958411551076 0
      vertex 42.00000000000003 60 0
    endloop
  endfacet
  facet normal 0 0 -1
    outer loop
      vertex 42.00000000000003 60 0
      vertex 36.69958411551076 60.69958411551076 0
      vertex 36.699999999999996 60.699999999999996 0
    endloop
  endfacet
  facet normal 0 0 -1
    outer loop
      vertex 36.699999999999996 60.699999999999996 0
      vertex 36 65.63500000000003 0
      vertex 47.3 71.3 0
    endloop
  endfacet
  facet normal 0 0 -1
    outer loop
      vertex 42.00000000000003 60 0
      vertex 36.699999999999996 60.699999999999996 0
      vertex 47.3 71.3 0
    endloop
  endfacet
  facet normal 0 0 -1
    outer loop
      vertex 36 65.63500000000003 0
      vertex 36 66.34406912804401 0
      vertex 47.3 71.3 0
    endloop
  endfacet
  facet normal 0 0 -1
    outer loop
      vertex 36 66.34406912804401 0
      vertex 36 71.97235325934395 0
      vertex 36.699999999999996 72 0
    endloop
  endfacet
  facet normal 0 0 -1
    outer loop
      vertex 36 71.97235325934395 0
      vertex 36.031666666666666 72 0
      vertex 36.23541851087869 72 0
    endloop
  endfacet
  facet normal 0 0 -1
    outer loop
      vertex 36 71.97235325934395 0
      vertex 36.23541851087869 72 0
      vertex 36.699999999999996 72 0
    endloop
  endfacet
  facet normal 0 0 -1
    outer loop
      vertex 36 66.34406912804401 0
      vertex 36.699999999999996 72 0
      vertex 42.000000000000014 72 0
    endloop
  endfacet
  facet normal 0 0 -1
    outer loop
      vertex 36 66.34406912804401 0
      vertex 42.000000000000014 72 0
      vertex 47.3 71.3 0
    endloop
  endfacet
  facet normal 0 0 -1
    outer loop
      vertex 42.00000000000003 60 0
      vertex 48 60.69977561442566 0
      vertex 48 60 0
    endloop
  endfacet
  facet normal 0 0 -1
    outer loop
      vertex 42.00000000000003 60 0
      vertex 47.3 71.3 0
      vertex 48 60.69977561442566 0
    endloop
  endfacet
  facet normal 0 0 -1
    outer loop
      vertex 48 60.69977561442566 0
      vertex 47.3 71.3 0
      vertex 48 71.3 0
    endloop
  endfacet
  facet normal 0 0 -1
    outer loop
      vertex 42.000000000000014 72 0
      vertex 47.30541951361961 71.30541951361961 0
      vertex 47.3 71.3 0
    endloop
  endfacet
  facet normal 0.08304547985373992 0 0.9965457582448797
    outer loop
      vertex 36.699999999999996 60.699999999999996 18.641666666666666
      vertex 48 60.699999999999996 17.7
      vertex 36.699999999999996 71.3 18.641666666666666
    endloop
  endfacet
  facet normal 0.08304547985373992 2.0690509457397307e-18 0.9965457582448797
    outer loop
      vertex 36.699999999999996 71.3 18.641666666666666
      vertex 48 60.699999999999996 17.7
      vertex 48 71.3 17.7
    endloop
  endfacet
  facet normal 1 0 0
    outer loop
      vertex 48 60.699999999999996 17.641666666666666
      vertex 48 71.3 17.7
      vertex 48 60.699999999999996 17.7
    endloop
  endfacet
  facet normal 1 0 0
    outer loop
      vertex 48 60.699999999999996 17.641666666666666
      vertex 48 71.3 16.758333333333333
      vertex 48 71.3 17.7
    endloop
  endfacet
  facet normal 0 0 -1
    outer loop
      vertex 48 60.69977561442566 0
      vertex 48 71.3 0
      vertex 48.69458048638039 60.69458048638039 0
    endloop
  endfacet
  facet normal 0 0 -1
    outer loop
      vertex 48.69458048638039 60.69458048638039 0
      vertex 48 71.3 0
      vertex 59.30482743626808 71.30482743626808 0
    endloop
  endfacet
  facet normal 0 0 -1
    outer loop
      vertex 48 71.3 0
      vertex 48 71.30022438557434 0
      vertex 59.30482743626808 71.30482743626808 0
    endloop
  endfacet
  facet normal 0 0 -1
    outer loop
      vertex 48 71.30022438557434 0
      vertex 48.03 72 0
      vertex 59.30482743626808 71.30482743626808 0
    endloop
  endfacet
  facet normal 0 0 -1
    outer loop
      vertex 54.00000000000002 60 0
      vertex 60 66.00000000000004 0
      vertex 59.30348258706467 60 0
    endloop
  endfacet
  facet normal 0 0 -1
    outer loop
      vertex 48.69458048638039 60.69458048638039 0
      vertex 59.30482743626808 71.30482743626808 0
      vertex 54.00000000000002 60 0
    endloop
  endfacet
  facet normal 0 0 -1
    outer loop
      vertex 54.00000000000002 60 0
      vertex 59.30482743626808 71.30482743626808 0
      vertex 60 66.00000000000004 0
    endloop
  endfacet
  facet normal 0 0 -1
    outer loop
      vertex 59.30348258706467 60 0
      vertex 60 66.00000000000004 0
      vertex 59.94275199345737 60 0
    endloop
  endfacet
  facet normal 0 0 -1
    outer loop
      vertex 48.03 72 0
      vertex 59.300199708449114 72 0
      vertex 59.30482743626808 71.30482743626808 0
    endloop
  endfacet
  facet normal -5.221890482105014e-17 0.08304547985373992 0.9965457582448797
    outer loop
      vertex 48 60.699999999999996 17.641666666666666
      vertex 59.3 60.7 17.641666666666666
      vertex 48.03 71.3 16.758333333333333
    endloop
  endfacet
  facet normal 5.195616819301795e-16 0.08304547985373992 0.9965457582448796
    outer loop
      vertex 48 60.699999999999996 17.641666666666666
      vertex 48.03 71.3 16.758333333333333
      vertex 48 71.3 16.758333333333333
    endloop
  endfacet
  facet normal 9.349626449444288e-20 0.08304547985373996 0.9965457582448796
    outer loop
      vertex 48.03 71.3 16.758333333333333
      vertex 59.3 72 16.7
      vertex 48.03 72 16.7
    endloop
  endfacet
  facet normal 0 1 0
    outer loop
      vertex 48.03 72 16.697499999999998
      vertex 48.03 72 16.7
      vertex 59.3 72 16.7
    endloop
  endfacet
  facet normal 1.1583607990462002e-20 0.08304547985373997 0.9965457582448797
    outer loop
      vertex 48.03 71.3 16.758333333333333
      vertex 59.3 60.7 17.641666666666666
      vertex 59.3 72 16.7
    endloop
  endfacet
  facet normal 0 1 0
    outer loop
      vertex 59.3 72 15.758333333333333
      vertex 48.03 72 16.697499999999998
      vertex 59.3 72 16.7
    endloop
  endfacet
  facet normal 0 0 -1
    outer loop
      vertex 60.36318407960199 60 0
      vertex 60.699999999999996 60.699999999999996 0
      vertex 60.699999999999996 60 0
    endloop
  endfacet
  facet normal 0 0 -1
    outer loop
      vertex 60.699999999999996 60 0
      vertex 60.699999999999996 60.699999999999996 0
      vertex 71.3607305936073 60 0
    endloop
  endfacet
  facet normal 0 0 -1
    outer loop
      vertex 71.3607305936073 60 0
      vertex 60.699999999999996 60.699999999999996 0
      vertex 72 60.699892615475136 0
    endloop
  endfacet
  facet normal 0 0 -1
    outer loop
      vertex 71.3607305936073 60 0
      vertex 72 60.699892615475136 0
      vertex 72 60 0
    endloop
  endfacet
  facet normal 0 0 -1
    outer loop
      vertex 60.699999999999996 60.699999999999996 0
      vertex 72 71.3 0
      vertex 72 60.699892615475136 0
    endloop
  endfacet
  facet normal 0 0 -1
    outer loop
      vertex 60.699999999999996 60.699999999999996 0
      vertex 60.699999999999996 72 0
      vertex 71.97 71.97 0
    endloop
  endfacet
  facet normal 0 0 -1
    outer loop
      vertex 60.699999999999996 60.699999999999996 0
      vertex 72 71.30348258706468 0
      vertex 72 71.3 0
    endloop
  endfacet
  facet normal 0 0 -1
    outer loop
      vertex 60.699999999999996 60.699999999999996 0
      vertex 71.97 71.97 0
      vertex 72 71.30348258706468 0
    endloop
  endfacet
  facet normal 0 0 -1
    outer loop
      vertex 60.699999999999996 72 0
      vertex 71.97 72 0
      vertex 71.97 71.97 0
    endloop
  endfacet
  facet normal 0 -0.08304547985372045 0.9965457582448813
    outer loop
      vertex 60.699999999999996 60 13.7
      vertex 71.3 60 13.7
      vertex 71.3 60.03 13.702499999999999
    endloop
  endfacet
  facet normal 5.566732306394969e-17 -0.08304547985373997 0.9965457582448796
    outer loop
      vertex 60.699999999999996 60 13.7
      vertex 71.3 60.03 13.702499999999999
      vertex 60.699999999999996 72 14.7
    endloop
  endfacet
  facet normal 0 -0.08304547985374001 0.9965457582448796
    outer loop
      vertex 71.3 60.03 13.702499999999999
      vertex 71.97 60.03 13.702499999999999
      vertex 60.699999999999996 72 14.7
    endloop
  endfacet
  facet normal 9.81148125045626e-16 -0.0830454798537391 0.9965457582448798
    outer loop
      vertex 71.97 60.03 13.702499999999999
      vertex 71.97 60.699999999999996 13.758333333333331
      vertex 60.699999999999996 72 14.7
    endloop
  endfacet
  facet normal -5.900736244778445e-14 -0.08304547985374007 0.9965457582448796
    outer loop
      vertex 71.97 60.699999999999996 13.758333333333331
      vertex 72 60.699999999999996 13.758333333333333
      vertex 71.97 71.3 14.641666666666666
    endloop
  endfacet
  facet normal -7.18686380284354e-18 -0.08304547985374008 0.9965457582448796
    outer loop
      vertex 60.699999999999996 72 14.7
      vertex 71.97 60.699999999999996 13.758333333333331
      vertex 71.97 71.3 14.641666666666666
    endloop
  endfacet
  facet normal 0 -0.08304547985373992 0.9965457582448796
    outer loop
      vertex 71.97 71.3 14.641666666666666
      vertex 72 60.699999999999996 13.758333333333333
      vertex 72 71.3 14.641666666666666
    endloop
  endfacet
  facet normal 0 -0.08304547985373997 0.9965457582448796
    outer loop
      vertex 60.699999999999996 72 14.7
      vertex 71.97 71.3 14.641666666666666
      vertex 71.97 72 14.7
    endloop
  endfacet
  facet normal 0 0 -1
    outer loop
      vertex 72.0335294117647 60.033529411764704 0
      vertex 72.69739629647725 60.69739629647725 0
      vertex 77.8162760442077 60 0
    endloop
  endfacet
  facet normal 0 0 -1
    outer loop
      vertex 77.8162760442077 60 0
      vertex 72.69739629647725 60.69739629647725 0
      vertex 78.00000000000003 60 0
    endloop
  endfacet
  facet normal 0 0 -1
    outer loop
      vertex 72 60.699892615475136 0
      vertex 72 71.3 0
      vertex 72.69739629647725 60.69739629647725 0
    endloop
  endfacet
  facet normal 0 0 -1
    outer loop
      vertex 78.00000000000003 60 0
      vertex 72.69739629647725 60.69739629647725 0
      vertex 83.3 71.3 0
    endloop
  endfacet
  facet normal 0 0 -1
    outer loop
      vertex 72.69739629647725 60.69739629647725 0
      vertex 72 71.3 0
      vertex 83.3 71.3 0
    endloop
  endfacet
  facet normal 0 0 -1
    outer loop
      vertex 78.00000000000003 60 0
      vertex 83.3 71.3 0
      vertex 84 60 0
    endloop
  endfacet
  facet normal 0 0 -1
    outer loop
      vertex 84 60 0
      vertex 83.3 71.3 0
      vertex 84 71.51004751843735 0
    endloop
  endfacet
  facet normal 0 0 -1
    outer loop
      vertex 83.3 71.3 0
      vertex 83.65191468894338 72 0
      vertex 83.97 71.97 0
    endloop
  endfacet
  facet normal 0 0 -1
    outer loop
      vertex 83.3 71.3 0
      vertex 83.636815920398 72 0
      vertex 83.65191468894338 72 0
    endloop
  endfacet
  facet normal 0 0 -1
    outer loop
      vertex 83.3 71.3 0
      vertex 83.97 71.97 0
      vertex 84 71.51004751843735 0
    endloop
  endfacet
  facet normal 0 0 -1
    outer loop
      vertex 84 71.51004751843735 0
      vertex 83.97 71.97 0
      vertex 84 71.97 0
    endloop
  endfacet
  facet normal -1 0 0
    outer loop
      vertex 72 60.699999999999996 13.758333333333333
      vertex 72 60.699999999999996 14.7
      vertex 72 71.3 14.641666666666666
    endloop
  endfacet
  facet normal -0.08304547985373997 0 0.9965457582448797
    outer loop
      vertex 72 60.699999999999996 14.7
      vertex 83.3 60.7 15.641666666666666
      vertex 72 71.3 14.7
    endloop
  endfacet
  facet normal -1 0 0
    outer loop
      vertex 72 60.699999999999996 14.7
      vertex 72 71.3 14.7
      vertex 72 71.3 14.641666666666666
    endloop
  endfacet
  facet normal -0.08304547985373997 1.3793672971598224e-18 0.9965457582448797
    outer loop
      vertex 72 71.3 14.7
      vertex 83.3 60.7 15.641666666666666
      vertex 83.3 71.3 15.641666666666666
    endloop
  endfacet
  facet normal 0 0 -1
    outer loop
      vertex 84.7 60 0
      vertex 84.7 72 0
      vertex 95.96833333333333 60 0
    endloop
  endfacet
  facet normal 0 0 -1
    outer loop
      vertex 84 71.51004751843735 0
      vertex 84 71.97 0
      vertex 84.38466098457403 72 0
    endloop
  endfacet
  facet normal 0 0 -1
    outer loop
      vertex 84 71.97 0
      vertex 84.0279274413458 72 0
      vertex 84.38466098457403 72 0
    endloop
  endfacet
  facet normal -2.783366153197486e-17 -0.08304547985373997 0.9965457582448796
    outer loop
      vertex 84.7 60 5.7
      vertex 95.3 60.03 5.702500000000001
      vertex 84.7 72 6.7
    endloop
  endfacet
  facet normal 0 -0.08304547985374973 0.9965457582448788
    outer loop
      vertex 84.7 60 5.7
      vertex 95.3 60 5.7
      vertex 95.3 60.03 5.702500000000001
    endloop
  endfacet
  facet normal 0 0 -1
    outer loop
      vertex 84.7 72 0
      vertex 96 60 0
      vertex 95.96833333333333 60 0
    endloop
  endfacet
  facet normal 0 0 -1
    outer loop
      vertex 84.7 72 0
      vertex 96 60.69998353591584 0
      vertex 96 60 0
    endloop
  endfacet
  facet normal 0 0 -1
    outer loop
      vertex 84.7 72 0
      vertex 95.97 71.97 0
      vertex 96 60.69998353591584 0
    endloop
  endfacet
  facet normal 0 0 -1
    outer loop
      vertex 84.7 72 0
      vertex 95.30181592039801 72 0
      vertex 95.97 71.97 0
    endloop
  endfacet
  facet normal 0 0 -1
    outer loop
      vertex 96 60.69998353591584 0
      vertex 95.97 71.97 0
      vertex 96 71.97 0
    endloop
  endfacet
  facet normal 0 0 -1
    outer loop
      vertex 95.30348258706468 72 0
      vertex 95.97 71.97 0
      vertex 95.30181592039801 72 0
    endloop
  endfacet
  facet normal -8.683461035783206e-17 -0.08304547985374006 0.9965457582448796
    outer loop
      vertex 84.7 72 6.7
      vertex 95.3 60.03 5.702500000000001
      vertex 95.97 60.03 5.702500000000001
    endloop
  endfacet
  facet normal -3.8979290401086347e-16 -0.08304547985374065 0.9965457582448797
    outer loop
      vertex 84.7 72 6.7
      vertex 95.97 60.03 5.702500000000001
      vertex 95.97 60.699999999999996 5.758333333333334
    endloop
  endfacet
  facet normal 2.9503681223892224e-14 -0.08304547985373997 0.9965457582448796
    outer loop
      vertex 95.97 60.699999999999996 5.758333333333334
      vertex 96 60.699999999999996 5.758333333333333
      vertex 96 71.97 6.6975
    endloop
  endfacet
  facet normal 2.80689164888972e-17 -0.08304547985373989 0.9965457582448797
    outer loop
      vertex 84.7 72 6.7
      vertex 95.97 60.699999999999996 5.758333333333334
      vertex 95.3 71.97 6.6975
    endloop
  endfacet
  facet normal 0 -0.08304547985374973 0.9965457582448788
    outer loop
      vertex 84.7 72 6.7
      vertex 95.3 71.97 6.6975
      vertex 95.3 72 6.7
    endloop
  endfacet
  facet normal 5.56340172248236e-17 -0.08304547985373988 0.9965457582448796
    outer loop
      vertex 95.97 60.699999999999996 5.758333333333334
      vertex 96 71.97 6.6975
      vertex 95.3 71.97 6.6975
    endloop
  endfacet
  facet normal 0 0 -1
    outer loop
      vertex 96.03260000068273 60.032600000682734 0
      vertex 96.69959959369626 60.69959959369627 0
      vertex 102.56894692444791 60 0
    endloop
  endfacet
  facet normal 0 0 -1
    outer loop
      vertex 96 60.69998353591584 0
      vertex 96 71.97 0
      vertex 96.69959959369626 60.69959959369627 0
    endloop
  endfacet
  facet normal 0 0 -1
    outer loop
      vertex 96.69959959369626 60.69959959369627 0
      vertex 96 71.97 0
      vertex 96.7 72 0
    endloop
  endfacet
  facet normal 0 0 -1
    outer loop
      vertex 102.56894692444791 60 0
      vertex 96.69959959369626 60.69959959369627 0
      vertex 108 65.63500000000002 0
    endloop
  endfacet
  facet normal 0 0 -1
    outer loop
      vertex 102.56894692444791 60 0
      vertex 108 65.63500000000002 0
      vertex 102.90317500000003 60 0
    endloop
  endfacet
  facet normal 0 0 -1
    outer loop
      vertex 102.90317500000003 60 0
      vertex 108 60.54244182230508 0
      vertex 107.99266515522089 60 0
    endloop
  endfacet
  facet normal 0 0 -1
    outer loop
      vertex 102.90317500000003 60 0
      vertex 108 65.63500000000002 0
      vertex 108 60.54244182230508 0
    endloop
  endfacet
  facet normal 0 0 -1
    outer loop
      vertex 96.69959959369626 60.69959959369627 0
      vertex 107.30616834533633 71.30616834533633 0
      vertex 108 65.63500000000002 0
    endloop
  endfacet
  facet normal 0 0 -1
    outer loop
      vertex 96.69959959369626 60.69959959369627 0
      vertex 96.7 72 0
      vertex 107.30616834533633 71.30616834533633 0
    endloop
  endfacet
  facet normal 0 0 -1
    outer loop
      vertex 96.7 72 0
      vertex 107.30348258706468 72 0
      vertex 107.30616834533633 71.30616834533633 0
    endloop
  endfacet
  facet normal 0 0 -1
    outer loop
      vertex 108 65.63500000000002 0
      vertex 107.30616834533633 71.30616834533633 0
      vertex 108 66.34113844346422 0
    endloop
  endfacet
  facet normal 0 0 -1
    outer loop
      vertex 108 66.34113844346422 0
      vertex 107.30616834533633 71.30616834533633 0
      vertex 107.306168575399 71.306168575399 0
    endloop
  endfacet
  facet normal -1 0 0
    outer loop
      vertex 96 60.699999999999996 5.758333333333333
      vertex 96 60.699999999999996 6.7
      vertex 96 71.97 6.6975
    endloop
  endfacet
  facet normal -1 0 0
    outer loop
      vertex 96 60.699999999999996 6.7
      vertex 96 71.97 6.7
      vertex 96 71.97 6.6975
    endloop
  endfacet
  facet normal -0.08304547985373997 0 0.9965457582448797
    outer loop
      vertex 96 60.699999999999996 6.7
      vertex 107.3 60.7 7.641666666666667
      vertex 96 71.97 6.7
    endloop
  endfacet
  facet normal -0.08304547985373996 -6.918723572595151e-18 0.9965457582448796
    outer loop
      vertex 96 71.97 6.7
      vertex 107.3 60.7 7.641666666666667
      vertex 96.7 71.97 6.758333333333334
    endloop
  endfacet
  facet normal -0.08304547985373997 5.51746918863929e-18 0.9965457582448797
    outer loop
      vertex 96.7 71.97 6.758333333333334
      vertex 107.3 60.7 7.641666666666667
      vertex 107.3 72 7.641666666666667
    endloop
  endfacet
  facet normal -0.08304547985373997 0 0.9965457582448796
    outer loop
      vertex 96.7 72 6.758333333333334
      vertex 96.7 71.97 6.758333333333334
      vertex 107.3 72 7.641666666666667
    endloop
  endfacet
  facet normal 0 0 -1
    outer loop
      vertex 108 71.97248950664006 0
      vertex 108.03166666666667 72 0
      vertex 108.05753424657534 72 0
    endloop
  endfacet
  facet normal 0 0 -1
    outer loop
      vertex 108.06266590891383 60 0
      vertex 108.57783730717371 60.577837307173716 0
      vertex 108.6632521019193 60 0
    endloop
  endfacet
  facet normal 0 0 -1
    outer loop
      vertex 108.6632521019193 60 0
      vertex 108.57783730717371 60.577837307173716 0
      vertex 120 60.69969634703196 0
    endloop
  endfacet
  facet normal 0 0 -1
    outer loop
      vertex 108.57783730717371 60.577837307173716 0
      vertex 108.69999999999999 60.699999999999996 0
      vertex 120 60.69969634703196 0
    endloop
  endfacet
  facet normal 0 0 -1
    outer loop
      vertex 108 65.63500000000002 0
      vertex 119.30500035782565 71.30500035782565 0
      vertex 108.69999999999999 60.699999999999996 0
    endloop
  endfacet
  facet normal 0 0 -1
    outer loop
      vertex 108.69999999999999 60.699999999999996 0
      vertex 119.30500035782565 71.30500035782565 0
      vertex 120 60.69969634703196 0
    endloop
  endfacet
  facet normal 0 0 -1
    outer loop
      vertex 108 65.63500000000002 0
      vertex 108 66.34113844346422 0
      vertex 113.99999999999999 72 0
    endloop
  endfacet
  facet normal 0 0 -1
    outer loop
      vertex 108 66.34113844346422 0
      vertex 108 71.97248950664006 0
      vertex 113.99999999999999 72 0
    endloop
  endfacet
  facet normal 0 0 -1
    outer loop
      vertex 108 71.97248950664006 0
      vertex 108.05753424657534 72 0
      vertex 113.99999999999999 72 0
    endloop
  endfacet
  facet normal 0 0 -1
    outer loop
      vertex 108 65.63500000000002 0
      vertex 113.99999999999999 72 0
      vertex 119.30500035782565 71.30500035782565 0
    endloop
  endfacet
  facet normal 0 0 -1
    outer loop
      vertex 120 60.69969634703196 0
      vertex 119.30500035782565 71.30500035782565 0
      vertex 120 71.30348258706468 0
    endloop
  endfacet
  facet normal 0 0 -1
    outer loop
      vertex 119.30500035782565 71.30500035782565 0
      vertex 119.97 71.97 0
      vertex 120 71.30348258706468 0
    endloop
  endfacet
  facet normal 0.0830454798537399 0 0.9965457582448797
    outer loop
      vertex 120 60.699999999999996 7.7
      vertex 120 71.3 7.7
      vertex 108.7 71.3 8.641666666666666
    endloop
  endfacet
  facet normal 1 0 0
    outer loop
      vertex 120 60.699999999999996 6.758333333333333
      vertex 120 71.3 7.641666666666667
      vertex 120 60.699999999999996 7.7
    endloop
  endfacet
  facet normal 1 0 0
    outer loop
      vertex 120 60.699999999999996 7.7
      vertex 120 71.3 7.641666666666667
      vertex 120 71.3 7.7
    endloop
  endfacet
  facet normal 0.0830454798537399 -6.551994661509151e-18 0.9965457582448797
    outer loop
      vertex 120 60.699999999999996 7.7
      vertex 108.7 71.3 8.641666666666666
      vertex 108.7 60.699999999999996 8.641666666666666
    endloop
  endfacet
  facet normal 0 0 -1
    outer loop
      vertex 120.03 60.03 0
      vertex 120.7 60 0
      vertex 120 60 0
    endloop
  endfacet
  facet normal 0 -0.08304547985374972 0.9965457582448788
    outer loop
      vertex 120.7 60 6.7
      vertex 131.3 60 6.7
      vertex 120.7 60.03 6.702500000000001
    endloop
  endfacet
  facet normal 0 0 -1
    outer loop
      vertex 120 60.69651741293532 0
      vertex 120 60.69969634703196 0
      vertex 125.63682500000003 72 0
    endloop
  endfacet
  facet normal 0 0 -1
    outer loop
      vertex 120.03 60.03 0
      vertex 120 60.69651741293532 0
      vertex 131.3034825870647 72 0
    endloop
  endfacet
  facet normal 0 0 -1
    outer loop
      vertex 120.03 60.03 0
      vertex 131.3034825870647 72 0
      vertex 120.7 60 0
    endloop
  endfacet
  facet normal 0 0 -1
    outer loop
      vertex 120 60.69969634703196 0
      vertex 120 71.30348258706468 0
      vertex 125.63682500000003 72 0
    endloop
  endfacet
  facet normal 0 0 -1
    outer loop
      vertex 120 71.30348258706468 0
      vertex 120 72 0
      vertex 125.63682500000003 72 0
    endloop
  endfacet
  facet normal 0 0 -1
    outer loop
      vertex 120 60.69651741293532 0
      vertex 125.63682500000003 72 0
      vertex 131.3034825870647 72 0
    endloop
  endfacet
  facet normal 0 -0.08304547985373999 0.9965457582448796
    outer loop
      vertex 120 60.699999999999996 6.758333333333333
      vertex 120.03 60.699999999999996 6.758333333333333
      vertex 120 71.3 7.641666666666667
    endloop
  endfacet
  facet normal 0 -0.08304547985373993 0.9965457582448796
    outer loop
      vertex 120.03 60.03 6.702500000000001
      vertex 120.7 60.03 6.702500000000001
      vertex 131.3 71.3 7.641666666666667
    endloop
  endfacet
  facet normal -8.51027001455311e-16 -0.0830454798537391 0.9965457582448798
    outer loop
      vertex 120.03 60.03 6.702500000000001
      vertex 131.3 71.3 7.641666666666667
      vertex 120.03 60.699999999999996 6.758333333333333
    endloop
  endfacet
  facet normal 3.0543133008538783e-18 -0.08304547985373999 0.9965457582448796
    outer loop
      vertex 120.03 60.699999999999996 6.758333333333333
      vertex 131.3 71.3 7.641666666666667
      vertex 120 71.3 7.641666666666667
    endloop
  endfacet
  facet normal 0 0 -1
    outer loop
      vertex 120.7 60 0
      vertex 131.3034825870647 72 0
      vertex 131.30167500000002 60 0
    endloop
  endfacet
  facet normal 0 0 -1
    outer loop
      vertex 131.30167500000002 60 0
      vertex 131.3034825870647 72 0
      vertex 131.97 60 0
    endloop
  endfacet
  facet normal 0 0 -1
    outer loop
      vertex 131.97 60 0
      vertex 131.3034825870647 72 0
      vertex 132 71.5068493150685 0
    endloop
  endfacet
  facet normal 0 0 -1
    outer loop
      vertex 132 71.5068493150685 0
      vertex 131.3034825870647 72 0
      vertex 131.97 71.97 0
    endloop
  endfacet
  facet normal 0 0 -1
    outer loop
      vertex 132 71.5068493150685 0
      vertex 131.97 71.97 0
      vertex 132 71.97 0
    endloop
  endfacet
  facet normal 0 0 -1
    outer loop
      vertex 132 71.97 0
      vertex 131.97 71.97 0
      vertex 132 71.97246575342466 0
    endloop
  endfacet
  facet normal 2.7834446662914075e-17 -0.08304547985373997 0.9965457582448797
    outer loop
      vertex 120.7 60.03 6.702500000000001
      vertex 131.3 60 6.7
      vertex 131.3 71.3 7.641666666666667
    endloop
  endfacet
  facet normal 0 0 -1
    outer loop
      vertex 132.70000000000002 60.70000000000002 0
      vertex 132 71.97 0
      vertex 132.70000000000002 72 0
    endloop
  endfacet
  facet normal 0 0 -1
    outer loop
      vertex 132 60 0
      vertex 132.70000000000002 60.70000000000002 0
      vertex 144 65.97172034564008 0
    endloop
  endfacet
  facet normal 0 0 -1
    outer loop
      vertex 132 60 0
      vertex 144 65.97172034564008 0
      vertex 143.6331144465291 60 0
    endloop
  endfacet
  facet normal 0 0 -1
    outer loop
      vertex 132.70000000000002 60.70000000000002 0
      vertex 143.30482743626808 71.3048274362681 0
      vertex 144 65.97172034564008 0
    endloop
  endfacet
  facet normal 0 0 -1
    outer loop
      vertex 143.6331144465291 60 0
      vertex 144 65.97172034564008 0
      vertex 143.63681592039802 60 0
    endloop
  endfacet
  facet normal 0 0 -1
    outer loop
      vertex 132.70000000000002 60.70000000000002 0
      vertex 132.70000000000002 72 0
      vertex 143.30482743626808 71.3048274362681 0
    endloop
  endfacet
  facet normal 0 0 -1
    outer loop
      vertex 132.70000000000002 72 0
      vertex 143.30019970844913 72 0
      vertex 143.30482743626808 71.3048274362681 0
    endloop
  endfacet
  facet normal 0 0 -1
    outer loop
      vertex 144 65.97172034564008 0
      vertex 143.30482743626808 71.3048274362681 0
      vertex 144 65.99999999999989 0
    endloop
  endfacet
  facet normal 0 0 -1
    outer loop
      vertex 144 65.99999999999989 0
      vertex 143.30482743626808 71.3048274362681 0
      vertex 143.31131057571662 71.31131057571662 0
    endloop
  endfacet
  facet normal -1.6700196919184917e-16 0.08304547985374007 0.9965457582448796
    outer loop
      vertex 132.70000000000002 60.699999999999996 14.641666666666666
      vertex 143.3 60.699999999999996 14.641666666666667
      vertex 143.3 72 13.7
    endloop
  endfacet
  facet normal 2.0690509457397323e-18 0.08304547985373992 0.9965457582448797
    outer loop
      vertex 132.70000000000002 60.699999999999996 14.641666666666666
      vertex 143.3 72 13.7
      vertex 132.70000000000002 72 13.7
    endloop
  endfacet
  facet normal 0 0 -1
    outer loop
      vertex 0 72 0
      vertex 0.6955460646735814 72.69554606467358 0
      vertex 0.7 72 0
    endloop
  endfacet
  facet normal 0 0 -1
    outer loop
      vertex 0.7 72 0
      vertex 0.6955460646735814 72.69554606467358 0
      vertex 11.303482587064677 72 0
    endloop
  endfacet
  facet normal 0 0 -1
    outer loop
      vertex 0.6955460646735814 72.69554606467358 0
      vertex 0 78 0
      vertex 11.3 83.3 0
    endloop
  endfacet
  facet normal 0 0 -1
    outer loop
      vertex 11.303482587064677 72 0
      vertex 0.6955460646735814 72.69554606467358 0
      vertex 11.3 83.3 0
    endloop
  endfacet
  facet normal 0 0 -1
    outer loop
      vertex 0 78 0
      vertex 0 83.97261506880137 0
      vertex 0.656774437987377 84 0
    endloop
  endfacet
  facet normal 0 0 -1
    outer loop
      vertex 0 78 0
      vertex 0.656774437987377 84 0
      vertex 0.7 84 0
    endloop
  endfacet
  facet normal 0 0 -1
    outer loop
      vertex 0 78 0
      vertex 0.7 84 0
      vertex 11.50323318512424 84 0
    endloop
  endfacet
  facet normal 0 0 -1
    outer loop
      vertex 0 78 0
      vertex 11.50323318512424 84 0
      vertex 11.3 83.3 0
    endloop
  endfacet
  facet normal 0 0 -1
    outer loop
      vertex 11.303482587064677 72 0
      vertex 11.3 83.3 0
      vertex 12 83.66499999999999 0
    endloop
  endfacet
  facet normal 0 0 -1
    outer loop
      vertex 11.3 83.3 0
      vertex 12 84 0
      vertex 12 83.66499999999999 0
    endloop
  endfacet
  facet normal 0 -1 0
    outer loop
      vertex 0.7 72 25.641666666666666
      vertex 11.3 72 25.7
      vertex 0.7 72 25.7
    endloop
  endfacet
  facet normal 0 -1 0
    outer loop
      vertex 0.7 72 25.641666666666666
      vertex 11.3 72 24.758333333333333
      vertex 11.3 72 25.7
    endloop
  endfacet
  facet normal 0 -0.08304547985373997 0.9965457582448797
    outer loop
      vertex 0.7 72 25.7
      vertex 11.3 72 25.7
      vertex 11.3 83.3 26.641666666666666
    endloop
  endfacet
  facet normal 1.3793672971598215e-18 -0.08304547985373997 0.9965457582448797
    outer loop
      vertex 0.7 72 25.7
      vertex 11.3 83.3 26.641666666666666
      vertex 0.7 83.3 26.641666666666666
    endloop
  endfacet
  facet normal 0 0 -1
    outer loop
      vertex 12 72 0
      vertex 12.700000000000001 72.7 0
      vertex 12.335 72 0
    endloop
  endfacet
  facet normal 0 0 -1
    outer loop
      vertex 12.335 72 0
      vertex 12.700000000000001 72.7 0
      vertex 24 72.69651741293532 0
    endloop
  endfacet
  facet normal 0 0 -1
    outer loop
      vertex 12.700000000000001 72.7 0
      vertex 12.700000000000001 84 0
      vertex 23.97 83.97 0
    endloop
  endfacet
  facet normal 0 0 -1
    outer loop
      vertex 12.700000000000001 72.7 0
      vertex 24 83.3 0
      vertex 24 72.69651741293532 0
    endloop
  endfacet
  facet normal 0 0 -1
    outer loop
      vertex 12.700000000000001 72.7 0
      vertex 24 83.30348258706468 0
      vertex 24 83.3 0
    endloop
  endfacet
  facet normal 0 0 -1
    outer loop
      vertex 12.700000000000001 72.7 0
      vertex 23.97 83.97 0
      vertex 24 83.30348258706468 0
    endloop
  endfacet
  facet normal 0 0 -1
    outer loop
      vertex 12.700000000000001 84 0
      vertex 23.97 84 0
      vertex 23.97 83.97 0
    endloop
  endfacet
  facet normal -2.5947281898658583e-18 0.08304547985373996 0.9965457582448797
    outer loop
      vertex 12.700000000000001 72.7 21.641666666666666
      vertex 23.97 83.3 20.758333333333333
      vertex 12.700000000000001 84 20.7
    endloop
  endfacet
  facet normal 0 1 0
    outer loop
      vertex 12.700000000000001 84 20.641666666666666
      vertex 12.700000000000001 84 20.7
      vertex 23.97 84 20.7
    endloop
  endfacet
  facet normal 0 0.08304547985373997 0.9965457582448797
    outer loop
      vertex 12.700000000000001 72.7 21.641666666666666
      vertex 24 72.7 21.641666666666666
      vertex 23.97 83.3 20.758333333333333
    endloop
  endfacet
  facet normal 0 1 0
    outer loop
      vertex 12.700000000000001 84 20.641666666666666
      vertex 23.97 84 20.7
      vertex 23.97 84 19.7025
    endloop
  endfacet
  facet normal 0 0.08304547985373997 0.9965457582448796
    outer loop
      vertex 12.700000000000001 84 20.7
      vertex 23.97 83.3 20.758333333333333
      vertex 23.97 84 20.7
    endloop
  endfacet
  facet normal -2.0782467277207197e-15 0.08304547985373997 0.9965457582448796
    outer loop
      vertex 24 72.7 21.641666666666666
      vertex 24 83.3 20.758333333333333
      vertex 23.97 83.3 20.758333333333333
    endloop
  endfacet
  facet normal 0 0 -1
    outer loop
      vertex 24.03 72 0
      vertex 24.03 72.03 0
      vertex 35.30351760063327 72 0
    endloop
  endfacet
  facet normal 0 0 -1
    outer loop
      vertex 24.03 72.03 0
      vertex 24 72.69651741293532 0
      vertex 35.3 83.3 0
    endloop
  endfacet
  facet normal 0 0 -1
    outer loop
      vertex 24.03 72.03 0
      vertex 36 78.00000000000004 0
      vertex 35.30351760063327 72 0
    endloop
  endfacet
  facet normal 0 0 -1
    outer loop
      vertex 24.03 72.03 0
      vertex 35.3 83.3 0
      vertex 36 78.00000000000004 0
    endloop
  endfacet
  facet normal 0 0 -1
    outer loop
      vertex 24 72.69651741293532 0
      vertex 24 83.3 0
      vertex 35.3 83.3 0
    endloop
  endfacet
  facet normal 0 0 -1
    outer loop
      vertex 35.30351760063327 72 0
      vertex 36 78.00000000000004 0
      vertex 35.64755171510866 72 0
    endloop
  endfacet
  facet normal 0 0 -1
    outer loop
      vertex 35.3 83.3 0
      vertex 36 84 0
      vertex 36 78.00000000000004 0
    endloop
  endfacet
  facet normal -1 0 0
    outer loop
      vertex 24 72.7 21.641666666666666
      vertex 24 72.7 21.7
      vertex 24 83.3 21.7
    endloop
  endfacet
  facet normal -0.08304547985377904 0 0.9965457582448763
    outer loop
      vertex 24 72.7 21.7
      vertex 24.03 72.7 21.7025
      vertex 24 83.3 21.7
    endloop
  endfacet
  facet normal -1 0 0
    outer loop
      vertex 24 72.7 21.641666666666666
      vertex 24 83.3 21.7
      vertex 24 83.3 20.758333333333333
    endloop
  endfacet
  facet normal -0.08304547985373986 0 0.9965457582448796
    outer loop
      vertex 24.03 72 21.7025
      vertex 35.3 83.3 22.641666666666666
      vertex 24.03 72.7 21.7025
    endloop
  endfacet
  facet normal -0.08304547985373986 -1.9979407061966556e-18 0.9965457582448797
    outer loop
      vertex 24.03 72 21.7025
      vertex 35.3 72 22.641666666666666
      vertex 35.3 83.3 22.641666666666666
    endloop
  endfacet
  facet normal -0.08304547985373997 1.1133196744587154e-16 0.9965457582448797
    outer loop
      vertex 24.03 72.7 21.7025
      vertex 35.3 83.3 22.641666666666666
      vertex 24 83.3 21.7
    endloop
  endfacet
  facet normal 0 0 -1
    outer loop
      vertex 36.23541851087869 72 0
      vertex 36.69999999999984 72.69999999999983 0
      vertex 36.699999999999996 72 0
    endloop
  endfacet
  facet normal 0 0 -1
    outer loop
      vertex 36.699999999999996 72 0
      vertex 36.69999999999984 72.69999999999983 0
      vertex 48 72.69833333333334 0
    endloop
  endfacet
  facet normal 0 0 -1
    outer loop
      vertex 36.69999999999984 72.69999999999983 0
      vertex 48 83.3 0
      vertex 48 72.69833333333334 0
    endloop
  endfacet
  facet normal 0 0 -1
    outer loop
      vertex 36.69999999999984 72.69999999999983 0
      vertex 36.699999999999996 84 0
      vertex 47.97 83.97 0
    endloop
  endfacet
  facet normal 0 0 -1
    outer loop
      vertex 36.69999999999984 72.69999999999983 0
      vertex 48 83.30348258706468 0
      vertex 48 83.3 0
    endloop
  endfacet
  facet normal 0 0 -1
    outer loop
      vertex 36.69999999999984 72.69999999999983 0
      vertex 47.97 83.97 0
      vertex 48 83.30348258706468 0
    endloop
  endfacet
  facet normal 0 0 -1
    outer loop
      vertex 36.699999999999996 84 0
      vertex 47.97 84 0
      vertex 47.97 83.97 0
    endloop
  endfacet
  facet normal 0.08304547985373992 -1.0636892385812407e-16 0.9965457582448797
    outer loop
      vertex 36.699999999999996 72.7 17.641666666666666
      vertex 48 72.7 16.7
      vertex 47.97 83.3 16.7025
    endloop
  endfacet
  facet normal 0.08304547985373989 8.685428986483726e-17 0.9965457582448796
    outer loop
      vertex 36.699999999999996 72.7 17.641666666666666
      vertex 47.97 83.3 16.7025
      vertex 47.97 84 16.7025
    endloop
  endfacet
  facet normal 0.08304547985373982 0 0.9965457582448797
    outer loop
      vertex 36.699999999999996 72.7 17.641666666666666
      vertex 47.97 84 16.7025
      vertex 36.699999999999996 84 17.641666666666666
    endloop
  endfacet
  facet normal 0.08304547985377904 0 0.9965457582448763
    outer loop
      vertex 48 72.7 16.7
      vertex 48 83.3 16.7
      vertex 47.97 83.3 16.7025
    endloop
  endfacet
  facet normal 0 0 -1
    outer loop
      vertex 48.03 72 0
      vertex 48.03 72.03 0
      vertex 59.300199708449114 72 0
    endloop
  endfacet
  facet normal 0.08304547985373986 0 0.9965457582448796
    outer loop
      vertex 59.3 72 15.758333333333333
      vertex 59.3 72.03 15.758333333333333
      vertex 48.03 72 16.697499999999998
    endloop
  endfacet
  facet normal 0 0 -1
    outer loop
      vertex 48.03 72.03 0
      vertex 48 72.69651741293532 0
      vertex 60 83.3 0
    endloop
  endfacet
  facet normal 0 0 -1
    outer loop
      vertex 48 72.69833333333334 0
      vertex 60 83.3 0
      vertex 48 72.69651741293532 0
    endloop
  endfacet
  facet normal 0 0 -1
    outer loop
      vertex 48 72.69833333333334 0
      vertex 48 83.3 0
      vertex 60 83.3 0
    endloop
  endfacet
  facet normal 0 0 -1
    outer loop
      vertex 48.03 72.03 0
      vertex 60 83.3 0
      vertex 59.300199708449114 72 0
    endloop
  endfacet
  facet normal 0 0 -1
    outer loop
      vertex 59.300199708449114 72 0
      vertex 60 83.3 0
      vertex 60 72.03 0
    endloop
  endfacet
  facet normal 0.08304547985373996 -6.918723572595151e-18 0.9965457582448796
    outer loop
      vertex 59.3 72.03 15.758333333333333
      vertex 60 72.03 15.7
      vertex 48 83.3 16.7
    endloop
  endfacet
  facet normal 1 0 0
    outer loop
      vertex 60 72.03 14.702499999999999
      vertex 60 83.3 15.641666666666666
      vertex 60 72.03 15.7
    endloop
  endfacet
  facet normal 0.08304547985373996 0 0.9965457582448796
    outer loop
      vertex 60 72.03 15.7
      vertex 60 83.3 15.7
      vertex 48 83.3 16.7
    endloop
  endfacet
  facet normal 1 0 0
    outer loop
      vertex 60 72.03 15.7
      vertex 60 83.3 15.641666666666666
      vertex 60 83.3 15.7
    endloop
  endfacet
  facet normal 0.08304547985373988 3.2252471400031593e-17 0.9965457582448796
    outer loop
      vertex 59.3 72.03 15.758333333333333
      vertex 48.03 72.7 16.697499999999998
      vertex 48.03 72 16.697499999999998
    endloop
  endfacet
  facet normal 0.08304547985377904 0 0.9965457582448763
    outer loop
      vertex 48 72.7 16.7
      vertex 48.03 72.7 16.697499999999998
      vertex 48 83.3 16.7
    endloop
  endfacet
  facet normal 0.08304547985373986 -1.1012819820231107e-16 0.9965457582448797
    outer loop
      vertex 59.3 72.03 15.758333333333333
      vertex 48 83.3 16.7
      vertex 48.03 72.7 16.697499999999998
    endloop
  endfacet
  facet normal 0 0 -1
    outer loop
      vertex 60.699999999999996 72 0
      vertex 60.69651741293532 72 0
      vertex 72 72.69978738178052 0
    endloop
  endfacet
  facet normal 0 0 -1
    outer loop
      vertex 60.699999999999996 72 0
      vertex 72 72.69978738178052 0
      vertex 71.97 72 0
    endloop
  endfacet
  facet normal 0 -0.08304547985372043 0.9965457582448811
    outer loop
      vertex 60.699999999999996 72 14.7
      vertex 71.97 72 14.7
      vertex 60.699999999999996 72.03 14.702499999999999
    endloop
  endfacet
  facet normal -5.2346425606952476e-17 -0.08304547985373997 0.9965457582448796
    outer loop
      vertex 60.699999999999996 72.03 14.702499999999999
      vertex 71.97 72 14.7
      vertex 71.97 72.7 14.758333333333333
    endloop
  endfacet
  facet normal 0 0 -1
    outer loop
      vertex 60.03 72.03 0
      vertex 60 72.03 0
      vertex 60 83.3 0
    endloop
  endfacet
  facet normal 0 0 -1
    outer loop
      vertex 60.03 72.03 0
      vertex 60 83.3 0
      vertex 60.69651741293532 72 0
    endloop
  endfacet
  facet normal 0 0 -1
    outer loop
      vertex 60.69651741293532 72 0
      vertex 60 83.3 0
      vertex 60 84 0
    endloop
  endfacet
  facet normal 0 0 -1
    outer loop
      vertex 60.69651741293532 72 0
      vertex 60.06060315964918 84 0
      vertex 60.06085460390055 84 0
    endloop
  endfacet
  facet normal 0 0 -1
    outer loop
      vertex 60.69651741293532 72 0
      vertex 60 84 0
      vertex 60.06060315964918 84 0
    endloop
  endfacet
  facet normal 0 0 -1
    outer loop
      vertex 60.69651741293532 72 0
      vertex 71.33562995467139 83.33562995467139 0
      vertex 72 72.69978738178052 0
    endloop
  endfacet
  facet normal 0 0 -1
    outer loop
      vertex 60.69651741293532 72 0
      vertex 60.06085460390055 84 0
      vertex 71.33562995467139 83.33562995467139 0
    endloop
  endfacet
  facet normal 0 0 -1
    outer loop
      vertex 71.33562995467139 83.33562995467139 0
      vertex 71.97 83.97 0
      vertex 72 72.69978738178052 0
    endloop
  endfacet
  facet normal 0 0 -1
    outer loop
      vertex 71.97 83.97 0
      vertex 72 83.3 0
      vertex 72 72.69978738178052 0
    endloop
  endfacet
  facet normal 0 0 -1
    outer loop
      vertex 71.97 83.97 0
      vertex 72 83.30351732589425 0
      vertex 72 83.3 0
    endloop
  endfacet
  facet normal 0 -0.08304547985374001 0.9965457582448796
    outer loop
      vertex 60 72.03 14.702499999999999
      vertex 60.699999999999996 72.03 14.702499999999999
      vertex 60 83.3 15.641666666666666
    endloop
  endfacet
  facet normal -4.885670139124676e-17 -0.08304547985374003 0.9965457582448797
    outer loop
      vertex 60.699999999999996 72.03 14.702499999999999
      vertex 71.97 72.7 14.758333333333333
      vertex 60 83.3 15.641666666666666
    endloop
  endfacet
  facet normal 0 -0.08304547985373997 0.9965457582448796
    outer loop
      vertex 71.97 72.7 14.758333333333333
      vertex 72 72.7 14.758333333333333
      vertex 72 83.3 15.641666666666666
    endloop
  endfacet
  facet normal 0 -0.08304547985373997 0.9965457582448796
    outer loop
      vertex 60 83.3 15.641666666666666
      vertex 71.97 72.7 14.758333333333333
      vertex 72 83.3 15.641666666666666
    endloop
  endfacet
  facet normal 0 0 -1
    outer loop
      vertex 72 72.69978738178052 0
      vertex 72 83.3 0
      vertex 72.69486269944932 72.69486269944932 0
    endloop
  endfacet
  facet normal 0 0 -1
    outer loop
      vertex 77.99999999999997 72 0
      vertex 72.69486269944932 72.69486269944932 0
      vertex 83.3 83.3 0
    endloop
  endfacet
  facet normal 0 0 -1
    outer loop
      vertex 72.69486269944932 72.69486269944932 0
      vertex 72 83.3 0
      vertex 83.3 83.3 0
    endloop
  endfacet
  facet normal 0 0 -1
    outer loop
      vertex 77.99999999999997 72 0
      vertex 84 77.99999999999997 0
      vertex 83.636815920398 72 0
    endloop
  endfacet
  facet normal 0 0 -1
    outer loop
      vertex 77.99999999999997 72 0
      vertex 83.3 83.3 0
      vertex 84 77.99999999999997 0
    endloop
  endfacet
  facet normal 0 0 -1
    outer loop
      vertex 84 77.99999999999997 0
      vertex 83.3 83.3 0
      vertex 83.30000182386169 83.30000182386169 0
    endloop
  endfacet
  facet normal 0 0 -1
    outer loop
      vertex 84 77.99999999999997 0
      vertex 83.30000182386169 83.30000182386169 0
      vertex 84 83.7645814891213 0
    endloop
  endfacet
  facet normal -1 0 0
    outer loop
      vertex 72 72.7 14.758333333333333
      vertex 72 72.7 15.7
      vertex 72 83.3 15.641666666666666
    endloop
  endfacet
  facet normal -0.08304547985373997 0 0.9965457582448797
    outer loop
      vertex 72 72.7 15.7
      vertex 83.3 72.7 16.641666666666666
      vertex 72 83.3 15.7
    endloop
  endfacet
  facet normal -1 0 0
    outer loop
      vertex 72 72.7 15.7
      vertex 72 83.3 15.7
      vertex 72 83.3 15.641666666666666
    endloop
  endfacet
  facet normal -0.08304547985373997 1.3793672971598224e-18 0.9965457582448797
    outer loop
      vertex 72 83.3 15.7
      vertex 83.3 72.7 16.641666666666666
      vertex 83.3 83.3 16.641666666666666
    endloop
  endfacet
  facet normal 0 0 -1
    outer loop
      vertex 84.38466098457403 72 0
      vertex 84.69458048638039 72.69458048638039 0
      vertex 84.7 72 0
    endloop
  endfacet
  facet normal 0 0 -1
    outer loop
      vertex 84.7 72 0
      vertex 84.69458048638039 72.69458048638039 0
      vertex 95.30181592039801 72 0
    endloop
  endfacet
  facet normal 0 0 -1
    outer loop
      vertex 84.02945858274573 72.02945858274573 0
      vertex 84 72.49676681487576 0
      vertex 84.69458048638039 72.69458048638039 0
    endloop
  endfacet
  facet normal 0 0 -1
    outer loop
      vertex 84 72.49676681487576 0
      vertex 84 77.99999999999997 0
      vertex 84.69458048638039 72.69458048638039 0
    endloop
  endfacet
  facet normal 0 0 -1
    outer loop
      vertex 84.69458048638039 72.69458048638039 0
      vertex 84 77.99999999999997 0
      vertex 95.3 83.3 0
    endloop
  endfacet
  facet normal 0 0 -1
    outer loop
      vertex 84 77.99999999999997 0
      vertex 84 83.7645814891213 0
      vertex 95.50684931506852 84 0
    endloop
  endfacet
  facet normal 0 0 -1
    outer loop
      vertex 84 83.7645814891213 0
      vertex 84 83.96833337828186 0
      vertex 95.50684931506852 84 0
    endloop
  endfacet
  facet normal 0 0 -1
    outer loop
      vertex 84 83.96833337828186 0
      vertex 84.03 84 0
      vertex 95.50684931506852 84 0
    endloop
  endfacet
  facet normal 1.3793672971598224e-18 -0.08304547985373997 0.9965457582448797
    outer loop
      vertex 84.7 72 6.7
      vertex 95.3 83.3 7.641666666666667
      vertex 84.7 83.3 7.641666666666667
    endloop
  endfacet
  facet normal 0 0 -1
    outer loop
      vertex 95.30181592039801 72 0
      vertex 84.69458048638039 72.69458048638039 0
      vertex 95.3 83.3 0
    endloop
  endfacet
  facet normal 0 0 -1
    outer loop
      vertex 84 77.99999999999997 0
      vertex 95.50684931506852 84 0
      vertex 95.3 83.3 0
    endloop
  endfacet
  facet normal 0 0 -1
    outer loop
      vertex 95.30181592039801 72 0
      vertex 95.3 83.3 0
      vertex 96 84 0
    endloop
  endfacet
  facet normal 0 -0.08304547985373997 0.9965457582448797
    outer loop
      vertex 84.7 72 6.7
      vertex 95.3 72 6.7
      vertex 95.3 83.3 7.641666666666667
    endloop
  endfacet
  facet normal 0 -1 0
    outer loop
      vertex 96.7 72 6.758333333333334
      vertex 107.3 72 7.641666666666667
      vertex 96.7 72 7.7
    endloop
  endfacet
  facet normal 0 -1 0
    outer loop
      vertex 96.7 72 7.7
      vertex 107.3 72 7.641666666666667
      vertex 107.3 72 7.7
    endloop
  endfacet
  facet normal 0 0 -1
    outer loop
      vertex 96.7 72 0
      vertex 96.7 84 0
      vertex 107.30348258706468 72 0
    endloop
  endfacet
  facet normal 0 0 -1
    outer loop
      vertex 107.30348258706468 72 0
      vertex 108 78.00000000000003 0
      vertex 107.66848258706467 72 0
    endloop
  endfacet
  facet normal 0 0 -1
    outer loop
      vertex 107.30348258706468 72 0
      vertex 96.7 84 0
      vertex 108 78.00000000000003 0
    endloop
  endfacet
  facet normal 0 0 -1
    outer loop
      vertex 96.7 84 0
      vertex 107.30001741293532 84 0
      vertex 107.30042346896494 83.30042346896494 0
    endloop
  endfacet
  facet normal 0 0 -1
    outer loop
      vertex 96.7 84 0
      vertex 107.30042346896494 83.30042346896494 0
      vertex 108 78.00000000000003 0
    endloop
  endfacet
  facet normal 0 -0.0830454798537399 0.9965457582448796
    outer loop
      vertex 96.7 72 7.7
      vertex 107.3 72 7.7
      vertex 107.3 84 8.7
    endloop
  endfacet
  facet normal 0 -0.0830454798537399 0.9965457582448796
    outer loop
      vertex 96.7 72 7.7
      vertex 107.3 84 8.7
      vertex 96.7 84 8.7
    endloop
  endfacet
  facet normal 0 0 -1
    outer loop
      vertex 108.05753424657534 72 0
      vertex 108.7 72.7 0
      vertex 113.99999999999999 72 0
    endloop
  endfacet
  facet normal 0 0 -1
    outer loop
      vertex 113.99999999999999 72 0
      vertex 120 72.7 0
      vertex 120 72 0
    endloop
  endfacet
  facet normal 0 0 -1
    outer loop
      vertex 113.99999999999999 72 0
      vertex 108.7 72.7 0
      vertex 119.97 83.97 0
    endloop
  endfacet
  facet normal 0 0 -1
    outer loop
      vertex 108.7 72.7 0
      vertex 108.7 84 0
      vertex 119.97 83.97 0
    endloop
  endfacet
  facet normal 0 0 -1
    outer loop
      vertex 108.7 84 0
      vertex 119.97 84 0
      vertex 119.97 83.97 0
    endloop
  endfacet
  facet normal 0 0 -1
    outer loop
      vertex 113.99999999999999 72 0
      vertex 120 83.3 0
      vertex 120 72.7 0
    endloop
  endfacet
  facet normal 0 0 -1
    outer loop
      vertex 113.99999999999999 72 0
      vertex 120 83.30348258706468 0
      vertex 120 83.3 0
    endloop
  endfacet
  facet normal 0 0 -1
    outer loop
      vertex 113.99999999999999 72 0
      vertex 119.97 83.97 0
      vertex 120 83.30348258706468 0
    endloop
  endfacet
  facet normal 0 0.08304547985373997 0.9965457582448797
    outer loop
      vertex 108.7 72.7 11.641666666666666
      vertex 120 72.7 11.641666666666666
      vertex 119.97 83.3 10.758333333333333
    endloop
  endfacet
  facet normal -1.2973640949329294e-18 0.08304547985373996 0.9965457582448797
    outer loop
      vertex 108.7 72.7 11.641666666666666
      vertex 119.97 84 10.7
      vertex 108.7 84 10.7
    endloop
  endfacet
  facet normal 0 1 0
    outer loop
      vertex 108.7 84 9.758333333333333
      vertex 108.7 84 10.7
      vertex 119.97 84 10.6975
    endloop
  endfacet
  facet normal -4.188632649354866e-17 0.08304547985373982 0.9965457582448796
    outer loop
      vertex 108.7 72.7 11.641666666666666
      vertex 119.97 83.3 10.758333333333333
      vertex 119.97 84 10.7
    endloop
  endfacet
  facet normal 0 1 0
    outer loop
      vertex 108.7 84 10.7
      vertex 119.97 84 10.7
      vertex 119.97 84 10.6975
    endloop
  endfacet
  facet normal -2.0782467277207197e-15 0.08304547985373997 0.9965457582448796
    outer loop
      vertex 120 72.7 11.641666666666666
      vertex 120 83.3 10.758333333333333
      vertex 119.97 83.3 10.758333333333333
    endloop
  endfacet
  facet normal 0 0 -1
    outer loop
      vertex 125.63682500000003 72 0
      vertex 120.7 72.7 0
      vertex 131.3034825870647 72 0
    endloop
  endfacet
  facet normal 0 0 -1
    outer loop
      vertex 120 72.7 0
      vertex 120 83.3 0
      vertex 120.7 72.7 0
    endloop
  endfacet
  facet normal 0 0 -1
    outer loop
      vertex 120.7 72.7 0
      vertex 120 83.3 0
      vertex 131.30000000000004 83.30000000000003 0
    endloop
  endfacet
  facet normal 0 0 -1
    outer loop
      vertex 131.3034825870647 72 0
      vertex 120.7 72.7 0
      vertex 131.30000000000004 83.30000000000003 0
    endloop
  endfacet
  facet normal 0 0 -1
    outer loop
      vertex 131.3034825870647 72 0
      vertex 132 77.99999999999982 0
      vertex 131.94594834048934 72 0
    endloop
  endfacet
  facet normal 0 0 -1
    outer loop
      vertex 131.3034825870647 72 0
      vertex 131.30000000000004 83.30000000000003 0
      vertex 132 77.99999999999982 0
    endloop
  endfacet
  facet normal 0 0 -1
    outer loop
      vertex 132 77.99999999999982 0
      vertex 131.30000000000004 83.30000000000003 0
      vertex 132 84 0
    endloop
  endfacet
  facet normal -1 0 0
    outer loop
      vertex 120 72.7 11.641666666666666
      vertex 120 72.7 11.7
      vertex 120 83.3 11.7
    endloop
  endfacet
  facet normal -0.08304547985374003 0 0.9965457582448797
    outer loop
      vertex 120 72.7 11.7
      vertex 131.3 72.7 12.641666666666667
      vertex 120 83.3 11.7
    endloop
  endfacet
  facet normal -1 0 0
    outer loop
      vertex 120 72.7 11.641666666666666
      vertex 120 83.3 11.7
      vertex 120 83.3 10.758333333333333
    endloop
  endfacet
  facet normal -0.08304547985374003 -1.0837885906254234e-18 0.9965457582448797
    outer loop
      vertex 120 83.3 11.7
      vertex 131.3 72.7 12.641666666666667
      vertex 131.3 83.3 12.641666666666667
    endloop
  endfacet
  facet normal 0 0 -1
    outer loop
      vertex 132.335 72 0
      vertex 132.70000000000002 72.70000000000002 0
      vertex 132.70000000000002 72 0
    endloop
  endfacet
  facet normal 0 0 -1
    outer loop
      vertex 132.70000000000002 72 0
      vertex 132.70000000000002 72.70000000000002 0
      vertex 143.30019970844913 72 0
    endloop
  endfacet
  facet normal 0 0 -1
    outer loop
      vertex 143.30019970844913 72 0
      vertex 132.70000000000002 72.70000000000002 0
      vertex 144 77.97014999999983 0
    endloop
  endfacet
  facet normal 0 0 -1
    outer loop
      vertex 132.70000000000002 72.70000000000002 0
      vertex 143.30039061523985 83.30039061523983 0
      vertex 144 77.97014999999983 0
    endloop
  endfacet
  facet normal 0 0 -1
    outer loop
      vertex 143.30019970844913 72 0
      vertex 144 77.97014999999983 0
      vertex 144 72 0
    endloop
  endfacet
  facet normal 0 0 -1
    outer loop
      vertex 132.70000000000002 72.70000000000002 0
      vertex 132.70000000000002 84 0
      vertex 143.30039061523985 83.30039061523983 0
    endloop
  endfacet
  facet normal 0 0 -1
    outer loop
      vertex 132.70000000000002 84 0
      vertex 143.301815920398 84 0
      vertex 143.30039061523985 83.30039061523983 0
    endloop
  endfacet
  facet normal 0 0 -1
    outer loop
      vertex 143.30039061523985 83.30039061523983 0
      vertex 143.301815920398 84 0
      vertex 144 84 0
    endloop
  endfacet
  facet normal 0 0.08304547985373997 0.9965457582448796
    outer loop
      vertex 132.70000000000002 72 13.7
      vertex 143.3 72 13.7
      vertex 143.3 84 12.7
    endloop
  endfacet
  facet normal 0 0.08304547985373997 0.9965457582448796
    outer loop
      vertex 132.70000000000002 72 13.7
      vertex 143.3 84 12.7
      vertex 132.70000000000002 84 12.7
    endloop
  endfacet
  facet normal 0 1 0
    outer loop
      vertex 132.70000000000002 84 11.758333333333335
      vertex 132.70000000000002 84 12.7
      vertex 143.3 84 12.641666666666667
    endloop
  endfacet
  facet normal 0 1 0
    outer loop
      vertex 132.70000000000002 84 12.7
      vertex 143.3 84 12.7
      vertex 143.3 84 12.641666666666667
    endloop
  endfacet
  facet normal 0 0 -1
    outer loop
      vertex 0.7 84 0
      vertex 0.7 84.7 0
      vertex 12 84.7 0
    endloop
  endfacet
  facet normal 0 0 -1
    outer loop
      vertex 0 84.03027210282046 0
      vertex 0 96 0
      vertex 0.6930945682987836 84.69309456829878 0
    endloop
  endfacet
  facet normal 0 0 -1
    outer loop
      vertex 0.6930945682987836 84.69309456829878 0
      vertex 0 96 0
      vertex 0.7 84.7 0
    endloop
  endfacet
  facet normal 0 0 -1
    outer loop
      vertex 0.7 84.7 0
      vertex 11.305000357825646 95.30500035782565 0
      vertex 12 84.7 0
    endloop
  endfacet
  facet normal 0 0 -1
    outer loop
      vertex 0.7 84.7 0
      vertex 0 96 0
      vertex 5.999999999999981 96 0
    endloop
  endfacet
  facet normal 0 0 -1
    outer loop
      vertex 0.7 84.7 0
      vertex 5.999999999999981 96 0
      vertex 11.305000357825646 95.30500035782565 0
    endloop
  endfacet
  facet normal 0 0 -1
    outer loop
      vertex 12 84.7 0
      vertex 11.305000357825646 95.30500035782565 0
      vertex 12 95.30348258706466 0
    endloop
  endfacet
  facet normal 0 0 -1
    outer loop
      vertex 11.305000357825646 95.30500035782565 0
      vertex 11.97 95.97 0
      vertex 12 95.30348258706466 0
    endloop
  endfacet
  facet normal 0.08304547985373995 0 0.9965457582448797
    outer loop
      vertex 0.7 84.7 21.641666666666666
      vertex 12 84.7 20.7
      vertex 0.7 95.3 21.641666666666666
    endloop
  endfacet
  facet normal 0.08304547985373995 3.4484182428995546e-19 0.9965457582448797
    outer loop
      vertex 0.7 95.3 21.641666666666666
      vertex 12 84.7 20.7
      vertex 12 95.3 20.7
    endloop
  endfacet
  facet normal 0 0 -1
    outer loop
      vertex 12.030000000000001 84.03 0
      vertex 12.700000000000001 84 0
      vertex 12 84 0
    endloop
  endfacet
  facet normal 0 0 -1
    outer loop
      vertex 12.030000000000001 84.03 0
      vertex 12 84.69651741293532 0
      vertex 18.000149253731365 96 0
    endloop
  endfacet
  facet normal 0 0 -1
    outer loop
      vertex 12 84.7 0
      vertex 18.000149253731365 96 0
      vertex 12 84.69651741293532 0
    endloop
  endfacet
  facet normal 0 0 -1
    outer loop
      vertex 12.030000000000001 84.03 0
      vertex 23.299999999999997 95.3 0
      vertex 12.700000000000001 84 0
    endloop
  endfacet
  facet normal 0 0 -1
    outer loop
      vertex 12 84.7 0
      vertex 12 95.30348258706466 0
      vertex 18.000149253731365 96 0
    endloop
  endfacet
  facet normal 0 0 -1
    outer loop
      vertex 12 95.30348258706466 0
      vertex 12 96 0
      vertex 18.000149253731365 96 0
    endloop
  endfacet
  facet normal 0 0 -1
    outer loop
      vertex 12.700000000000001 84 0
      vertex 24 84.7 0
      vertex 23.97 84 0
    endloop
  endfacet
  facet normal 0 0 -1
    outer loop
      vertex 12.700000000000001 84 0
      vertex 23.299999999999997 95.3 0
      vertex 24 84.7 0
    endloop
  endfacet
  facet normal 0 0 -1
    outer loop
      vertex 12.030000000000001 84.03 0
      vertex 18.000149253731365 96 0
      vertex 23.299999999999997 95.3 0
    endloop
  endfacet
  facet normal 0 0 -1
    outer loop
      vertex 18.000149253731365 96 0
      vertex 23.30042346896494 95.30042346896494 0
      vertex 23.299999999999997 95.3 0
    endloop
  endfacet
  facet normal 0 0 -1
    outer loop
      vertex 24 84.7 0
      vertex 23.299999999999997 95.3 0
      vertex 24 95.3 0
    endloop
  endfacet
  facet normal 0.08304547985373986 0 0.9965457582448797
    outer loop
      vertex 12.700000000000001 84 20.641666666666666
      vertex 23.97 84.7 19.7025
      vertex 12.700000000000001 84.03 20.641666666666666
    endloop
  endfacet
  facet normal 0.08304547985377904 0 0.9965457582448763
    outer loop
      vertex 12 84.7 20.7
      vertex 12.030000000000001 84.7 20.697499999999998
      vertex 12 95.3 20.7
    endloop
  endfacet
  facet normal 0.08304547985373845 1.5304685419369459e-15 0.9965457582448798
    outer loop
      vertex 12.030000000000001 84.03 20.697499999999998
      vertex 12.700000000000001 84.03 20.641666666666666
      vertex 24 95.3 19.7
    endloop
  endfacet
  facet normal 0.08304547985373986 0 0.9965457582448796
    outer loop
      vertex 12.030000000000001 84.03 20.697499999999998
      vertex 24 95.3 19.7
      vertex 12.030000000000001 84.7 20.697499999999998
    endloop
  endfacet
  facet normal 0.08304547985373997 -1.1134169152347475e-16 0.9965457582448796
    outer loop
      vertex 12.030000000000001 84.7 20.697499999999998
      vertex 24 95.3 19.7
      vertex 12 95.3 20.7
    endloop
  endfacet
  facet normal 0.08304547985373985 4.5902926016233e-17 0.9965457582448796
    outer loop
      vertex 12.700000000000001 84 20.641666666666666
      vertex 23.97 84 19.7025
      vertex 23.97 84.7 19.7025
    endloop
  endfacet
  facet normal 0.08304547985373985 1.0616858260661966e-16 0.9965457582448797
    outer loop
      vertex 12.700000000000001 84.03 20.641666666666666
      vertex 23.97 84.7 19.7025
      vertex 24 95.3 19.7
    endloop
  endfacet
  facet normal 0.08304547985377904 0 0.9965457582448763
    outer loop
      vertex 24 84.7 19.7
      vertex 24 95.3 19.7
      vertex 23.97 84.7 19.7025
    endloop
  endfacet
  facet normal 0 0 -1
    outer loop
      vertex 24 84.7 0
      vertex 24 95.3 0
      vertex 24.700000000000003 84.7 0
    endloop
  endfacet
  facet normal 0 0 -1
    outer loop
      vertex 24.700000000000003 84.7 0
      vertex 35.3 95.3 0
      vertex 36 84.69651741293532 0
    endloop
  endfacet
  facet normal 0 0 -1
    outer loop
      vertex 24.700000000000003 84.7 0
      vertex 24 95.3 0
      vertex 35.3 95.3 0
    endloop
  endfacet
  facet normal 0 0 -1
    outer loop
      vertex 24 95.3 0
      vertex 24 95.30001741293532 0
      vertex 35.3 95.3 0
    endloop
  endfacet
  facet normal 0 0 -1
    outer loop
      vertex 24 95.30001741293532 0
      vertex 24.03 96 0
      vertex 35.3 95.3 0
    endloop
  endfacet
  facet normal 0 0 -1
    outer loop
      vertex 35.3 95.3 0
      vertex 36 95.3 0
      vertex 36 84.69651741293532 0
    endloop
  endfacet
  facet normal 0.08304547985373997 0 0.9965457582448796
    outer loop
      vertex 24 84.7 19.7
      vertex 36 84.7 18.7
      vertex 24 95.3 19.7
    endloop
  endfacet
  facet normal 0.08304547985373997 0 0.9965457582448796
    outer loop
      vertex 24 95.3 19.7
      vertex 36 84.7 18.7
      vertex 36 95.3 18.7
    endloop
  endfacet
  facet normal 1 0 0
    outer loop
      vertex 36 84.7 17.758333333333333
      vertex 36 95.3 18.641666666666666
      vertex 36 84.7 18.7
    endloop
  endfacet
  facet normal 1 0 0
    outer loop
      vertex 36 84.7 18.7
      vertex 36 95.3 18.641666666666666
      vertex 36 95.3 18.7
    endloop
  endfacet
  facet normal 0 0 -1
    outer loop
      vertex 36.03 84.03 0
      vertex 36.699999999999996 84 0
      vertex 36 84 0
    endloop
  endfacet
  facet normal 0 0 -1
    outer loop
      vertex 36.03 84.03 0
      vertex 36 84.64246575342466 0
      vertex 36.699999999999996 84 0
    endloop
  endfacet
  facet normal 0 0 -1
    outer loop
      vertex 36.699999999999996 84 0
      vertex 36 84.64246575342466 0
      vertex 36 84.69651741293532 0
    endloop
  endfacet
  facet normal 0 0 -1
    outer loop
      vertex 36.699999999999996 84 0
      vertex 48 84.69978738178052 0
      vertex 47.97 84 0
    endloop
  endfacet
  facet normal 0 0 -1
    outer loop
      vertex 36.699999999999996 84 0
      vertex 48 84.69998258706468 0
      vertex 48 84.69978738178052 0
    endloop
  endfacet
  facet normal 0 0 -1
    outer loop
      vertex 36.699999999999996 84 0
      vertex 36 84.69651741293532 0
      vertex 36 95.3 0
    endloop
  endfacet
  facet normal 0 0 -1
    outer loop
      vertex 36.699999999999996 84 0
      vertex 47.30042346896494 95.30042346896494 0
      vertex 48 84.69998258706468 0
    endloop
  endfacet
  facet normal 0 0 -1
    outer loop
      vertex 36.699999999999996 84 0
      vertex 36 95.3 0
      vertex 36 96 0
    endloop
  endfacet
  facet normal 0 0 -1
    outer loop
      vertex 36.699999999999996 84 0
      vertex 36 96 0
      vertex 36.03 96 0
    endloop
  endfacet
  facet normal 0 0 -1
    outer loop
      vertex 36.699999999999996 84 0
      vertex 36.03 96 0
      vertex 47.30042346896494 95.30042346896494 0
    endloop
  endfacet
  facet normal 0 0 -1
    outer loop
      vertex 48 84.69998258706468 0
      vertex 47.30042346896494 95.30042346896494 0
      vertex 47.97 95.97 0
    endloop
  endfacet
  facet normal 0 0 -1
    outer loop
      vertex 48 84.69998258706468 0
      vertex 47.97 95.97 0
      vertex 48 95.3 0
    endloop
  endfacet
  facet normal 0 0 -1
    outer loop
      vertex 48 95.3 0
      vertex 47.97 95.97 0
      vertex 48 95.30351732630166 0
    endloop
  endfacet
  facet normal 0 -0.08304547985377904 0.9965457582448765
    outer loop
      vertex 36.699999999999996 84 17.7
      vertex 47.97 84 17.7
      vertex 36.699999999999996 84.03 17.7025
    endloop
  endfacet
  facet normal 0 -1 0
    outer loop
      vertex 36.699999999999996 84 17.641666666666666
      vertex 47.97 84 17.7
      vertex 36.699999999999996 84 17.7
    endloop
  endfacet
  facet normal 0 -1 0
    outer loop
      vertex 36.699999999999996 84 17.641666666666666
      vertex 47.97 84 16.7025
      vertex 47.97 84 17.7
    endloop
  endfacet
  facet normal 1.0470976819426187e-16 -0.08304547985373996 0.9965457582448796
    outer loop
      vertex 36.699999999999996 84.03 17.7025
      vertex 47.97 84 17.7
      vertex 47.97 84.7 17.758333333333333
    endloop
  endfacet
  facet normal 0 -0.08304547985373997 0.9965457582448796
    outer loop
      vertex 36 84.7 17.758333333333333
      vertex 36.03 84.7 17.758333333333333
      vertex 36 95.3 18.641666666666666
    endloop
  endfacet
  facet normal -1.56001372058465e-15 -0.08304547985373824 0.9965457582448798
    outer loop
      vertex 36.03 84.03 17.7025
      vertex 48 95.3 18.641666666666666
      vertex 36.03 84.7 17.758333333333333
    endloop
  endfacet
  facet normal 0 -0.08304547985373988 0.9965457582448797
    outer loop
      vertex 36.03 84.03 17.7025
      vertex 36.699999999999996 84.03 17.7025
      vertex 48 95.3 18.641666666666666
    endloop
  endfacet
  facet normal 1.0465834619039645e-16 -0.08304547985373997 0.9965457582448797
    outer loop
      vertex 36.699999999999996 84.03 17.7025
      vertex 47.97 84.7 17.758333333333333
      vertex 48 95.3 18.641666666666666
    endloop
  endfacet
  facet normal 5.195616819301996e-18 -0.08304547985373997 0.9965457582448796
    outer loop
      vertex 36.03 84.7 17.758333333333333
      vertex 48 95.3 18.641666666666666
      vertex 36 95.3 18.641666666666666
    endloop
  endfacet
  facet normal 0 -0.08304547985373997 0.9965457582448796
    outer loop
      vertex 48 84.7 17.758333333333333
      vertex 48 95.3 18.641666666666666
      vertex 47.97 84.7 17.758333333333333
    endloop
  endfacet
  facet normal 0 0 -1
    outer loop
      vertex 48.699576531035056 84.69957653103506 0
      vertex 53.999999999999986 84 0
      vertex 48.69486269944931 84.69486269944932 0
    endloop
  endfacet
  facet normal 0 0 -1
    outer loop
      vertex 48 84.69998258706468 0
      vertex 48 95.3 0
      vertex 48.699576531035056 84.69957653103506 0
    endloop
  endfacet
  facet normal 0 0 -1
    outer loop
      vertex 48.699576531035056 84.69957653103506 0
      vertex 48 95.3 0
      vertex 59.3 95.3 0
    endloop
  endfacet
  facet normal 0 0 -1
    outer loop
      vertex 53.999999999999986 84 0
      vertex 60 90.00000000000004 0
      vertex 60 84 0
    endloop
  endfacet
  facet normal 0 0 -1
    outer loop
      vertex 48.699576531035056 84.69957653103506 0
      vertex 59.3 95.3 0
      vertex 53.999999999999986 84 0
    endloop
  endfacet
  facet normal 0 0 -1
    outer loop
      vertex 53.999999999999986 84 0
      vertex 59.3 95.3 0
      vertex 60 90.00000000000004 0
    endloop
  endfacet
  facet normal 0 0 -1
    outer loop
      vertex 60 90.00000000000004 0
      vertex 59.3 95.3 0
      vertex 59.30000182386169 95.30000182386169 0
    endloop
  endfacet
  facet normal 0 0 -1
    outer loop
      vertex 60 90.00000000000004 0
      vertex 59.30000182386169 95.30000182386169 0
      vertex 60 95.7645814891213 0
    endloop
  endfacet
  facet normal -1 0 0
    outer loop
      vertex 48 84.7 17.758333333333333
      vertex 48 84.7 18.7
      vertex 48 95.3 18.641666666666666
    endloop
  endfacet
  facet normal -0.08304547985373997 0 0.9965457582448797
    outer loop
      vertex 48 84.7 18.7
      vertex 59.3 84.7 19.641666666666666
      vertex 48 95.3 18.7
    endloop
  endfacet
  facet normal -1 0 0
    outer loop
      vertex 48 84.7 18.7
      vertex 48 95.3 18.7
      vertex 48 95.3 18.641666666666666
    endloop
  endfacet
  facet normal -0.08304547985373997 1.3793672971598224e-18 0.9965457582448797
    outer loop
      vertex 48 95.3 18.7
      vertex 59.3 84.7 19.641666666666666
      vertex 59.3 95.3 19.641666666666666
    endloop
  endfacet
  facet normal 0 0 -1
    outer loop
      vertex 60.06060315964918 84 0
      vertex 60.62212811164918 84.62212811164919 0
      vertex 60.06085460390055 84 0
    endloop
  endfacet
  facet normal 0 0 -1
    outer loop
      vertex 60.06085460390055 84 0
      vertex 60.62212811164918 84.62212811164919 0
      vertex 60.69458048638039 84.69458048638039 0
    endloop
  endfacet
  facet normal 0 0 -1
    outer loop
      vertex 60.06085460390055 84 0
      vertex 72 84.69998353591585 0
      vertex 71.97 84 0
    endloop
  endfacet
  facet normal 0 0 -1
    outer loop
      vertex 60 90.00000000000004 0
      vertex 60 95.7645814891213 0
      vertex 66.36317499999998 96 0
    endloop
  endfacet
  facet normal 0 0 -1
    outer loop
      vertex 60 95.7645814891213 0
      vertex 60 95.96833337828186 0
      vertex 66.36317499999998 96 0
    endloop
  endfacet
  facet normal 0 0 -1
    outer loop
      vertex 60 95.96833337828186 0
      vertex 60.03 96 0
      vertex 66.36317499999998 96 0
    endloop
  endfacet
  facet normal 0 0 -1
    outer loop
      vertex 60.06085460390055 84 0
      vertex 60.69458048638039 84.69458048638039 0
      vertex 71.3 95.3 0
    endloop
  endfacet
  facet normal 0 0 -1
    outer loop
      vertex 60.69458048638039 84.69458048638039 0
      vertex 60 90.00000000000004 0
      vertex 71.3 95.3 0
    endloop
  endfacet
  facet normal 0 0 -1
    outer loop
      vertex 60.06085460390055 84 0
      vertex 71.3 95.3 0
      vertex 72 84.69998353591585 0
    endloop
  endfacet
  facet normal 0 0 -1
    outer loop
      vertex 60 90.00000000000004 0
      vertex 66.36317499999998 96 0
      vertex 71.3 95.3 0
    endloop
  endfacet
  facet normal 0 0 -1
    outer loop
      vertex 71.3 95.3 0
      vertex 72 95.3 0
      vertex 72 84.69998353591585 0
    endloop
  endfacet
  facet normal 0 0 -1
    outer loop
      vertex 66.36317499999998 96 0
      vertex 71.3065204114362 95.3065204114362 0
      vertex 71.3 95.3 0
    endloop
  endfacet
  facet normal 0.08304547985373992 2.0690509457397323e-18 0.9965457582448797
    outer loop
      vertex 60.699999999999996 95.3 12.641666666666666
      vertex 72 84.7 11.7
      vertex 72 95.3 11.7
    endloop
  endfacet
  facet normal 0.08304547985373992 0 0.9965457582448797
    outer loop
      vertex 60.699999999999996 84.7 12.641666666666666
      vertex 72 84.7 11.7
      vertex 60.699999999999996 95.3 12.641666666666666
    endloop
  endfacet
  facet normal 0 0 -1
    outer loop
      vertex 77.99985070540023 84 0
      vertex 84 84.63926940639269 0
      vertex 77.99999999999994 84 0
    endloop
  endfacet
  facet normal 0 0 -1
    outer loop
      vertex 72 84.69998353591585 0
      vertex 72 95.3 0
      vertex 72.69959959369628 84.69959959369628 0
    endloop
  endfacet
  facet normal 0 0 -1
    outer loop
      vertex 77.99985070540023 84 0
      vertex 72.69959959369628 84.69959959369628 0
      vertex 83.30039061523982 95.30039061523982 0
    endloop
  endfacet
  facet normal 0 0 -1
    outer loop
      vertex 72.69959959369628 84.69959959369628 0
      vertex 72 95.3 0
      vertex 78 96 0
    endloop
  endfacet
  facet normal 0 0 -1
    outer loop
      vertex 72 95.3 0
      vertex 72 96 0
      vertex 78 96 0
    endloop
  endfacet
  facet normal 0 0 -1
    outer loop
      vertex 72.69959959369628 84.69959959369628 0
      vertex 78 96 0
      vertex 83.30039061523982 95.30039061523982 0
    endloop
  endfacet
  facet normal 0 0 -1
    outer loop
      vertex 77.99985070540023 84 0
      vertex 83.30039061523982 95.30039061523982 0
      vertex 84 84.63926940639269 0
    endloop
  endfacet
  facet normal 0 0 -1
    outer loop
      vertex 84 84.63926940639269 0
      vertex 83.30039061523982 95.30039061523982 0
      vertex 84 95.30348258706468 0
    endloop
  endfacet
  facet normal 0 0 -1
    outer loop
      vertex 83.30039061523982 95.30039061523982 0
      vertex 83.97 95.97 0
      vertex 84 95.30348258706468 0
    endloop
  endfacet
  facet normal 0.08304547985373997 0 0.9965457582448796
    outer loop
      vertex 72 84.7 11.7
      vertex 84 84.7 10.7
      vertex 72 95.3 11.7
    endloop
  endfacet
  facet normal 0.08304547985373997 0 0.9965457582448796
    outer loop
      vertex 72 95.3 11.7
      vertex 84 84.7 10.7
      vertex 84 95.3 10.7
    endloop
  endfacet
  facet normal 0 0 -1
    outer loop
      vertex 84.03 84.03 0
      vertex 84 84.57535837545623 0
      vertex 84.58414776658722 84.58414776658722 0
    endloop
  endfacet
  facet normal 0 0 -1
    outer loop
      vertex 84 84.57535837545623 0
      vertex 84 84.63926940639269 0
      vertex 84.58414776658722 84.58414776658722 0
    endloop
  endfacet
  facet normal 0 0 -1
    outer loop
      vertex 84 84.63926940639269 0
      vertex 84 95.30348258706468 0
      vertex 84.58414776658722 84.58414776658722 0
    endloop
  endfacet
  facet normal 0 0 -1
    outer loop
      vertex 84.58414776658722 84.58414776658722 0
      vertex 84 95.30348258706468 0
      vertex 90 96 0
    endloop
  endfacet
  facet normal 0 0 -1
    outer loop
      vertex 84.58414776658722 84.58414776658722 0
      vertex 90 96 0
      vertex 95.3 95.3 0
    endloop
  endfacet
  facet normal 0 0 -1
    outer loop
      vertex 84 95.30348258706468 0
      vertex 84 96 0
      vertex 90 96 0
    endloop
  endfacet
  facet normal 0 0 -1
    outer loop
      vertex 84.58414776658722 84.58414776658722 0
      vertex 95.3 95.3 0
      vertex 96 84.69969634703196 0
    endloop
  endfacet
  facet normal 0 0 -1
    outer loop
      vertex 90 96 0
      vertex 95.30696517412935 95.30696517412935 0
      vertex 95.3 95.3 0
    endloop
  endfacet
  facet normal 0 0 -1
    outer loop
      vertex 96 84.69969634703196 0
      vertex 95.3 95.3 0
      vertex 96 95.3 0
    endloop
  endfacet
  facet normal 0.08304547985373997 0 0.9965457582448796
    outer loop
      vertex 84 84.7 10.7
      vertex 96 84.7 9.7
      vertex 84 95.3 10.7
    endloop
  endfacet
  facet normal 1 0 0
    outer loop
      vertex 96 84.7 8.758333333333333
      vertex 96 95.3 9.641666666666666
      vertex 96 84.7 9.7
    endloop
  endfacet
  facet normal 0.08304547985373997 0 0.9965457582448796
    outer loop
      vertex 84 95.3 10.7
      vertex 96 84.7 9.7
      vertex 96 95.3 9.7
    endloop
  endfacet
  facet normal 1 0 0
    outer loop
      vertex 96 84.7 9.7
      vertex 96 95.3 9.641666666666666
      vertex 96 95.3 9.7
    endloop
  endfacet
  facet normal 0 0 -1
    outer loop
      vertex 96.03 84.03 0
      vertex 96.7 84 0
      vertex 96 84 0
    endloop
  endfacet
  facet normal 0 0 -1
    outer loop
      vertex 96.03 84.03 0
      vertex 96 84.69651741293532 0
      vertex 102 96 0
    endloop
  endfacet
  facet normal 0 0 -1
    outer loop
      vertex 96 84.69969634703196 0
      vertex 102 96 0
      vertex 96 84.69651741293532 0
    endloop
  endfacet
  facet normal 0 0 -1
    outer loop
      vertex 96 84.69969634703196 0
      vertex 96 95.3 0
      vertex 102 96 0
    endloop
  endfacet
  facet normal 0 0 -1
    outer loop
      vertex 96 95.3 0
      vertex 96 96 0
      vertex 102 96 0
    endloop
  endfacet
  facet normal 0 0 -1
    outer loop
      vertex 96.03 84.03 0
      vertex 107.30039061523982 95.30039061523982 0
      vertex 96.7 84 0
    endloop
  endfacet
  facet normal 0 0 -1
    outer loop
      vertex 96.7 84 0
      vertex 107.30039061523982 95.30039061523982 0
      vertex 107.30001741293532 84 0
    endloop
  endfacet
  facet normal 0 0 -1
    outer loop
      vertex 107.30001741293532 84 0
      vertex 107.30039061523982 95.30039061523982 0
      vertex 108 84.03 0
    endloop
  endfacet
  facet normal 0 0 -1
    outer loop
      vertex 96.03 84.03 0
      vertex 102 96 0
      vertex 107.30039061523982 95.30039061523982 0
    endloop
  endfacet
  facet normal 0 0 -1
    outer loop
      vertex 108 84.03 0
      vertex 107.30039061523982 95.30039061523982 0
      vertex 108 95.30348258706468 0
    endloop
  endfacet
  facet normal 0 0 -1
    outer loop
      vertex 107.30039061523982 95.30039061523982 0
      vertex 107.97 95.97 0
      vertex 108 95.30348258706468 0
    endloop
  endfacet
  facet normal 0 -0.08304547985372043 0.9965457582448811
    outer loop
      vertex 96.7 84 8.7
      vertex 107.3 84 8.7
      vertex 96.7 84.03 8.702499999999999
    endloop
  endfacet
  facet normal 0 -0.08304547985372043 0.9965457582448811
    outer loop
      vertex 96.7 84.03 8.702499999999999
      vertex 107.3 84 8.7
      vertex 107.3 84.03 8.702499999999999
    endloop
  endfacet
  facet normal 0 -0.08304547985373997 0.9965457582448796
    outer loop
      vertex 96 84.7 8.758333333333333
      vertex 96.03 84.7 8.758333333333333
      vertex 96 95.3 9.641666666666666
    endloop
  endfacet
  facet normal 0 -0.08304547985374003 0.9965457582448796
    outer loop
      vertex 96.03 84.03 8.702499999999999
      vertex 96.7 84.03 8.702499999999999
      vertex 108 95.3 9.641666666666666
    endloop
  endfacet
  facet normal 7.758461271829065e-16 -0.08304547985374085 0.9965457582448796
    outer loop
      vertex 96.03 84.03 8.702499999999999
      vertex 108 95.3 9.641666666666666
      vertex 96.03 84.7 8.758333333333333
    endloop
  endfacet
  facet normal 0 -0.08304547985374001 0.9965457582448796
    outer loop
      vertex 96.7 84.03 8.702499999999999
      vertex 107.3 84.03 8.702499999999999
      vertex 108 95.3 9.641666666666666
    endloop
  endfacet
  facet normal 0 -0.08304547985374001 0.9965457582448796
    outer loop
      vertex 107.3 84.03 8.702499999999999
      vertex 108 84.03 8.702499999999999
      vertex 108 95.3 9.641666666666666
    endloop
  endfacet
  facet normal 5.195616819301996e-18 -0.08304547985373997 0.9965457582448796
    outer loop
      vertex 96.03 84.7 8.758333333333333
      vertex 108 95.3 9.641666666666666
      vertex 96 95.3 9.641666666666666
    endloop
  endfacet
  facet normal 0 0 -1
    outer loop
      vertex 108.03 84.03 0
      vertex 108 84.03 0
      vertex 108 95.30348258706468 0
    endloop
  endfacet
  facet normal -1 0 0
    outer loop
      vertex 108 84.03 8.702499999999999
      vertex 108 84.03 9.7
      vertex 108 95.3 9.641666666666666
    endloop
  endfacet
  facet normal -0.08304547985373996 0 0.9965457582448796
    outer loop
      vertex 108 84.03 9.7
      vertex 108.7 84.03 9.758333333333333
      vertex 108 95.3 9.7
    endloop
  endfacet
  facet normal -1 0 0
    outer loop
      vertex 108 84.03 9.7
      vertex 108 95.3 9.7
      vertex 108 95.3 9.641666666666666
    endloop
  endfacet
  facet normal 0 0 -1
    outer loop
      vertex 108.7 84 0
      vertex 120 84.7 0
      vertex 119.97 84 0
    endloop
  endfacet
  facet normal 0 0 -1
    outer loop
      vertex 108.03 84.03 0
      vertex 119.3 95.3 0
      vertex 108.69651741293532 84 0
    endloop
  endfacet
  facet normal 0 0 -1
    outer loop
      vertex 108.7 84 0
      vertex 108.69651741293532 84 0
      vertex 119.3 95.3 0
    endloop
  endfacet
  facet normal 0 0 -1
    outer loop
      vertex 108.7 84 0
      vertex 119.3 95.3 0
      vertex 120 84.7 0
    endloop
  endfacet
  facet normal 0 0 -1
    outer loop
      vertex 108.03 84.03 0
      vertex 108 95.30348258706468 0
      vertex 114 96 0
    endloop
  endfacet
  facet normal 0 0 -1
    outer loop
      vertex 108 95.30348258706468 0
      vertex 108 96 0
      vertex 114 96 0
    endloop
  endfacet
  facet normal 0 0 -1
    outer loop
      vertex 108.03 84.03 0
      vertex 114 96 0
      vertex 119.3 95.3 0
    endloop
  endfacet
  facet normal 0 0 -1
    outer loop
      vertex 120 84.7 0
      vertex 119.3 95.3 0
      vertex 120 95.3 0
    endloop
  endfacet
  facet normal 0 0 -1
    outer loop
      vertex 114 96 0
      vertex 119.30696517412935 95.30696517412935 0
      vertex 119.3 95.3 0
    endloop
  endfacet
  facet normal -0.08304547985374001 0 0.9965457582448796
    outer loop
      vertex 108.7 84 9.758333333333333
      vertex 119.97 84.7 10.6975
      vertex 108.7 84.03 9.758333333333333
    endloop
  endfacet
  facet normal -0.08304547985374001 2.833310799242161e-17 0.9965457582448796
    outer loop
      vertex 108.7 84 9.758333333333333
      vertex 119.97 84 10.6975
      vertex 119.97 84.7 10.6975
    endloop
  endfacet
  facet normal -0.08304547985374003 -2.9484726756692653e-18 0.9965457582448797
    outer loop
      vertex 108 95.3 9.7
      vertex 108.7 84.03 9.758333333333333
      vertex 119.97 84.7 10.6975
    endloop
  endfacet
  facet normal -0.08304547985373997 5.566732306394972e-17 0.9965457582448796
    outer loop
      vertex 108 95.3 9.7
      vertex 119.97 84.7 10.6975
      vertex 120 95.3 10.7
    endloop
  endfacet
  facet normal -0.08304547985372043 8.290299575622536e-21 0.9965457582448811
    outer loop
      vertex 119.97 84.7 10.6975
      vertex 120 84.7 10.7
      vertex 120 95.3 10.7
    endloop
  endfacet
  facet normal 0 0 -1
    outer loop
      vertex 120 84.7 0
      vertex 120 95.3 0
      vertex 120.7 84.7 0
    endloop
  endfacet
  facet normal 0 0 -1
    outer loop
      vertex 120.7 84.7 0
      vertex 126 96 0
      vertex 132 84.69651741293532 0
    endloop
  endfacet
  facet normal 0 0 -1
    outer loop
      vertex 120.7 84.7 0
      vertex 120 95.3 0
      vertex 126 96 0
    endloop
  endfacet
  facet normal 0 0 -1
    outer loop
      vertex 120 95.3 0
      vertex 120 96 0
      vertex 126 96 0
    endloop
  endfacet
  facet normal 0 0 -1
    outer loop
      vertex 126 96 0
      vertex 131.30039061523982 95.30039061523982 0
      vertex 132 84.69651741293532 0
    endloop
  endfacet
  facet normal 0 0 -1
    outer loop
      vertex 132 84.69651741293532 0
      vertex 131.30039061523982 95.30039061523982 0
      vertex 132 95.30348258706468 0
    endloop
  endfacet
  facet normal 0 0 -1
    outer loop
      vertex 131.30039061523982 95.30039061523982 0
      vertex 131.97 95.97 0
      vertex 132 95.30348258706468 0
    endloop
  endfacet
  facet normal -0.08304547985373997 0 0.9965457582448796
    outer loop
      vertex 120 84.7 10.7
      vertex 132 84.7 11.7
      vertex 120 95.3 10.7
    endloop
  endfacet
  facet normal -0.08304547985373997 0 0.9965457582448796
    outer loop
      vertex 120 95.3 10.7
      vertex 132 84.7 11.7
      vertex 132 95.3 11.7
    endloop
  endfacet
  facet normal 0 0 -1
    outer loop
      vertex 132.03 84.03 0
      vertex 132.70000000000002 84 0
      vertex 132 84 0
    endloop
  endfacet
  facet normal 0 0 -1
    outer loop
      vertex 132.03 84.03 0
      vertex 143.3 95.3 0
      vertex 132.70000000000002 84 0
    endloop
  endfacet
  facet normal 0 0 -1
    outer loop
      vertex 132.03 84.03 0
      vertex 132 84.64246575342466 0
      vertex 143.53209867198785 96 0
    endloop
  endfacet
  facet normal 0 0 -1
    outer loop
      vertex 132 84.69651741293532 0
      vertex 143.53209867198785 96 0
      vertex 132 84.64246575342466 0
    endloop
  endfacet
  facet normal 0 0 -1
    outer loop
      vertex 132.70000000000002 84 0
      vertex 143.3 95.3 0
      vertex 143.301815920398 84 0
    endloop
  endfacet
  facet normal 0 0 -1
    outer loop
      vertex 132 84.69651741293532 0
      vertex 132 95.30348258706468 0
      vertex 143.53209867198785 96 0
    endloop
  endfacet
  facet normal 0 0 -1
    outer loop
      vertex 132.03 84.03 0
      vertex 143.53209867198785 96 0
      vertex 143.3 95.3 0
    endloop
  endfacet
  facet normal 0 0 -1
    outer loop
      vertex 132 95.30348258706468 0
      vertex 132 96 0
      vertex 143.53209867198785 96 0
    endloop
  endfacet
  facet normal 0 0 -1
    outer loop
      vertex 143.301815920398 84 0
      vertex 143.3 95.3 0
      vertex 144 95.53684931506847 0
    endloop
  endfacet
  facet normal 0 0 -1
    outer loop
      vertex 143.3 95.3 0
      vertex 144 96 0
      vertex 144 95.53684931506847 0
    endloop
  endfacet
  facet normal -0.08304547985373997 0 0.9965457582448796
    outer loop
      vertex 132.70000000000002 84 11.758333333333335
      vertex 143.3 84 12.641666666666667
      vertex 132.70000000000002 84.03 11.758333333333335
    endloop
  endfacet
  facet normal -0.08304547985372043 0 0.9965457582448811
    outer loop
      vertex 132 84.7 11.7
      vertex 132.03 84.7 11.702499999999999
      vertex 132 95.3 11.7
    endloop
  endfacet
  facet normal -0.08304547985374172 1.6514074950738796e-15 0.9965457582448796
    outer loop
      vertex 132.03 84.03 11.702499999999999
      vertex 132.70000000000002 84.03 11.758333333333335
      vertex 143.3 95.3 12.641666666666667
    endloop
  endfacet
  facet normal -0.08304547985374006 0 0.9965457582448796
    outer loop
      vertex 132.03 84.03 11.702499999999999
      vertex 143.3 95.3 12.641666666666667
      vertex 132.03 84.7 11.702499999999999
    endloop
  endfacet
  facet normal -0.08304547985374003 -5.581779109924479e-17 0.9965457582448797
    outer loop
      vertex 132.03 84.7 11.702499999999999
      vertex 143.3 95.3 12.641666666666667
      vertex 132 95.3 11.7
    endloop
  endfacet
  facet normal -0.08304547985373997 5.51746918863929e-18 0.9965457582448797
    outer loop
      vertex 132.70000000000002 84.03 11.758333333333335
      vertex 143.3 84 12.641666666666667
      vertex 143.3 95.3 12.641666666666667
    endloop
  endfacet
  facet normal 0 0 -1
    outer loop
      vertex -0.03 -0.7 0
      vertex -0.03 -0.03 0
      vertex 0.000017423048203766227 0 0
    endloop
  endfacet
  facet normal 0 0 -1
    outer loop
      vertex -0.7 -0.03 0
      vertex 0 0.4931506849315067 0
      vertex -0.03 -0.03 0
    endloop
  endfacet
  facet normal 0 0 -1
    outer loop
      vertex -0.03 -0.03 0
      vertex 0 0.4931506849315067 0
      vertex 0.000017423048203766227 0 0
    endloop
  endfacet
  facet normal 0 0 -1
    outer loop
      vertex 0.000017423048203766227 0 0
      vertex 0 0.4931506849315067 0
      vertex 0.6999970078812908 0.6999970078812908 0
    endloop
  endfacet
  facet normal 0 0 -1
    outer loop
      vertex -0.7 -0.03 0
      vertex 0 11.970149253731345 0
      vertex 0 0.4931506849315067 0
    endloop
  endfacet
  facet normal 0 0 -1
    outer loop
      vertex -0.03 -0.7 0
      vertex 0.000017423048203766227 0 0
      vertex 11.97 -0.7 0
    endloop
  endfacet
  facet normal 0 0 -1
    outer loop
      vertex 0.000017423048203766227 0 0
      vertex 12.030000000000001 -0.6930348258706467 0
      vertex 11.97 -0.7 0
    endloop
  endfacet
  facet normal 0 0 -1
    outer loop
      vertex 0.000017423048203766227 0 0
      vertex 12 2.0539125955565396e-14 0
      vertex 12.030000000000001 -0.6930348258706467 0
    endloop
  endfacet
  facet normal 0 0 -1
    outer loop
      vertex -0.7 -0.03 0
      vertex -0.7 11.97 0
      vertex 0 11.970149253731345 0
    endloop
  endfacet
  facet normal 0 0 -1
    outer loop
      vertex 11.97 -0.7 0
      vertex 12.030000000000001 -0.6930348258706467 0
      vertex 24.03 -0.7 0
    endloop
  endfacet
  facet normal 0 0 -1
    outer loop
      vertex 12.030000000000001 -0.6930348258706467 0
      vertex 12 2.0539125955565396e-14 0
      vertex 24 0.6999654327373035 0
    endloop
  endfacet
  facet normal 0 0 -1
    outer loop
      vertex 12 2.0539125955565396e-14 0
      vertex 12 0.6999999137973498 0
      vertex 24 0.6999654327373035 0
    endloop
  endfacet
  facet normal 0 0 -1
    outer loop
      vertex -0.7 11.97 0
      vertex -0.7 12.030000000000001 0
      vertex -0.6930348258706467 12.030000000000001 0
    endloop
  endfacet
  facet normal 0 0 -1
    outer loop
      vertex -0.7 11.97 0
      vertex -0.6930348258706467 12.030000000000001 0
      vertex -0.03 11.998714285714287 0
    endloop
  endfacet
  facet normal 0 0 -1
    outer loop
      vertex -0.6930348258706467 12.030000000000001 0
      vertex -0.03 12.030000000000001 0
      vertex -0.03 11.998714285714287 0
    endloop
  endfacet
  facet normal 0 0 -1
    outer loop
      vertex -0.7 11.97 0
      vertex -0.03 11.998714285714287 0
      vertex 0 11.970149253731345 0
    endloop
  endfacet
  facet normal 0 0 -1
    outer loop
      vertex -0.03 11.998714285714287 0
      vertex 0.6893845916181436 12.689384591618143 0
      vertex 0 11.970149253731345 0
    endloop
  endfacet
  facet normal 0 0 -1
    outer loop
      vertex -0.03 11.998714285714287 0
      vertex -0.03 12.030000000000001 0
      vertex 0.6893845916181436 12.689384591618143 0
    endloop
  endfacet
  facet normal 0 0 -1
    outer loop
      vertex -0.03 12.030000000000001 0
      vertex 0 12.057534246575344 0
      vertex 0.6893845916181436 12.689384591618143 0
    endloop
  endfacet
  facet normal 0 0 -1
    outer loop
      vertex 0 11.970149253731345 0
      vertex 0.6893845916181436 12.689384591618143 0
      vertex 0.6598700576461897 12 0
    endloop
  endfacet
  facet normal 0 0 -1
    outer loop
      vertex 0 12.057534246575344 0
      vertex 0.7 12.7 0
      vertex 0.6893845916181436 12.689384591618143 0
    endloop
  endfacet
  facet normal 0 0 -1
    outer loop
      vertex -0.6930348258706467 12.030000000000001 0
      vertex 0 17.97015 0
      vertex -0.03 12.030000000000001 0
    endloop
  endfacet
  facet normal 0 0 -1
    outer loop
      vertex -0.03 12.030000000000001 0
      vertex 0 17.97015 0
      vertex 0 12.057534246575344 0
    endloop
  endfacet
  facet normal 0 0 -1
    outer loop
      vertex -0.7 12.030000000000001 0
      vertex -0.7 23.97 0
      vertex -0.6930348258706467 12.030000000000001 0
    endloop
  endfacet
  facet normal 0 0 -1
    outer loop
      vertex -0.6930348258706467 12.030000000000001 0
      vertex 0.696482674129353 24 0
      vertex 0 17.97015 0
    endloop
  endfacet
  facet normal 0 0 -1
    outer loop
      vertex -0.6930348258706467 12.030000000000001 0
      vertex -0.7 23.97 0
      vertex 0.696482674129353 24 0
    endloop
  endfacet
  facet normal 0 0 -1
    outer loop
      vertex 0 17.97015 0
      vertex 0.696482674129353 24 0
      vertex 0.6999825870646765 24 0
    endloop
  endfacet
  facet normal 0 0 -1
    outer loop
      vertex 11.305000357825648 11.305000357825648 0
      vertex 5.999999999999994 12 0
      vertex 11.97 11.97 0
    endloop
  endfacet
  facet normal 0 0 -1
    outer loop
      vertex 5.999999999999994 12 0
      vertex 12.000000000000002 12 0
      vertex 11.97 11.97 0
    endloop
  endfacet
  facet normal 0 0 -1
    outer loop
      vertex 12 11.303482587064677 0
      vertex 11.97 11.97 0
      vertex 12.000000000000002 12 0
    endloop
  endfacet
  facet normal 0 0 -1
    outer loop
      vertex 12.000000000000002 12 0
      vertex 12 12.699775614425667 0
      vertex 12.694580486380392 12.694580486380392 0
    endloop
  endfacet
  facet normal 0 0 -1
    outer loop
      vertex 12.000000000000002 12 0
      vertex 12.694580486380392 12.694580486380392 0
      vertex 17.999999999999993 12 0
    endloop
  endfacet
  facet normal 0 0 -1
    outer loop
      vertex 12.030000000000001 -0.6930348258706467 0
      vertex 24 0.696482674129353 0
      vertex 24.03 -0.7 0
    endloop
  endfacet
  facet normal 0 0 -1
    outer loop
      vertex 12.030000000000001 -0.6930348258706467 0
      vertex 24 0.6999654327373035 0
      vertex 24 0.696482674129353 0
    endloop
  endfacet
  facet normal 0 0 -1
    outer loop
      vertex 24.03 -0.7 0
      vertex 24 0.696482674129353 0
      vertex 24.03 0.030000000000001137 0
    endloop
  endfacet
  facet normal 0 0 -1
    outer loop
      vertex 24.03 -0.7 0
      vertex 24.03 0.030000000000001137 0
      vertex 36.03 -0.7 0
    endloop
  endfacet
  facet normal 0 0 -1
    outer loop
      vertex 24.03 0.030000000000001137 0
      vertex 24.699576531035053 0.6995765310350542 0
      vertex 35.99985 0 0
    endloop
  endfacet
  facet normal 0 0 -1
    outer loop
      vertex 24.03 0.030000000000001137 0
      vertex 35.99985 0 0
      vertex 36.03 -0.7 0
    endloop
  endfacet
  facet normal 0 0 -1
    outer loop
      vertex 17.999999999999993 12 0
      vertex 24 12.000000000000002 0
      vertex 23.96649094012893 11.966490940128931 0
    endloop
  endfacet
  facet normal 0 0 -1
    outer loop
      vertex 23.3 11.3 0
      vertex 23.96649094012893 11.966490940128931 0
      vertex 24 11.3 0
    endloop
  endfacet
  facet normal 0 0 -1
    outer loop
      vertex 24 11.3 0
      vertex 23.96649094012893 11.966490940128931 0
      vertex 24 12.000000000000002 0
    endloop
  endfacet
  facet normal 0 0 -1
    outer loop
      vertex 24 12.000000000000002 0
      vertex 24.211373930548568 12.211373930548566 0
      vertex 24.639269406392696 12 0
    endloop
  endfacet
  facet normal 0 0 -1
    outer loop
      vertex 24 12.000000000000002 0
      vertex 24 17.999999999999993 0
      vertex 24.211373930548568 12.211373930548566 0
    endloop
  endfacet
  facet normal 0 0 -1
    outer loop
      vertex 24.211373930548568 12.211373930548566 0
      vertex 24 17.999999999999993 0
      vertex 24.7 24 0
    endloop
  endfacet
  facet normal 0 0 -1
    outer loop
      vertex 24 17.999999999999993 0
      vertex 23.304827436268084 23.304827436268084 0
      vertex 24.03 24.03 0
    endloop
  endfacet
  facet normal 0 0 -1
    outer loop
      vertex 24 17.999999999999993 0
      vertex 24.03 24.03 0
      vertex 24.69651741293532 24 0
    endloop
  endfacet
  facet normal 0 0 -1
    outer loop
      vertex 24 17.999999999999993 0
      vertex 24.69651741293532 24 0
      vertex 24.7 24 0
    endloop
  endfacet
  facet normal 0 -1 0
    outer loop
      vertex -0.7 -0.03 0
      vertex -0.03 -0.03 0
      vertex -0.7 -0.03 32.2
    endloop
  endfacet
  facet normal -1 0 0
    outer loop
      vertex -0.03 -0.7 0
      vertex -0.03 -0.7 32.2
      vertex -0.03 -0.03 0
    endloop
  endfacet
  facet normal -1 0 0
    outer loop
      vertex -0.7 -0.03 0
      vertex -0.7 -0.03 32.2
      vertex -0.7 11.97 0
    endloop
  endfacet
  facet normal 0 -1 0
    outer loop
      vertex -0.03 -0.7 0
      vertex 11.97 -0.7 0
      vertex 11.97 -0.7 32.2
    endloop
  endfacet
  facet normal -1 0 0
    outer loop
      vertex -0.7 11.97 0
      vertex -0.7 23.97 32.2
      vertex -0.7 12.030000000000001 0
    endloop
  endfacet
  facet normal -1 0 0
    outer loop
      vertex -0.7 12.030000000000001 0
      vertex -0.7 23.97 32.2
      vertex -0.7 23.97 0
    endloop
  endfacet
  facet normal 0 -1 0
    outer loop
      vertex 11.97 -0.7 0
      vertex 24.03 -0.7 0
      vertex 24.03 -0.7 32.2
    endloop
  endfacet
  facet normal 0 -1 0
    outer loop
      vertex 24.03 -0.7 0
      vertex 36.03 -0.7 0
      vertex 36.03 -0.7 32.2
    endloop
  endfacet
  facet normal 0 0 -1
    outer loop
      vertex -0.7 23.97 0
      vertex -0.6999653473923912 24.03 0
      vertex 7.797039346402488e-7 24.000000779703935 0
    endloop
  endfacet
  facet normal 0 0 -1
    outer loop
      vertex -0.7 23.97 0
      vertex 7.797039346402488e-7 24.000000779703935 0
      vertex 0.696482674129353 24 0
    endloop
  endfacet
  facet normal 0 0 -1
    outer loop
      vertex -0.6999653473923912 24.03 0
      vertex 0.6954931164583879 24.695493116458387 0
      vertex 7.797039346402488e-7 24.000000779703935 0
    endloop
  endfacet
  facet normal 0 0 -1
    outer loop
      vertex -0.6999653473923912 24.03 0
      vertex 0 30.02970223139879 0
      vertex 0.6954931164583879 24.695493116458387 0
    endloop
  endfacet
  facet normal 0 0 -1
    outer loop
      vertex -0.7 23.97 0
      vertex -0.7 36.03 0
      vertex -0.6999653473923912 24.03 0
    endloop
  endfacet
  facet normal 0 0 -1
    outer loop
      vertex -0.6999653473923912 24.03 0
      vertex -0.6930348258706465 36.03 0
      vertex 0 30.02970223139879 0
    endloop
  endfacet
  facet normal 0 0 -1
    outer loop
      vertex -0.6999653473923912 24.03 0
      vertex -0.7 36.03 0
      vertex -0.6930348258706465 36.03 0
    endloop
  endfacet
  facet normal 0 0 -1
    outer loop
      vertex 0 30.02970223139879 0
      vertex -0.6930348258706465 36.03 0
      vertex 0 35.97259786880357 0
    endloop
  endfacet
  facet normal 0 0 -1
    outer loop
      vertex 11.969999999999999 23.97 0
      vertex 12.700000000000001 24.700000000000003 0
      vertex 12 23.97 0
    endloop
  endfacet
  facet normal 0 0 -1
    outer loop
      vertex 12 23.97 0
      vertex 12.700000000000001 24.700000000000003 0
      vertex 12.700000000000001 24 0
    endloop
  endfacet
  facet normal 0 0 -1
    outer loop
      vertex 11.303706972639013 24 0
      vertex 12 29.63499999999999 0
      vertex 11.969999999999999 23.97 0
    endloop
  endfacet
  facet normal 0 0 -1
    outer loop
      vertex 11.969999999999999 23.97 0
      vertex 12 29.63499999999999 0
      vertex 12.700000000000001 24.700000000000003 0
    endloop
  endfacet
  facet normal 0 0 -1
    outer loop
      vertex 11.303706972639013 24 0
      vertex 11.303482587064677 24 0
      vertex 12 35.3401413982718 0
    endloop
  endfacet
  facet normal 0 0 -1
    outer loop
      vertex 11.303706972639013 24 0
      vertex 12 35.3401413982718 0
      vertex 12 29.63499999999999 0
    endloop
  endfacet
  facet normal 0 0 -1
    outer loop
      vertex 11.3 35.3 0
      vertex 11.473252884936631 36 0
      vertex 11.969987609279272 36 0
    endloop
  endfacet
  facet normal 0 0 -1
    outer loop
      vertex 11.3 35.3 0
      vertex 11.969987609279272 36 0
      vertex 12 36 0
    endloop
  endfacet
  facet normal 0 0 -1
    outer loop
      vertex 12 35.3401413982718 0
      vertex 12 36 0
      vertex 12.05724800654263 36 0
    endloop
  endfacet
  facet normal 0 0 -1
    outer loop
      vertex -0.6930348258706465 36.03 0
      vertex -0.03 36.001298636037326 0
      vertex 0 35.97259786880357 0
    endloop
  endfacet
  facet normal 0 0 -1
    outer loop
      vertex -0.6930348258706465 36.03 0
      vertex -0.03 36.001442142857144 0
      vertex -0.03 36.001298636037326 0
    endloop
  endfacet
  facet normal 0 0 -1
    outer loop
      vertex -0.6930348258706465 36.03 0
      vertex 0 36.46576643835616 0
      vertex -0.03 36.001442142857144 0
    endloop
  endfacet
  facet normal 0 0 -1
    outer loop
      vertex -0.03 36.001298636037326 0
      vertex 0.6902494056494676 36.69024940564947 0
      vertex 0 35.97259786880357 0
    endloop
  endfacet
  facet normal 0 0 -1
    outer loop
      vertex -0.03 36.001298636037326 0
      vertex -0.03 36.001442142857144 0
      vertex 0.6902494056494676 36.69024940564947 0
    endloop
  endfacet
  facet normal 0 0 -1
    outer loop
      vertex -0.03 36.001442142857144 0
      vertex 0 36.46576643835616 0
      vertex 0.7 36.7 0
    endloop
  endfacet
  facet normal 0 0 -1
    outer loop
      vertex 0 35.97259786880357 0
      vertex 0.6902494056494676 36.69024940564947 0
      vertex 0.6596865433485724 36 0
    endloop
  endfacet
  facet normal 0 0 -1
    outer loop
      vertex -0.03 36.001442142857144 0
      vertex 0.7 36.7 0
      vertex 0.6902494056494676 36.69024940564947 0
    endloop
  endfacet
  facet normal 0 0 -1
    outer loop
      vertex -0.7 36.03 0
      vertex -0.7 47.97 0
      vertex -0.6930348258706465 36.03 0
    endloop
  endfacet
  facet normal 0 0 -1
    outer loop
      vertex -0.6930348258706465 36.03 0
      vertex 0 47.97014925373134 0
      vertex 0 36.46576643835616 0
    endloop
  endfacet
  facet normal 0 0 -1
    outer loop
      vertex -0.6930348258706465 36.03 0
      vertex -0.7 47.97 0
      vertex 0 47.97014925373134 0
    endloop
  endfacet
  facet normal 0 0 -1
    outer loop
      vertex -0.7 47.97 0
      vertex -0.6930348258706465 48.03 0
      vertex -0.03 47.998714285714286 0
    endloop
  endfacet
  facet normal 0 0 -1
    outer loop
      vertex -0.7 47.97 0
      vertex -0.03 47.998714285714286 0
      vertex 0 47.97014925373134 0
    endloop
  endfacet
  facet normal 0 0 -1
    outer loop
      vertex 11.969987609279272 36 0
      vertex 12 36.03 0
      vertex 12 36 0
    endloop
  endfacet
  facet normal 0 0 -1
    outer loop
      vertex 12 36 0
      vertex 12 36.03 0
      vertex 12.030000000000001 36.03 0
    endloop
  endfacet
  facet normal 0 0 -1
    outer loop
      vertex 12 36.03 0
      vertex 12 36.696517412935314 0
      vertex 12.030000000000001 36.03 0
    endloop
  endfacet
  facet normal 0 0 -1
    outer loop
      vertex 11.778400645169313 47.77840064516931 0
      vertex 6.3427160918975085 48 0
      vertex 12 48 0
    endloop
  endfacet
  facet normal 0 0 -1
    outer loop
      vertex 11.778400645169313 47.77840064516931 0
      vertex 12 48 0
      vertex 12 47.35704314848 0
    endloop
  endfacet
  facet normal 0 0 -1
    outer loop
      vertex 23.304827436268084 23.304827436268084 0
      vertex 23.300199708449114 24 0
      vertex 24 24.03 0
    endloop
  endfacet
  facet normal 0 0 -1
    outer loop
      vertex 23.304827436268084 23.304827436268084 0
      vertex 24 24.03 0
      vertex 24.03 24.03 0
    endloop
  endfacet
  facet normal 0 0 -1
    outer loop
      vertex 23.305419513619608 35.305419513619604 0
      vertex 18.00000000000002 36 0
      vertex 24.03 36.03 0
    endloop
  endfacet
  facet normal 0 0 -1
    outer loop
      vertex 23.299999999999997 35.3 0
      vertex 23.305419513619608 35.305419513619604 0
      vertex 24 35.30022438557433 0
    endloop
  endfacet
  facet normal 0 0 -1
    outer loop
      vertex 23.299999999999997 35.3 0
      vertex 24 35.30022438557433 0
      vertex 24 35.3 0
    endloop
  endfacet
  facet normal 0 0 -1
    outer loop
      vertex 23.305419513619608 35.305419513619604 0
      vertex 24.03 36 0
      vertex 24 35.30022438557433 0
    endloop
  endfacet
  facet normal 0 0 -1
    outer loop
      vertex 23.305419513619608 35.305419513619604 0
      vertex 24.03 36.03 0
      vertex 24.03 36 0
    endloop
  endfacet
  facet normal 0 0 -1
    outer loop
      vertex 12.061150376519574 36 0
      vertex 24 36.698325 0
      vertex 18.00000000000002 36 0
    endloop
  endfacet
  facet normal 0 0 -1
    outer loop
      vertex 18.00000000000002 36 0
      vertex 24 36.69651741293532 0
      vertex 24.03 36.03 0
    endloop
  endfacet
  facet normal 0 0 -1
    outer loop
      vertex 18.00000000000002 36 0
      vertex 24 36.698325 0
      vertex 24 36.69651741293532 0
    endloop
  endfacet
  facet normal -1 0 0
    outer loop
      vertex -0.7 23.97 0
      vertex -0.7 36.03 32.2
      vertex -0.7 36.03 0
    endloop
  endfacet
  facet normal -1 0 0
    outer loop
      vertex -0.7 36.03 0
      vertex -0.7 36.03 32.2
      vertex -0.7 47.97 0
    endloop
  endfacet
  facet normal -1 0 0
    outer loop
      vertex -0.7 47.97 0
      vertex -0.7 47.97 32.2
      vertex -0.7 48.03 0
    endloop
  endfacet
  facet normal 0 -1 0
    outer loop
      vertex 24 35.3 15.758333333333333
      vertex 24.03 35.3 15.758333333333333
      vertex 24 35.3 16.7
    endloop
  endfacet
  facet normal 1 0 0
    outer loop
      vertex 24.03 36 15.6975
      vertex 24.03 36.699999999999996 15.6975
      vertex 24.03 36 15.7
    endloop
  endfacet
  facet normal -1 0 0
    outer loop
      vertex 23.3 47.97 15.758333333333333
      vertex 23.3 48 16.7
      vertex 23.3 48 15.758333333333333
    endloop
  endfacet
  facet normal 1 0 0
    outer loop
      vertex 24.7 47.97 15.641666666666666
      vertex 24.7 48 15.641666666666666
      vertex 24.7 48 15.7
    endloop
  endfacet
  facet normal 0 0 -1
    outer loop
      vertex 36.03 -0.7 0
      vertex 35.99985 0 0
      vertex 36.03 -0.6930348258706465 0
    endloop
  endfacet
  facet normal 0 0 -1
    outer loop
      vertex 36.03 -0.6930348258706465 0
      vertex 35.99985 0 0
      vertex 36 0 0
    endloop
  endfacet
  facet normal 0 0 -1
    outer loop
      vertex 36.03 -0.6930348258706465 0
      vertex 36 0 0
      vertex 36.03 0.030000000000001137 0
    endloop
  endfacet
  facet normal 0 0 -1
    outer loop
      vertex 36 0 0
      vertex 36 0.6965174129353232 0
      vertex 36.03 0.030000000000001137 0
    endloop
  endfacet
  facet normal 0 0 -1
    outer loop
      vertex 36.03 -0.6930348258706465 0
      vertex 36.03 0.030000000000001137 0
      vertex 42 0 0
    endloop
  endfacet
  facet normal 0 0 -1
    outer loop
      vertex 36.03 0.030000000000001137 0
      vertex 36.69554606467358 0.6955460646735814 0
      vertex 42 0 0
    endloop
  endfacet
  facet normal 0 0 -1
    outer loop
      vertex 36.03 -0.7 0
      vertex 36.03 -0.6930348258706465 0
      vertex 47.97 -0.7 0
    endloop
  endfacet
  facet normal 0 0 -1
    outer loop
      vertex 36.03 -0.6930348258706465 0
      vertex 42 0 0
      vertex 47.97 -0.7 0
    endloop
  endfacet
  facet normal 0 0 -1
    outer loop
      vertex 42 0 0
      vertex 47.97 -0.03 0
      vertex 47.97 -0.7 0
    endloop
  endfacet
  facet normal 0 0 -1
    outer loop
      vertex 42 0 0
      vertex 47.94275199345737 0 0
      vertex 47.97 -0.03 0
    endloop
  endfacet
  facet normal 0 0 -1
    outer loop
      vertex 47.97 -0.7 0
      vertex 47.97 -0.03 0
      vertex 48.03 -0.6930348258706465 0
    endloop
  endfacet
  facet normal 0 0 -1
    outer loop
      vertex 48.03 -0.6930348258706465 0
      vertex 47.97 -0.03 0
      vertex 48.001298636037326 -0.03 0
    endloop
  endfacet
  facet normal 0 0 -1
    outer loop
      vertex 48.03 -0.6930348258706465 0
      vertex 48.001298636037326 -0.03 0
      vertex 48.00028899745407 0 0
    endloop
  endfacet
  facet normal 0 0 -1
    outer loop
      vertex 47.97 -0.03 0
      vertex 47.94275199345737 0 0
      vertex 48.00028899745407 0 0
    endloop
  endfacet
  facet normal 0 0 -1
    outer loop
      vertex 47.97 -0.03 0
      vertex 48.00028899745407 0 0
      vertex 48.001298636037326 -0.03 0
    endloop
  endfacet
  facet normal 0 0 -1
    outer loop
      vertex 47.94275199345737 0 0
      vertex 48 0.6565757231126378 0
      vertex 48.00028899745407 0 0
    endloop
  endfacet
  facet normal 0 0 -1
    outer loop
      vertex 48.00028899745407 0 0
      vertex 48 0.6565757231126378 0
      vertex 48.692652115475 0.6926521154750026 0
    endloop
  endfacet
  facet normal 0 0 -1
    outer loop
      vertex 48 0.6565757231126378 0
      vertex 48 0.6964770283743226 0
      vertex 48.699999999999996 0.6999999999999957 0
    endloop
  endfacet
  facet normal 0 0 -1
    outer loop
      vertex 48 0.6565757231126378 0
      vertex 48.699999999999996 0.6999999999999957 0
      vertex 48.692652115475 0.6926521154750026 0
    endloop
  endfacet
  facet normal 0 0 -1
    outer loop
      vertex 47.97 -0.7 0
      vertex 48.03 -0.6930348258706465 0
      vertex 60.03 -0.7 0
    endloop
  endfacet
  facet normal 0 0 -1
    outer loop
      vertex 48.03 -0.6930348258706465 0
      vertex 48.00028899745407 0 0
      vertex 60.03 -0.6930348258706465 0
    endloop
  endfacet
  facet normal 0 0 -1
    outer loop
      vertex 48 0.6964770283743226 0
      vertex 48 11.534383561643821 0
      vertex 48.699999999999996 12 0
    endloop
  endfacet
  facet normal 0 0 -1
    outer loop
      vertex 36 11.3 0
      vertex 36 11.303482587064677 0
      vertex 47.665 12 0
    endloop
  endfacet
  facet normal 0 0 -1
    outer loop
      vertex 36 11.303482587064677 0
      vertex 35.97 11.97 0
      vertex 48 12.69818407960199 0
    endloop
  endfacet
  facet normal 0 0 -1
    outer loop
      vertex 35.97 11.97 0
      vertex 36 12 0
      vertex 48 12.69818407960199 0
    endloop
  endfacet
  facet normal 0 0 -1
    outer loop
      vertex 35.30348258706467 12 0
      vertex 36 24 0
      vertex 36 12 0
    endloop
  endfacet
  facet normal 0 0 -1
    outer loop
      vertex 36 12 0
      vertex 36.7 12.700000000000001 0
      vertex 48 12.69818407960199 0
    endloop
  endfacet
  facet normal 0 0 -1
    outer loop
      vertex 36 11.303482587064677 0
      vertex 48 12.642465753424657 0
      vertex 47.665 12 0
    endloop
  endfacet
  facet normal 0 0 -1
    outer loop
      vertex 36 11.303482587064677 0
      vertex 48 12.69818407960199 0
      vertex 48 12.642465753424657 0
    endloop
  endfacet
  facet normal 0 0 -1
    outer loop
      vertex 35.30348258706467 12 0
      vertex 35.78862606945143 23.788626069451436 0
      vertex 36 24 0
    endloop
  endfacet
  facet normal 0 0 -1
    outer loop
      vertex 47.3 11.299999999999997 0
      vertex 48 12 0
      vertex 48 11.534383561643821 0
    endloop
  endfacet
  facet normal 0 0 -1
    outer loop
      vertex 47.665 12 0
      vertex 48 12.642465753424657 0
      vertex 48 12 0
    endloop
  endfacet
  facet normal 0 0 -1
    outer loop
      vertex 48 12 0
      vertex 48 12.642465753424657 0
      vertex 48.03 12.030000000000001 0
    endloop
  endfacet
  facet normal 0 0 -1
    outer loop
      vertex 48 11.534383561643821 0
      vertex 48 12 0
      vertex 48.699999999999996 12 0
    endloop
  endfacet
  facet normal 0 0 -1
    outer loop
      vertex 47.3 23.3 0
      vertex 47.30541951361961 23.30541951361961 0
      vertex 48 23.3 0
    endloop
  endfacet
  facet normal 0 0 -1
    outer loop
      vertex 47.30541951361961 23.30541951361961 0
      vertex 48 24 0
      vertex 48 23.3 0
    endloop
  endfacet
  facet normal 0 0 -1
    outer loop
      vertex 48.03 -0.6930348258706465 0
      vertex 60.03 -0.6930348258706465 0
      vertex 60.03 -0.7 0
    endloop
  endfacet
  facet normal 0 0 -1
    outer loop
      vertex 48.00028899745407 0 0
      vertex 60 0 0
      vertex 60.03 -0.6930348258706465 0
    endloop
  endfacet
  facet normal 0 0 -1
    outer loop
      vertex 60.03 -0.6930348258706465 0
      vertex 60 0 0
      vertex 60.03 0.030000000000001137 0
    endloop
  endfacet
  facet normal 0 0 -1
    outer loop
      vertex 60 0 0
      vertex 60 0.6965174129353232 0
      vertex 60.03 0.030000000000001137 0
    endloop
  endfacet
  facet normal 0 0 -1
    outer loop
      vertex 60.03 -0.6930348258706465 0
      vertex 60.03 0.030000000000001137 0
      vertex 66 0 0
    endloop
  endfacet
  facet normal 0 0 -1
    outer loop
      vertex 60.03 0.030000000000001137 0
      vertex 60.69960938476017 0.6996093847601755 0
      vertex 66 0 0
    endloop
  endfacet
  facet normal 0 0 -1
    outer loop
      vertex 60.03 -0.7 0
      vertex 60.03 -0.6930348258706465 0
      vertex 71.97 -0.7 0
    endloop
  endfacet
  facet normal 0 0 -1
    outer loop
      vertex 60.03 -0.6930348258706465 0
      vertex 66 0 0
      vertex 71.97 -0.7 0
    endloop
  endfacet
  facet normal 0 0 -1
    outer loop
      vertex 66 0 0
      vertex 72.03 -0.6930348258706465 0
      vertex 71.97 -0.7 0
    endloop
  endfacet
  facet normal 0 0 -1
    outer loop
      vertex 66 0 0
      vertex 72 0 0
      vertex 72.03 -0.6930348258706465 0
    endloop
  endfacet
  facet normal 0 0 -1
    outer loop
      vertex 59.97 12 0
      vertex 60.695172563731916 12.695172563731917 0
      vertex 59.97 11.969999999999999 0
    endloop
  endfacet
  facet normal 0 0 -1
    outer loop
      vertex 59.97 12 0
      vertex 60 12.699800291550888 0
      vertex 60.695172563731916 12.695172563731917 0
    endloop
  endfacet
  facet normal 0 0 -1
    outer loop
      vertex 60 12.699800291550888 0
      vertex 60 12.699982587064678 0
      vertex 60.695172563731916 12.695172563731917 0
    endloop
  endfacet
  facet normal 0 0 -1
    outer loop
      vertex 60 12.699982587064678 0
      vertex 60.699576531035056 12.699576531035056 0
      vertex 60.695172563731916 12.695172563731917 0
    endloop
  endfacet
  facet normal 0 0 -1
    outer loop
      vertex 60 11.301675000000001 0
      vertex 60 11.303482587064677 0
      vertex 66 12 0
    endloop
  endfacet
  facet normal 0 0 -1
    outer loop
      vertex 60 11.303482587064677 0
      vertex 59.97 11.969999999999999 0
      vertex 66 12 0
    endloop
  endfacet
  facet normal 0 0 -1
    outer loop
      vertex 59.97 11.969999999999999 0
      vertex 60.695172563731916 12.695172563731917 0
      vertex 66 12 0
    endloop
  endfacet
  facet normal 0 0 -1
    outer loop
      vertex 60 11.301675000000001 0
      vertex 66 12 0
      vertex 71.94275199345736 12 0
    endloop
  endfacet
  facet normal 0 0 -1
    outer loop
      vertex 71.97 11.969999999999999 0
      vertex 72 11.97 0
      vertex 72 11.303482587064678 0
    endloop
  endfacet
  facet normal 0 0 -1
    outer loop
      vertex 71.97 11.969999999999999 0
      vertex 72 12 0
      vertex 72 11.97 0
    endloop
  endfacet
  facet normal 0 0 -1
    outer loop
      vertex 71.94275199345736 12 0
      vertex 72 12.659858601728201 0
      vertex 72 12 0
    endloop
  endfacet
  facet normal 0 0 -1
    outer loop
      vertex 71.3053675758271 23.305367575827102 0
      vertex 72.03 24.03 0
      vertex 72 18.00000000000002 0
    endloop
  endfacet
  facet normal 0 -1 0
    outer loop
      vertex 36.03 -0.7 0
      vertex 47.97 -0.7 0
      vertex 47.97 -0.7 32.2
    endloop
  endfacet
  facet normal 1 0 0
    outer loop
      vertex 48.699999999999996 12 13.641666666666666
      vertex 48.699999999999996 12.030000000000001 13.641666666666666
      vertex 48.699999999999996 12 13.7
    endloop
  endfacet
  facet normal 0 -1 0
    outer loop
      vertex 47.97 -0.7 0
      vertex 60.03 -0.7 0
      vertex 60.03 -0.7 32.2
    endloop
  endfacet
  facet normal 0 -1 0
    outer loop
      vertex 60.03 -0.7 0
      vertex 71.97 -0.7 0
      vertex 71.97 -0.7 32.2
    endloop
  endfacet
  facet normal 0 1 0
    outer loop
      vertex 48.699999999999996 0.7 14.641666666666666
      vertex 60 0.7 14.7
      vertex 60 0.7 14.641666666666666
    endloop
  endfacet
  facet normal 0 -1 0
    outer loop
      vertex 60 11.3 13.758333333333333
      vertex 60 11.3 14.7
      vertex 59.97 11.3 13.758333333333333
    endloop
  endfacet
  facet normal -1 0 0
    outer loop
      vertex 59.97 12 12.702499999999999
      vertex 59.97 12 13.7
      vertex 59.97 12.700000000000001 12.702499999999999
    endloop
  endfacet
  facet normal -1.5719972030090714e-16 1 0
    outer loop
      vertex 60 12.700000000000001 12.641666666666666
      vertex 60 12.700000000000001 12.7
      vertex 71.3 12.700000000000003 12.641666666666666
    endloop
  endfacet
  facet normal 0 0 -1
    outer loop
      vertex 35.36073059360731 24 0
      vertex 36 24 0
      vertex 35.78862606945143 23.788626069451436 0
    endloop
  endfacet
  facet normal 0 0 -1
    outer loop
      vertex 36 24 0
      vertex 36 24.69989861111111 0
      vertex 36.033529411764704 24.033529411764704 0
    endloop
  endfacet
  facet normal 0 0 -1
    outer loop
      vertex 36.033529411764704 24.033529411764704 0
      vertex 36 24.69989861111111 0
      vertex 36.69754118027038 24.69754118027038 0
    endloop
  endfacet
  facet normal 0 0 -1
    outer loop
      vertex 36 24 0
      vertex 36.033529411764704 24.033529411764704 0
      vertex 41.82623669482818 24 0
    endloop
  endfacet
  facet normal 0 0 -1
    outer loop
      vertex 36 35.3 0
      vertex 36 35.30348258706467 0
      vertex 42.000000000000064 36 0
    endloop
  endfacet
  facet normal 0 0 -1
    outer loop
      vertex 36 35.30348258706467 0
      vertex 35.97 35.97 0
      vertex 42.000000000000064 36 0
    endloop
  endfacet
  facet normal 0 0 -1
    outer loop
      vertex 36 35.3 0
      vertex 48 35.968333333333334 0
      vertex 47.3 35.3 0
    endloop
  endfacet
  facet normal 0 0 -1
    outer loop
      vertex 36 35.3 0
      vertex 48.03 36.03 0
      vertex 48.03 36 0
    endloop
  endfacet
  facet normal 0 0 -1
    outer loop
      vertex 36 35.3 0
      vertex 48.03 36 0
      vertex 48 35.968333333333334 0
    endloop
  endfacet
  facet normal 0 0 -1
    outer loop
      vertex 47.30541951361961 23.30541951361961 0
      vertex 42 24 0
      vertex 48 24 0
    endloop
  endfacet
  facet normal 0 0 -1
    outer loop
      vertex 48 24 0
      vertex 48.03326814918167 24.033268149181676 0
      vertex 48.699999999999996 24 0
    endloop
  endfacet
  facet normal 0 0 -1
    outer loop
      vertex 48.03326814918167 24.033268149181676 0
      vertex 48.699999999999996 24.699999999999996 0
      vertex 48.699999999999996 24 0
    endloop
  endfacet
  facet normal 0 0 -1
    outer loop
      vertex 48 24 0
      vertex 48 30.000000000000025 0
      vertex 48.03326814918167 24.033268149181676 0
    endloop
  endfacet
  facet normal 0 0 -1
    outer loop
      vertex 47.3 35.3 0
      vertex 48 35.968333333333334 0
      vertex 48 35.93490966100388 0
    endloop
  endfacet
  facet normal 0 0 -1
    outer loop
      vertex 35.97 35.97 0
      vertex 35.97 36 0
      vertex 36.69959959369627 36.69959959369627 0
    endloop
  endfacet
  facet normal 0 0 -1
    outer loop
      vertex 35.97 36 0
      vertex 36 36.69998353591584 0
      vertex 36.69959959369627 36.69959959369627 0
    endloop
  endfacet
  facet normal 0 0 -1
    outer loop
      vertex 35.97 35.97 0
      vertex 36.69959959369627 36.69959959369627 0
      vertex 42.000000000000064 36 0
    endloop
  endfacet
  facet normal 0 0 -1
    outer loop
      vertex 36 35.3 0
      vertex 42.000000000000064 36 0
      vertex 48 36.57535836797746 0
    endloop
  endfacet
  facet normal 0 0 -1
    outer loop
      vertex 36 35.3 0
      vertex 48 36.57535836797746 0
      vertex 48.03 36.03 0
    endloop
  endfacet
  facet normal 0 0 -1
    outer loop
      vertex 36 47.3 0
      vertex 36 47.30348258706467 0
      vertex 42.00000000000005 48 0
    endloop
  endfacet
  facet normal 0 0 -1
    outer loop
      vertex 36 47.30348258706467 0
      vertex 35.97 47.97 0
      vertex 42.00000000000005 48 0
    endloop
  endfacet
  facet normal 0 0 -1
    outer loop
      vertex 36 47.3 0
      vertex 42.00000000000005 48 0
      vertex 48 47.3 0
    endloop
  endfacet
  facet normal 0 0 -1
    outer loop
      vertex 42.000000000000064 36 0
      vertex 48 36.639269406392685 0
      vertex 48 36.57535836797746 0
    endloop
  endfacet
  facet normal 0 0 -1
    outer loop
      vertex 48.03 36 0
      vertex 48.03 36.03 0
      vertex 59.50684931506853 36 0
    endloop
  endfacet
  facet normal 0 0 -1
    outer loop
      vertex 48.03 36.03 0
      vertex 48.584147766587215 36.584147766587215 0
      vertex 59.50684931506853 36 0
    endloop
  endfacet
  facet normal 0 0 -1
    outer loop
      vertex 48 47.3 0
      vertex 42.00000000000005 48 0
      vertex 48 48 0
    endloop
  endfacet
  facet normal 0 0 -1
    outer loop
      vertex 59.30348258706467 24 0
      vertex 59.301815920398006 24 0
      vertex 60 36 0
    endloop
  endfacet
  facet normal 0 0 -1
    outer loop
      vertex 59.30348258706467 24 0
      vertex 60 36 0
      vertex 59.97 23.97 0
    endloop
  endfacet
  facet normal 0 0 -1
    outer loop
      vertex 59.97 23.97 0
      vertex 60.699999999999996 36 0
      vertex 60 23.97 0
    endloop
  endfacet
  facet normal 0 0 -1
    outer loop
      vertex 60 23.97 0
      vertex 60.699999999999996 36 0
      vertex 60.699999999999996 24 0
    endloop
  endfacet
  facet normal 0 0 -1
    outer loop
      vertex 59.97 23.97 0
      vertex 60 36 0
      vertex 60.699999999999996 36 0
    endloop
  endfacet
  facet normal 0 0 -1
    outer loop
      vertex 59.3 35.3 0
      vertex 59.50684931506853 36 0
      vertex 60 36 0
    endloop
  endfacet
  facet normal 0 0 -1
    outer loop
      vertex 71.3053675758271 23.305367575827102 0
      vertex 71.30022221925137 24 0
      vertex 72 24.03 0
    endloop
  endfacet
  facet normal 0 0 -1
    outer loop
      vertex 71.3053675758271 23.305367575827102 0
      vertex 72 24.03 0
      vertex 72.03 24.03 0
    endloop
  endfacet
  facet normal 0 0 -1
    outer loop
      vertex 48.584147766587215 36.584147766587215 0
      vertex 60 36.69969634703196 0
      vertex 59.50684931506853 36 0
    endloop
  endfacet
  facet normal 0 0 -1
    outer loop
      vertex 59.50684931506853 36 0
      vertex 60.03 36.03 0
      vertex 60 36 0
    endloop
  endfacet
  facet normal 0 0 -1
    outer loop
      vertex 59.50684931506853 36 0
      vertex 60 36.69651741293532 0
      vertex 60.03 36.03 0
    endloop
  endfacet
  facet normal 0 0 -1
    outer loop
      vertex 59.50684931506853 36 0
      vertex 60 36.69969634703196 0
      vertex 60 36.69651741293532 0
    endloop
  endfacet
  facet normal 0 0 -1
    outer loop
      vertex 59.300423468964944 47.300423468964944 0
      vertex 54.00000000000001 48 0
      vertex 60 48 0
    endloop
  endfacet
  facet normal 0 0 -1
    outer loop
      vertex 59.3 47.3 0
      vertex 59.300423468964944 47.300423468964944 0
      vertex 60 47.3 0
    endloop
  endfacet
  facet normal 0 0 -1
    outer loop
      vertex 59.300423468964944 47.300423468964944 0
      vertex 60 48 0
      vertex 60 47.3 0
    endloop
  endfacet
  facet normal 0 0 -1
    outer loop
      vertex 71.303706972639 36 0
      vertex 72 36.43561643835618 0
      vertex 71.97 35.97 0
    endloop
  endfacet
  facet normal 0 0 -1
    outer loop
      vertex 71.97 35.97 0
      vertex 72 36.43561643835618 0
      vertex 72 36 0
    endloop
  endfacet
  facet normal 0 0 -1
    outer loop
      vertex 71.303706972639 36 0
      vertex 71.30001639103841 36 0
      vertex 71.30657280640459 48 0
    endloop
  endfacet
  facet normal 0 0 -1
    outer loop
      vertex 71.303706972639 36 0
      vertex 72 47.97234636221996 0
      vertex 72 36.43561643835618 0
    endloop
  endfacet
  facet normal 0 0 -1
    outer loop
      vertex 71.303706972639 36 0
      vertex 71.30657280640459 48 0
      vertex 72 47.97234636221996 0
    endloop
  endfacet
  facet normal 0 0 -1
    outer loop
      vertex 71.30657280640459 48 0
      vertex 71.64642750963904 48 0
      vertex 72 47.97234636221996 0
    endloop
  endfacet
  facet normal 0 -1 0
    outer loop
      vertex 36 35.3 15.758333333333333
      vertex 36 35.3 16.7
      vertex 35.97 35.3 15.758333333333333
    endloop
  endfacet
  facet normal 1 0 0
    outer loop
      vertex 48.699999999999996 24 13.641666666666666
      vertex 48.699999999999996 24 13.7
      vertex 48.699999999999996 23.97 13.641666666666666
    endloop
  endfacet
  facet normal -1 0 0
    outer loop
      vertex 35.97 36 14.702499999999999
      vertex 35.97 36 15.7
      vertex 35.97 36.699999999999996 14.702499999999999
    endloop
  endfacet
  facet normal -1 0 0
    outer loop
      vertex 35.97 47.3 14.702499999999999
      vertex 35.97 48 15.7
      vertex 35.97 48 14.702499999999999
    endloop
  endfacet
  facet normal 0 -1 0
    outer loop
      vertex 60 23.97 11.702499999999999
      vertex 60.699999999999996 23.97 11.702499999999999
      vertex 60 23.97 12.7
    endloop
  endfacet
  facet normal 1 0 0
    outer loop
      vertex 60.699999999999996 24 11.641666666666666
      vertex 60.699999999999996 31.669798136645966 11.641666666666666
      vertex 60.699999999999996 24 11.7
    endloop
  endfacet
  facet normal 1 0 0
    outer loop
      vertex 60.699999999999996 31.669798136645966 11.641666666666666
      vertex 60.699999999999996 36 11.641666666666666
      vertex 60.699999999999996 36 11.7
    endloop
  endfacet
  facet normal -1 0 0
    outer loop
      vertex 71.3 24 10.758333333333333
      vertex 71.3 24 11.7
      vertex 71.3 24.03 10.758333333333333
    endloop
  endfacet
  facet normal -1 0 0
    outer loop
      vertex 59.3 24 12.758333333333333
      vertex 59.3 23.97 12.758333333333333
      vertex 59.3 24 13.7
    endloop
  endfacet
  facet normal 0 1 0
    outer loop
      vertex 60 36.699999999999996 11.758333333333333
      vertex 60 36.699999999999996 12.7
      vertex 60.03 36.699999999999996 11.758333333333333
    endloop
  endfacet
  facet normal -1 0 0
    outer loop
      vertex 71.3 36 10.758333333333333
      vertex 71.3 35.97 10.758333333333333
      vertex 71.3 36 11.7
    endloop
  endfacet
  facet normal 0 -1 0
    outer loop
      vertex 60 47.3 12.641666666666666
      vertex 60.03 47.3 12.641666666666666
      vertex 60 47.3 12.7
    endloop
  endfacet
  facet normal -1 0 0
    outer loop
      vertex 71.3 40.46903846153846 12.072419871794871
      vertex 71.3 47.97 16.059850374064837
      vertex 71.3 48 12.7
    endloop
  endfacet
  facet normal 0 -1 0
    outer loop
      vertex -0.03 -0.03 0
      vertex -0.03 -0.03 32.2
      vertex -0.7 -0.03 32.2
    endloop
  endfacet
  facet normal -1 0 0
    outer loop
      vertex -0.03 -0.03 0
      vertex -0.03 -0.7 32.2
      vertex -0.03 -0.03 32.2
    endloop
  endfacet
  facet normal 0 -1 0
    outer loop
      vertex -0.03 -0.7 0
      vertex 11.97 -0.7 32.2
      vertex -0.03 -0.7 32.2
    endloop
  endfacet
  facet normal -1 0 0
    outer loop
      vertex -0.7 11.97 0
      vertex -0.7 -0.03 32.2
      vertex -0.7 11.97 32.2
    endloop
  endfacet
  facet normal 0 -1 0
    outer loop
      vertex 11.97 -0.7 0
      vertex 24.03 -0.7 32.2
      vertex 11.97 -0.7 32.2
    endloop
  endfacet
  facet normal 0 1 0
    outer loop
      vertex 12 0.7 19.7
      vertex 11.97 0.7 32.2
      vertex 24 0.7 18.7
    endloop
  endfacet
  facet normal 1 0 0
    outer loop
      vertex 0.7 12.700000000000001 19.641666666666666
      vertex 0.7 24 19.641666666666666
      vertex 0.7 24 19.7
    endloop
  endfacet
  facet normal 0 1 0
    outer loop
      vertex 12 12.700000000000001 18.641666666666666
      vertex 12 12.700000000000001 18.7
      vertex 23.3 12.700000000000001 18.641666666666666
    endloop
  endfacet
  facet normal -1 0 0
    outer loop
      vertex -0.7 11.97 0
      vertex -0.7 11.97 32.2
      vertex -0.7 23.97 32.2
    endloop
  endfacet
  facet normal 0 1 0
    outer loop
      vertex 0.7 12.700000000000001 19.641666666666666
      vertex 0.7 12.700000000000001 32.2
      vertex 12 12.700000000000001 18.7
    endloop
  endfacet
  facet normal 1 0 0
    outer loop
      vertex 0.7 12.700000000000001 19.641666666666666
      vertex 0.7 24 19.7
      vertex 0.7 24.03 32.038999999999994
    endloop
  endfacet
  facet normal 0 1 0
    outer loop
      vertex 12 12.700000000000001 18.7
      vertex 11.97 12.700000000000001 32.2
      vertex 23.3 12.700000000000001 18.641666666666666
    endloop
  endfacet
  facet normal 0 -1 0
    outer loop
      vertex 24 11.3 17.758333333333333
      vertex 24.03 11.3 17.758333333333333
      vertex 24 11.3 18.7
    endloop
  endfacet
  facet normal 0 1 0
    outer loop
      vertex 24 0.7 18.641666666666666
      vertex 24 0.7 18.7
      vertex 35.3 0.7 18.641666666666666
    endloop
  endfacet
  facet normal 0 -1 0
    outer loop
      vertex 12 11.3 19.7
      vertex 24 11.3 18.7
      vertex 24.03 11.3 32.2
    endloop
  endfacet
  facet normal 0 -1 0
    outer loop
      vertex 24.03 11.3 17.758333333333333
      vertex 24.03 11.3 32.2
      vertex 24 11.3 18.7
    endloop
  endfacet
  facet normal 0 -1 0
    outer loop
      vertex 24.03 -0.7 0
      vertex 36.03 -0.7 32.2
      vertex 24.03 -0.7 32.2
    endloop
  endfacet
  facet normal 0 1 0
    outer loop
      vertex 24 0.7 18.7
      vertex 24.03 0.7 32.2
      vertex 35.3 0.7 18.641666666666666
    endloop
  endfacet
  facet normal 1 0 0
    outer loop
      vertex 24.03 11.3 17.758333333333333
      vertex 24.03 11.969999999999999 17.7025
      vertex 24.03 11.97 32.2
    endloop
  endfacet
  facet normal 2.6512788647765005e-15 -1 0
    outer loop
      vertex 24.03 11.969999999999999 17.7025
      vertex 24.7 11.97 17.7025
      vertex 24.7 11.97 32.2
    endloop
  endfacet
  facet normal 1 0 0
    outer loop
      vertex 24.7 12 17.7
      vertex 24.7 11.97 32.2
      vertex 24.7 11.97 17.7025
    endloop
  endfacet
  facet normal -1 0 0
    outer loop
      vertex 23.3 12.700000000000001 18.641666666666666
      vertex 23.3 24.03 32.2
      vertex 23.3 24 17.7
    endloop
  endfacet
  facet normal 1 0 0
    outer loop
      vertex 24.7 12 17.7
      vertex 24.7 24 16.7
      vertex 24.7 24.03 32.2
    endloop
  endfacet
  facet normal -1 0 0
    outer loop
      vertex 35.3 12 17.7
      vertex 35.3 11.97 17.7025
      vertex 35.3 11.97 32.2
    endloop
  endfacet
  facet normal -1 0 0
    outer loop
      vertex 35.3 12 17.7
      vertex 35.3 11.97 32.2
      vertex 35.3 24 16.7
    endloop
  endfacet
  facet normal 0 1 0
    outer loop
      vertex 12 0.7 19.7
      vertex 0.7 0.7 20.641666666666666
      vertex 0.7 0.7 32.2
    endloop
  endfacet
  facet normal 0 1 0
    outer loop
      vertex 12 0.7 19.7
      vertex 0.7 0.7 32.2
      vertex 11.97 0.7 32.2
    endloop
  endfacet
  facet normal 1 0 0
    outer loop
      vertex 0.7 0.7 20.641666666666666
      vertex 0.7 11.3 20.641666666666666
      vertex 0.7 11.3 32.2
    endloop
  endfacet
  facet normal 0 -1 0
    outer loop
      vertex 12 11.3 19.7
      vertex 11.97 11.3 32.2
      vertex 0.7 11.3 20.641666666666666
    endloop
  endfacet
  facet normal 0 -1 0
    outer loop
      vertex 12 11.3 19.7
      vertex 24.03 11.3 32.2
      vertex 11.97 11.3 32.2
    endloop
  endfacet
  facet normal 1 0 0
    outer loop
      vertex 0.7 0.7 20.641666666666666
      vertex 0.7 11.3 32.2
      vertex 0.7 0.7 32.2
    endloop
  endfacet
  facet normal 0 0 1
    outer loop
      vertex -0.03 -0.7 32.2
      vertex 0.6240713224368499 0.6240713224368499 32.2
      vertex -0.03 -0.03 32.2
    endloop
  endfacet
  facet normal 0 0 1
    outer loop
      vertex -0.03 -0.7 32.2
      vertex 0.6996273110248862 0.6153003121529983 32.2
      vertex 0.6240713224368499 0.6240713224368499 32.2
    endloop
  endfacet
  facet normal 0 0 1
    outer loop
      vertex 0.6996273110248862 0.6153003121529983 32.2
      vertex 0.7 0.7 32.2
      vertex 0.6995783932740939 0.7 32.2
    endloop
  endfacet
  facet normal 0 0 1
    outer loop
      vertex 0.6240713224368499 0.6240713224368499 32.2
      vertex 0.6996273110248862 0.6153003121529983 32.2
      vertex 0.6995783932740939 0.7 32.2
    endloop
  endfacet
  facet normal 0 0 1
    outer loop
      vertex -0.7 -0.03 32.2
      vertex -0.03 -0.03 32.2
      vertex -0.6930348258706467 11.97 32.2
    endloop
  endfacet
  facet normal 0 0 1
    outer loop
      vertex -0.03 -0.03 32.2
      vertex 0.6240713224368499 0.6240713224368499 32.2
      vertex -0.6930348258706467 11.97 32.2
    endloop
  endfacet
  facet normal 0 0 1
    outer loop
      vertex 0.6240713224368499 0.6240713224368499 32.2
      vertex 0.6995783932740939 0.7 32.2
      vertex 0.6934564325965528 11.3 32.2
    endloop
  endfacet
  facet normal 0 0 1
    outer loop
      vertex 0.6995783932740939 0.7 32.2
      vertex 0.7 0.7 32.2
      vertex 0.7 11.3 32.2
    endloop
  endfacet
  facet normal 0 0 1
    outer loop
      vertex -0.03 -0.7 32.2
      vertex 11.97 -0.6930348258706467 32.2
      vertex 0.6996273110248862 0.6153003121529983 32.2
    endloop
  endfacet
  facet normal 0 0 1
    outer loop
      vertex 0.6996273110248862 0.6153003121529983 32.2
      vertex 11.97 0.7 32.2
      vertex 0.7 0.7 32.2
    endloop
  endfacet
  facet normal 0 0 1
    outer loop
      vertex -0.03 -0.7 32.2
      vertex 11.97 -0.7 32.2
      vertex 11.97 -0.6930348258706467 32.2
    endloop
  endfacet
  facet normal 0 0 1
    outer loop
      vertex 0.6996273110248862 0.6153003121529983 32.2
      vertex 11.97 -0.6930348258706467 32.2
      vertex 11.97 0.7 32.2
    endloop
  endfacet
  facet normal 0 -1 0
    outer loop
      vertex 0.7 11.3 20.641666666666666
      vertex 11.97 11.3 32.2
      vertex 0.7 11.3 32.2
    endloop
  endfacet
  facet normal 0 0 1
    outer loop
      vertex -0.7 -0.03 32.2
      vertex -0.6930348258706467 11.97 32.2
      vertex -0.7 11.97 32.2
    endloop
  endfacet
  facet normal 0 0 1
    outer loop
      vertex 0.6240713224368499 0.6240713224368499 32.2
      vertex 0.6934561900765082 11.300419916528238 32.2
      vertex -0.03 11.998701363962672 32.2
    endloop
  endfacet
  facet normal 0 0 1
    outer loop
      vertex 0.6240713224368499 0.6240713224368499 32.2
      vertex -0.03 11.998701363962672 32.2
      vertex -0.6930348258706467 11.97 32.2
    endloop
  endfacet
  facet normal 0 0 1
    outer loop
      vertex 0.6240713224368499 0.6240713224368499 32.2
      vertex 0.6934564325965528 11.3 32.2
      vertex 0.6934561900765082 11.300419916528238 32.2
    endloop
  endfacet
  facet normal 0 0 1
    outer loop
      vertex 0.6995783932740939 0.7 32.2
      vertex 0.7 11.3 32.2
      vertex 0.6934564325965528 11.3 32.2
    endloop
  endfacet
  facet normal 0 0 1
    outer loop
      vertex 0.6934564325965528 11.3 32.2
      vertex 0.7 11.3 32.2
      vertex 11.97 11.306965174129354 32.2
    endloop
  endfacet
  facet normal 0 0 1
    outer loop
      vertex 0.6934564325965528 11.3 32.2
      vertex 11.97 11.306965174129354 32.2
      vertex 0.6934561900765082 11.300419916528238 32.2
    endloop
  endfacet
  facet normal 0 0 1
    outer loop
      vertex 0.7 11.3 32.2
      vertex 11.97 11.3 32.2
      vertex 11.97 11.306965174129354 32.2
    endloop
  endfacet
  facet normal 0 0 1
    outer loop
      vertex 11.97 -0.6930348258706467 32.2
      vertex 12.030000000000001 0.6930348258706467 32.2
      vertex 11.97 0.7 32.2
    endloop
  endfacet
  facet normal 0 0 1
    outer loop
      vertex 11.97 -0.7 32.2
      vertex 23.97 -0.6930348258706465 32.2
      vertex 11.97 -0.6930348258706467 32.2
    endloop
  endfacet
  facet normal 0 0 1
    outer loop
      vertex 11.97 -0.6930348258706467 32.2
      vertex 23.97 -0.6930348258706465 32.2
      vertex 12.030000000000001 0.6930348258706467 32.2
    endloop
  endfacet
  facet normal 0 0 1
    outer loop
      vertex 11.97 0.7 32.2
      vertex 12.030000000000001 0.6930348258706467 32.2
      vertex 24.03 0.7 32.2
    endloop
  endfacet
  facet normal 0 0 1
    outer loop
      vertex 11.97 11.3 32.2
      vertex 24.03 11.3 32.2
      vertex 11.97 11.306965174129354 32.2
    endloop
  endfacet
  facet normal 1 0 0
    outer loop
      vertex 0.7 12.700000000000001 19.641666666666666
      vertex 0.7 24.03 32.038999999999994
      vertex 0.7 12.700000000000001 32.2
    endloop
  endfacet
  facet normal 0 1 0
    outer loop
      vertex 12 12.700000000000001 18.7
      vertex 0.7 12.700000000000001 32.2
      vertex 11.97 12.700000000000001 32.2
    endloop
  endfacet
  facet normal 0 0 1
    outer loop
      vertex 0.6934561900765082 11.300419916528238 32.2
      vertex 0.6240713224368498 12.624071322436851 32.2
      vertex -0.03 11.998701363962672 32.2
    endloop
  endfacet
  facet normal 0 0 1
    outer loop
      vertex 0.6934561900765082 11.300419916528238 32.2
      vertex 0.6933766828727644 12.616025924044623 32.2
      vertex 0.6240713224368498 12.624071322436851 32.2
    endloop
  endfacet
  facet normal 0 0 1
    outer loop
      vertex -0.7 11.97 32.2
      vertex -0.6930348258706467 11.97 32.2
      vertex -0.7 23.97 32.2
    endloop
  endfacet
  facet normal 0 0 1
    outer loop
      vertex -0.6930348258706467 11.97 32.2
      vertex -0.03 11.998701363962672 32.2
      vertex -0.6930348258706465 23.97 32.2
    endloop
  endfacet
  facet normal 0 0 1
    outer loop
      vertex -0.03 11.998701363962672 32.2
      vertex 0.6240713224368498 12.624071322436851 32.2
      vertex -0.6930348258706465 23.97 32.2
    endloop
  endfacet
  facet normal 0 0 1
    outer loop
      vertex 0.6933766828727644 12.616025924044623 32.2
      vertex 0.7 23.97 32.2
      vertex 0.6240713224368498 12.624071322436851 32.2
    endloop
  endfacet
  facet normal 0 0 1
    outer loop
      vertex 0.6933766828727644 12.616025924044623 32.2
      vertex 0.7 12.700000000000001 32.2
      vertex 0.7 23.97 32.2
    endloop
  endfacet
  facet normal 0 0 1
    outer loop
      vertex 0.6934561900765082 11.300419916528238 32.2
      vertex 11.97 11.306965174129354 32.2
      vertex 0.6933766828727644 12.616025924044623 32.2
    endloop
  endfacet
  facet normal 0 0 1
    outer loop
      vertex 11.97 11.306965174129354 32.2
      vertex 0.7 12.700000000000001 32.2
      vertex 0.6933766828727644 12.616025924044623 32.2
    endloop
  endfacet
  facet normal 0 0 1
    outer loop
      vertex 11.97 11.306965174129354 32.2
      vertex 11.97 12.700000000000001 32.2
      vertex 0.7 12.700000000000001 32.2
    endloop
  endfacet
  facet normal 0 0 1
    outer loop
      vertex -0.6930348258706467 11.97 32.2
      vertex -0.6930348258706465 23.97 32.2
      vertex -0.7 23.97 32.2
    endloop
  endfacet
  facet normal 0 0 1
    outer loop
      vertex 0.6240713224368498 12.624071322436851 32.2
      vertex 0.7 23.97 32.2
      vertex -0.6930348258706465 23.97 32.2
    endloop
  endfacet
  facet normal 1 0 0
    outer loop
      vertex 0.7 12.700000000000001 32.2
      vertex 0.7 24.03 32.038999999999994
      vertex 0.7 23.97 32.2
    endloop
  endfacet
  facet normal 0 0 1
    outer loop
      vertex 11.97 11.306965174129354 32.2
      vertex 12.030000000000001 12.693034825870647 32.2
      vertex 11.97 12.700000000000001 32.2
    endloop
  endfacet
  facet normal 0 0 1
    outer loop
      vertex 11.97 11.306965174129354 32.2
      vertex 24.03 11.3 32.2
      vertex 12.030000000000001 12.693034825870647 32.2
    endloop
  endfacet
  facet normal 0 0 1
    outer loop
      vertex 11.97 12.700000000000001 32.2
      vertex 12.030000000000001 12.693034825870647 32.2
      vertex 23.3 12.700000000000001 32.2
    endloop
  endfacet
  facet normal 0 1 0
    outer loop
      vertex 24 0.7 18.7
      vertex 11.97 0.7 32.2
      vertex 24.03 0.7 32.2
    endloop
  endfacet
  facet normal 0 1 0
    outer loop
      vertex 35.3 0.7 18.641666666666666
      vertex 24.03 0.7 32.2
      vertex 36.03 0.7 32.2
    endloop
  endfacet
  facet normal 0 0 1
    outer loop
      vertex 11.97 -0.7 32.2
      vertex 24.03 -0.7 32.2
      vertex 23.97 -0.6930348258706465 32.2
    endloop
  endfacet
  facet normal 0 0 1
    outer loop
      vertex 12.030000000000001 0.6930348258706467 32.2
      vertex 23.97 -0.6930348258706465 32.2
      vertex 24.03 0.6930348258706465 32.2
    endloop
  endfacet
  facet normal 0 0 1
    outer loop
      vertex 12.030000000000001 0.6930348258706467 32.2
      vertex 24.03 0.6930348258706465 32.2
      vertex 24.03 0.7 32.2
    endloop
  endfacet
  facet normal 0 0 1
    outer loop
      vertex 23.97 -0.6930348258706465 32.2
      vertex 24.03 -0.7 32.2
      vertex 24.03 0.6930348258706465 32.2
    endloop
  endfacet
  facet normal 0 0 1
    outer loop
      vertex 24.03 -0.7 32.2
      vertex 35.97 -0.6930348258706465 32.2
      vertex 24.03 0.6930348258706465 32.2
    endloop
  endfacet
  facet normal 0 0 1
    outer loop
      vertex 24.03 0.6930348258706465 32.2
      vertex 36.03 0.7 32.2
      vertex 24.03 0.7 32.2
    endloop
  endfacet
  facet normal 0 0 1
    outer loop
      vertex 24.03 -0.7 32.2
      vertex 36.03 -0.7 32.2
      vertex 35.97 -0.6930348258706465 32.2
    endloop
  endfacet
  facet normal 0 0 1
    outer loop
      vertex 24.03 0.6930348258706465 32.2
      vertex 35.97 -0.6930348258706465 32.2
      vertex 36.03 0.6930348258706465 32.2
    endloop
  endfacet
  facet normal 0 0 1
    outer loop
      vertex 24.03 0.6930348258706465 32.2
      vertex 36.03 0.6930348258706465 32.2
      vertex 36.03 0.7 32.2
    endloop
  endfacet
  facet normal 0 1 0
    outer loop
      vertex 23.3 12.700000000000001 18.641666666666666
      vertex 11.97 12.700000000000001 32.2
      vertex 23.3 12.700000000000001 32.2
    endloop
  endfacet
  facet normal 1 0 0
    outer loop
      vertex 24.03 11.3 17.758333333333333
      vertex 24.03 11.97 32.2
      vertex 24.03 11.3 32.2
    endloop
  endfacet
  facet normal 0 -1 1.225284938368857e-16
    outer loop
      vertex 24.03 11.969999999999999 17.7025
      vertex 24.7 11.97 32.2
      vertex 24.03 11.97 32.2
    endloop
  endfacet
  facet normal -1 0 0
    outer loop
      vertex 23.3 12.700000000000001 18.641666666666666
      vertex 23.3 12.700000000000001 32.2
      vertex 23.3 24.03 32.2
    endloop
  endfacet
  facet normal 1 0 0
    outer loop
      vertex 24.7 12 17.7
      vertex 24.7 24.03 32.2
      vertex 24.7 11.97 32.2
    endloop
  endfacet
  facet normal 0 -1 0
    outer loop
      vertex 35.3 11.97 17.7025
      vertex 35.97 11.97 32.2
      vertex 35.3 11.97 32.2
    endloop
  endfacet
  facet normal -1 0 0
    outer loop
      vertex 35.3 11.97 32.2
      vertex 35.3 24.03 32.2
      vertex 35.3 24 16.7
    endloop
  endfacet
  facet normal 0 0 1
    outer loop
      vertex 12.030000000000001 12.693034825870647 32.2
      vertex 23.3 12.699576285240465 32.2
      vertex 23.3 12.700000000000001 32.2
    endloop
  endfacet
  facet normal 0 0 1
    outer loop
      vertex 12.030000000000001 12.693034825870647 32.2
      vertex 24.03 11.3 32.2
      vertex 23.3 12.699576285240465 32.2
    endloop
  endfacet
  facet normal 0 0 1
    outer loop
      vertex 24.03 11.3 32.2
      vertex 24.03 11.97 32.2
      vertex 23.3 12.699576285240465 32.2
    endloop
  endfacet
  facet normal 0 0 1
    outer loop
      vertex 24.03 11.97 32.2
      vertex 23.3 12.700000000000001 32.2
      vertex 23.3 12.699576285240465 32.2
    endloop
  endfacet
  facet normal 0 0 1
    outer loop
      vertex 24.03 11.97 32.2
      vertex 24.7 11.97 32.2
      vertex 23.3 24.03 32.2
    endloop
  endfacet
  facet normal 0 0 1
    outer loop
      vertex 24.03 11.97 32.2
      vertex 23.3 24.03 32.2
      vertex 23.3 12.700000000000001 32.2
    endloop
  endfacet
  facet normal 0 0 1
    outer loop
      vertex 24.7 11.97 32.2
      vertex 24.7 24.03 32.2
      vertex 23.3 24.03 32.2
    endloop
  endfacet
  facet normal 0 0 1
    outer loop
      vertex 35.3 11.97 32.2
      vertex 35.97 11.97 32.2
      vertex 35.3 24.03 32.2
    endloop
  endfacet
  facet normal 1 0 0
    outer loop
      vertex 12.700000000000001 24 17.641666666666666
      vertex 12.700000000000001 35.3 17.641666666666666
      vertex 12.700000000000001 24 17.7
    endloop
  endfacet
  facet normal -1 0 0
    outer loop
      vertex 11.3 24 18.758333333333333
      vertex 11.3 23.97 18.758333333333333
      vertex 11.3 24 19.7
    endloop
  endfacet
  facet normal -1 0 0
    outer loop
      vertex -0.7 23.97 0
      vertex -0.7 23.97 32.2
      vertex -0.7 36.03 32.2
    endloop
  endfacet
  facet normal 0 -1 0
    outer loop
      vertex 12 23.97 17.7025
      vertex 12.700000000000001 23.97 17.7025
      vertex 12.700000000000001 23.97 32.2
    endloop
  endfacet
  facet normal 1 0 0
    outer loop
      vertex 12.700000000000001 24 17.7
      vertex 12.700000000000001 23.97 32.2
      vertex 12.700000000000001 23.97 17.7025
    endloop
  endfacet
  facet normal 0 -1 0
    outer loop
      vertex 12 23.97 17.7025
      vertex 12.700000000000001 23.97 32.2
      vertex 12 23.97 18.7
    endloop
  endfacet
  facet normal -1 0 0
    outer loop
      vertex 11.3 23.97 18.758333333333333
      vertex 11.3 23.97 32.2
      vertex 11.3 24 19.7
    endloop
  endfacet
  facet normal 0 -1 0
    outer loop
      vertex 11.3 23.97 18.758333333333333
      vertex 12 23.97 18.7
      vertex 12.700000000000001 23.97 32.2
    endloop
  endfacet
  facet normal 1 0 0
    outer loop
      vertex 12.700000000000001 24 17.7
      vertex 12.700000000000001 35.3 17.641666666666666
      vertex 12.700000000000001 23.97 32.2
    endloop
  endfacet
  facet normal 1 0 0
    outer loop
      vertex 12.700000000000001 47.97 16.641666666666666
      vertex 12.700000000000001 48 16.641666666666666
      vertex 12.700000000000001 48 16.7
    endloop
  endfacet
  facet normal 0 1 0
    outer loop
      vertex 0.7 36.699999999999996 17.641666666666666
      vertex 0.7 36.699999999999996 32.2
      vertex 12 36.699999999999996 16.7
    endloop
  endfacet
  facet normal -1 0 0
    outer loop
      vertex -0.7 47.97 0
      vertex -0.7 36.03 32.2
      vertex -0.7 47.97 32.2
    endloop
  endfacet
  facet normal 1 0 0
    outer loop
      vertex 0.7 36.699999999999996 17.641666666666666
      vertex 0.7 47.3 17.641666666666666
      vertex 0.7 47.3 32.2
    endloop
  endfacet
  facet normal 0 -1 0
    outer loop
      vertex 0.7 47.3 17.641666666666666
      vertex 12 47.3 16.7
      vertex 12.030000000000001 47.3 32.2
    endloop
  endfacet
  facet normal 0 1 0
    outer loop
      vertex 24 36.699999999999996 15.7
      vertex 12 36.699999999999996 16.7
      vertex 12.030000000000001 36.699999999999996 32.2
    endloop
  endfacet
  facet normal 0 -1 0
    outer loop
      vertex 12 47.3 16.7
      vertex 12.030000000000001 47.3 16.697499999999998
      vertex 12.030000000000001 47.3 32.2
    endloop
  endfacet
  facet normal 1 0 0
    outer loop
      vertex 12.030000000000001 47.3 16.697499999999998
      vertex 12.030000000000001 47.97 16.697499999999998
      vertex 12.030000000000001 47.97 32.2
    endloop
  endfacet
  facet normal 0 -1 0
    outer loop
      vertex 12.030000000000001 47.97 16.697499999999998
      vertex 12.700000000000001 47.97 16.641666666666666
      vertex 12.700000000000001 47.97 32.2
    endloop
  endfacet
  facet normal 1 0 0
    outer loop
      vertex 12.700000000000001 47.97 16.641666666666666
      vertex 12.700000000000001 48 16.7
      vertex 12.700000000000001 47.97 32.2
    endloop
  endfacet
  facet normal 0 1 0
    outer loop
      vertex 24 24.03 16.697499999999998
      vertex 24 24.03 16.7
      vertex 24.7 24.03 16.697499999999998
    endloop
  endfacet
  facet normal -1 0 0
    outer loop
      vertex 23.3 24 16.758333333333333
      vertex 23.3 24 17.7
      vertex 23.3 24.03 16.758333333333333
    endloop
  endfacet
  facet normal 0 1 0
    outer loop
      vertex 23.3 24.03 16.758333333333333
      vertex 23.3 24.03 32.2
      vertex 24 24.03 16.7
    endloop
  endfacet
  facet normal 0 1 0
    outer loop
      vertex 24 24.03 16.7
      vertex 24.7 24.03 32.2
      vertex 24.7 24.03 16.697499999999998
    endloop
  endfacet
  facet normal 1 0 0
    outer loop
      vertex 24.7 24 16.7
      vertex 24.7 24.03 16.697499999999998
      vertex 24.7 24.03 32.2
    endloop
  endfacet
  facet normal -1 0 0
    outer loop
      vertex 23.3 24.03 16.758333333333333
      vertex 23.3 24 17.7
      vertex 23.3 24.03 32.2
    endloop
  endfacet
  facet normal 1 0 0
    outer loop
      vertex 24.03 35.3 15.758333333333333
      vertex 24.03 36 15.7
      vertex 24.03 35.3 32.2
    endloop
  endfacet
  facet normal 0 -1 0
    outer loop
      vertex 24.03 35.3 15.758333333333333
      vertex 24.03 35.3 32.2
      vertex 24 35.3 16.7
    endloop
  endfacet
  facet normal 0 -1 0
    outer loop
      vertex 12.700000000000001 35.3 17.641666666666666
      vertex 24 35.3 16.7
      vertex 24.03 35.3 32.2
    endloop
  endfacet
  facet normal -1 0 0
    outer loop
      vertex 35.3 24 16.7
      vertex 35.3 24.03 32.2
      vertex 35.3 24.03 16.697499999999998
    endloop
  endfacet
  facet normal 0 1 0
    outer loop
      vertex 35.3 24.03 16.697499999999998
      vertex 35.3 24.03 32.2
      vertex 35.97 24.03 16.697499999999998
    endloop
  endfacet
  facet normal 1 0 0
    outer loop
      vertex 24.03 36 15.7
      vertex 24.03 36.699999999999996 15.6975
      vertex 24.03 35.3 32.2
    endloop
  endfacet
  facet normal 0 1 0
    outer loop
      vertex 24 36.699999999999996 15.7
      vertex 24.03 36.699999999999996 32.2
      vertex 24.03 36.699999999999996 15.6975
    endloop
  endfacet
  facet normal 0 -1 0
    outer loop
      vertex 23.3 47.97 15.758333333333333
      vertex 24 47.97 15.7
      vertex 24.7 47.97 32.2
    endloop
  endfacet
  facet normal -1 0 0
    outer loop
      vertex 23.3 47.97 15.758333333333333
      vertex 23.3 47.97 32.2
      vertex 23.3 48 16.7
    endloop
  endfacet
  facet normal 0 -1 0
    outer loop
      vertex 24 47.97 15.7
      vertex 24.7 47.97 15.641666666666666
      vertex 24.7 47.97 32.2
    endloop
  endfacet
  facet normal 1 0 0
    outer loop
      vertex 24.7 47.97 15.641666666666666
      vertex 24.7 48 15.7
      vertex 24.7 47.97 32.2
    endloop
  endfacet
  facet normal 1 0 0
    outer loop
      vertex 0.7 24 19.7
      vertex 0.7 35.3 32.2
      vertex 0.7 24.03 32.038999999999994
    endloop
  endfacet
  facet normal 1 0 0
    outer loop
      vertex 0.7 24 19.7
      vertex 0.7 35.3 20.641666666666666
      vertex 0.7 35.3 32.2
    endloop
  endfacet
  facet normal 0 -1 0
    outer loop
      vertex 0.7 35.3 20.641666666666666
      vertex 11.3 35.3 20.641666666666666
      vertex 11.3 35.3 32.2
    endloop
  endfacet
  facet normal -1 0 0
    outer loop
      vertex 11.3 24 19.7
      vertex 11.3 23.97 32.2
      vertex 11.3 35.3 20.641666666666666
    endloop
  endfacet
  facet normal 0 -1 0
    outer loop
      vertex 11.3 23.97 18.758333333333333
      vertex 12.700000000000001 23.97 32.2
      vertex 11.3 23.97 32.2
    endloop
  endfacet
  facet normal 1 0 0
    outer loop
      vertex 12.700000000000001 35.3 17.641666666666666
      vertex 12.700000000000001 35.3 32.2
      vertex 12.700000000000001 23.97 32.2
    endloop
  endfacet
  facet normal 0 -1 0
    outer loop
      vertex 12.700000000000001 35.3 17.641666666666666
      vertex 24.03 35.3 32.2
      vertex 12.700000000000001 35.3 32.2
    endloop
  endfacet
  facet normal 0 0 1
    outer loop
      vertex -0.6930348258706465 23.97 32.2
      vertex 0.7 23.97 32.2
      vertex 0.6930348258706465 24.03 32.2
    endloop
  endfacet
  facet normal 0 0 1
    outer loop
      vertex -0.7 23.97 32.2
      vertex -0.6930348258706465 23.97 32.2
      vertex -0.7 36.03 32.2
    endloop
  endfacet
  facet normal 0 0 1
    outer loop
      vertex -0.6930348258706465 23.97 32.2
      vertex 0.6930348258706465 24.03 32.2
      vertex -0.7 36.03 32.2
    endloop
  endfacet
  facet normal 1 0 0
    outer loop
      vertex 0.7 24.03 32.038999999999994
      vertex 0.7 35.3 32.2
      vertex 0.7 23.97 32.2
    endloop
  endfacet
  facet normal 0 0 1
    outer loop
      vertex 0.7 23.97 32.2
      vertex 0.7 35.3 32.2
      vertex 0.6930348258706465 24.03 32.2
    endloop
  endfacet
  facet normal 0 -1 0
    outer loop
      vertex 0.7 35.3 20.641666666666666
      vertex 11.3 35.3 32.2
      vertex 0.7 35.3 32.2
    endloop
  endfacet
  facet normal 0 0 1
    outer loop
      vertex 0.6930348258706465 24.03 32.2
      vertex -0.03 36.001285714285714 32.2
      vertex -0.7 36.03 32.2
    endloop
  endfacet
  facet normal 0 0 1
    outer loop
      vertex 0.6930348258706465 24.03 32.2
      vertex 0.7 35.3 32.2
      vertex 0.6996094039364582 35.300423488045396 32.2
    endloop
  endfacet
  facet normal 0 0 1
    outer loop
      vertex 0.6930348258706465 24.03 32.2
      vertex 0.6996094039364582 35.300423488045396 32.2
      vertex -0.03 36.001285714285714 32.2
    endloop
  endfacet
  facet normal 0 0 1
    outer loop
      vertex 0.6996119902101806 35.304856989300646 32.2
      vertex -0.03 36.03 32.2
      vertex -0.03 36.001285714285714 32.2
    endloop
  endfacet
  facet normal 0 0 1
    outer loop
      vertex 0.6996119902101806 35.304856989300646 32.2
      vertex -0.03 36.001285714285714 32.2
      vertex 0.6996094039364582 35.300423488045396 32.2
    endloop
  endfacet
  facet normal 0 0 1
    outer loop
      vertex 0.6996094039364582 35.300423488045396 32.2
      vertex 0.7 35.3 32.2
      vertex 11.3 35.3 32.2
    endloop
  endfacet
  facet normal 0 0 1
    outer loop
      vertex 0.6996119902101806 35.304856989300646 32.2
      vertex 0.6996094039364582 35.300423488045396 32.2
      vertex 11.37592867756315 35.375928677563145 32.2
    endloop
  endfacet
  facet normal 0 0 1
    outer loop
      vertex 0.6996119902101806 35.304856989300646 32.2
      vertex 11.37592867756315 35.375928677563145 32.2
      vertex 0.62407132243685 36.62407132243685 32.2
    endloop
  endfacet
  facet normal 0 0 1
    outer loop
      vertex 0.6996094039364582 35.300423488045396 32.2
      vertex 11.3 35.3 32.2
      vertex 11.383973877544287 35.30662502629708 32.2
    endloop
  endfacet
  facet normal 0 0 1
    outer loop
      vertex 0.6996094039364582 35.300423488045396 32.2
      vertex 11.383973877544287 35.30662502629708 32.2
      vertex 11.37592867756315 35.375928677563145 32.2
    endloop
  endfacet
  facet normal 0 0 1
    outer loop
      vertex 11.3 23.97 32.2
      vertex 12.700000000000001 23.97 32.2
      vertex 11.3 35.3 32.2
    endloop
  endfacet
  facet normal -1 0 0
    outer loop
      vertex 11.3 35.3 20.641666666666666
      vertex 11.3 23.97 32.2
      vertex 11.3 35.3 32.2
    endloop
  endfacet
  facet normal 0 0 1
    outer loop
      vertex 12.700000000000001 23.97 32.2
      vertex 11.383973877544287 35.30662502629708 32.2
      vertex 11.3 35.3 32.2
    endloop
  endfacet
  facet normal 0 0 1
    outer loop
      vertex 12.700000000000001 23.97 32.2
      vertex 12.700000000000001 35.3 32.2
      vertex 11.383973877544287 35.30662502629708 32.2
    endloop
  endfacet
  facet normal 0 0 1
    outer loop
      vertex 11.383973877544287 35.30662502629708 32.2
      vertex 12.700000000000001 35.3 32.2
      vertex 11.37592867756315 35.375928677563145 32.2
    endloop
  endfacet
  facet normal 0 0 1
    outer loop
      vertex 11.37592867756315 35.375928677563145 32.2
      vertex 12.700000000000001 35.3 32.2
      vertex 12.001298636037331 36.03 32.2
    endloop
  endfacet
  facet normal 0 0 1
    outer loop
      vertex 12.700000000000001 35.3 32.2
      vertex 12.030000000000001 36.03 32.2
      vertex 12.001298636037331 36.03 32.2
    endloop
  endfacet
  facet normal 0 0 1
    outer loop
      vertex 12.700000000000001 35.3 32.2
      vertex 24.03 35.3 32.2
      vertex 12.030000000000001 36.69303482587064 32.2
    endloop
  endfacet
  facet normal 1 0 0
    outer loop
      vertex 0.7 36.699999999999996 17.641666666666666
      vertex 0.7 47.3 32.2
      vertex 0.7 36.699999999999996 32.2
    endloop
  endfacet
  facet normal 0 1 0
    outer loop
      vertex 12 36.699999999999996 16.7
      vertex 0.7 36.699999999999996 32.2
      vertex 12.030000000000001 36.699999999999996 32.2
    endloop
  endfacet
  facet normal 0 -1 0
    outer loop
      vertex 0.7 47.3 17.641666666666666
      vertex 12.030000000000001 47.3 32.2
      vertex 0.7 47.3 32.2
    endloop
  endfacet
  facet normal 1 0 0
    outer loop
      vertex 12.030000000000001 47.3 16.697499999999998
      vertex 12.030000000000001 47.97 32.2
      vertex 12.030000000000001 47.3 32.2
    endloop
  endfacet
  facet normal 0 -1 0
    outer loop
      vertex 12.030000000000001 47.97 16.697499999999998
      vertex 12.700000000000001 47.97 32.2
      vertex 12.030000000000001 47.97 32.2
    endloop
  endfacet
  facet normal 0 0 1
    outer loop
      vertex -0.7 36.03 32.2
      vertex -0.03 36.001285714285714 32.2
      vertex -0.03 36.03 32.2
    endloop
  endfacet
  facet normal 0 0 1
    outer loop
      vertex 0.6996119902101806 35.304856989300646 32.2
      vertex 0.62407132243685 36.62407132243685 32.2
      vertex -0.03 36.03 32.2
    endloop
  endfacet
  facet normal 0 0 1
    outer loop
      vertex -0.03 36.03 32.2
      vertex 0.62407132243685 36.62407132243685 32.2
      vertex 0.6152570480928694 36.699999999999996 32.2
    endloop
  endfacet
  facet normal 0 0 1
    outer loop
      vertex -0.7 36.03 32.2
      vertex -0.03 36.03 32.2
      vertex -0.6930348258706465 47.97 32.2
    endloop
  endfacet
  facet normal 0 0 1
    outer loop
      vertex -0.03 36.03 32.2
      vertex 0.6152570480928694 36.699999999999996 32.2
      vertex -0.6930348258706465 47.97 32.2
    endloop
  endfacet
  facet normal 0 0 1
    outer loop
      vertex 0.7 36.699999999999996 32.2
      vertex 0.6995762852404643 47.3 32.2
      vertex 0.6934237147595353 36.699999999999996 32.2
    endloop
  endfacet
  facet normal 0 0 1
    outer loop
      vertex 0.6152570480928694 36.699999999999996 32.2
      vertex 0.6934237147595353 36.699999999999996 32.2
      vertex 0.6930348258706465 47.3 32.2
    endloop
  endfacet
  facet normal 0 0 1
    outer loop
      vertex 0.62407132243685 36.62407132243685 32.2
      vertex 12.030000000000001 36.69303482587064 32.2
      vertex 0.6152570480928694 36.699999999999996 32.2
    endloop
  endfacet
  facet normal 0 0 1
    outer loop
      vertex 0.7 36.699999999999996 32.2
      vertex 0.6934237147595353 36.699999999999996 32.2
      vertex 12.030000000000001 36.69303482587064 32.2
    endloop
  endfacet
  facet normal 0 0 1
    outer loop
      vertex 0.6152570480928694 36.699999999999996 32.2
      vertex 12.030000000000001 36.69303482587064 32.2
      vertex 0.6934237147595353 36.699999999999996 32.2
    endloop
  endfacet
  facet normal 0 0 1
    outer loop
      vertex 11.37592867756315 35.375928677563145 32.2
      vertex 12.030000000000001 36.69303482587064 32.2
      vertex 0.62407132243685 36.62407132243685 32.2
    endloop
  endfacet
  facet normal 0 0 1
    outer loop
      vertex 0.7 36.699999999999996 32.2
      vertex 12.030000000000001 36.69303482587064 32.2
      vertex 12.030000000000001 36.699999999999996 32.2
    endloop
  endfacet
  facet normal 0 0 1
    outer loop
      vertex -0.7 36.03 32.2
      vertex -0.6930348258706465 47.97 32.2
      vertex -0.7 47.97 32.2
    endloop
  endfacet
  facet normal 0 0 1
    outer loop
      vertex 0.6152570480928694 36.699999999999996 32.2
      vertex 0.6930348258706465 47.3 32.2
      vertex -0.03 47.998701363962674 32.2
    endloop
  endfacet
  facet normal 0 0 1
    outer loop
      vertex 0.6152570480928694 36.699999999999996 32.2
      vertex -0.03 47.998701363962674 32.2
      vertex -0.6930348258706465 47.97 32.2
    endloop
  endfacet
  facet normal 0 0 1
    outer loop
      vertex 0.7 36.699999999999996 32.2
      vertex 0.7 47.3 32.2
      vertex 0.6995762852404643 47.3 32.2
    endloop
  endfacet
  facet normal 0 0 1
    outer loop
      vertex 0.6934237147595353 36.699999999999996 32.2
      vertex 0.6995762852404643 47.3 32.2
      vertex 0.6930348258706465 47.3 32.2
    endloop
  endfacet
  facet normal 0 0 1
    outer loop
      vertex -0.03 47.998701363962674 32.2
      vertex 0.6930348258706465 47.3 32.2
      vertex 0.62407132243685 48.62407132243685 32.2
    endloop
  endfacet
  facet normal 0 0 1
    outer loop
      vertex 0.6995762852404643 47.3 32.2
      vertex 0.7 47.3 32.2
      vertex 0.62407132243685 48.62407132243685 32.2
    endloop
  endfacet
  facet normal 0 0 1
    outer loop
      vertex 0.6995762852404643 47.3 32.2
      vertex 0.62407132243685 48.62407132243685 32.2
      vertex 0.6930348258706465 47.3 32.2
    endloop
  endfacet
  facet normal 0 0 1
    outer loop
      vertex 0.7 47.3 32.2
      vertex 12.030000000000001 47.3 32.2
      vertex 0.62407132243685 48.62407132243685 32.2
    endloop
  endfacet
  facet normal 0 0 1
    outer loop
      vertex 12.030000000000001 47.3 32.2
      vertex 12.030000000000001 47.97 32.2
      vertex 0.62407132243685 48.62407132243685 32.2
    endloop
  endfacet
  facet normal 0 0 1
    outer loop
      vertex 11.37592867756315 35.375928677563145 32.2
      vertex 12.001298636037331 36.03 32.2
      vertex 12.030000000000001 36.69303482587064 32.2
    endloop
  endfacet
  facet normal 0 0 1
    outer loop
      vertex 12.700000000000001 35.3 32.2
      vertex 12.030000000000001 36.69303482587064 32.2
      vertex 12.030000000000001 36.03 32.2
    endloop
  endfacet
  facet normal 0 0 1
    outer loop
      vertex 12.001298636037331 36.03 32.2
      vertex 12.030000000000001 36.03 32.2
      vertex 12.030000000000001 36.69303482587064 32.2
    endloop
  endfacet
  facet normal 0 0 1
    outer loop
      vertex 12.030000000000001 36.699999999999996 32.2
      vertex 12.030000000000001 36.69303482587064 32.2
      vertex 24.03 36.699999999999996 32.2
    endloop
  endfacet
  facet normal 0 1 0
    outer loop
      vertex 24 24.03 16.7
      vertex 23.3 24.03 32.2
      vertex 24.7 24.03 32.2
    endloop
  endfacet
  facet normal 0 1 0
    outer loop
      vertex 24 36.699999999999996 15.7
      vertex 12.030000000000001 36.699999999999996 32.2
      vertex 24.03 36.699999999999996 32.2
    endloop
  endfacet
  facet normal 1 0 0
    outer loop
      vertex 24.03 36.699999999999996 15.6975
      vertex 24.03 36.699999999999996 32.2
      vertex 24.03 35.3 32.2
    endloop
  endfacet
  facet normal 0 -1 0
    outer loop
      vertex 23.3 47.97 15.758333333333333
      vertex 24.7 47.97 32.2
      vertex 23.3 47.97 32.2
    endloop
  endfacet
  facet normal 0 0 1
    outer loop
      vertex 12.030000000000001 36.69303482587064 32.2
      vertex 24.03 35.3 32.2
      vertex 24.03 36.699999999999996 32.2
    endloop
  endfacet
  facet normal 0 1 0
    outer loop
      vertex 35.3 0.7 18.641666666666666
      vertex 36 0.7 18.7
      vertex 36 0.7 18.641666666666666
    endloop
  endfacet
  facet normal 0 -1 0
    outer loop
      vertex 36 11.3 17.758333333333333
      vertex 36 11.3 18.7
      vertex 35.97 11.3 17.758333333333333
    endloop
  endfacet
  facet normal 0 -1 0
    outer loop
      vertex 36.03 -0.7 0
      vertex 47.97 -0.7 32.2
      vertex 36.03 -0.7 32.2
    endloop
  endfacet
  facet normal 0 1 0
    outer loop
      vertex 35.3 0.7 18.641666666666666
      vertex 36.03 0.7 32.2
      vertex 36 0.7 18.7
    endloop
  endfacet
  facet normal -2.5549685972225606e-16 1 5.677707993828126e-19
    outer loop
      vertex 36 0.7 18.7
      vertex 36.03 0.7 32.2
      vertex 47.3 0.7000000000000028 19.641666666666666
    endloop
  endfacet
  facet normal 0 -1 0
    outer loop
      vertex 35.97 11.3 17.758333333333333
      vertex 36 11.3 18.7
      vertex 35.97 11.3 32.2
    endloop
  endfacet
  facet normal 0 -1 0
    outer loop
      vertex 36 11.3 18.7
      vertex 47.3 11.3 19.641666666666666
      vertex 47.3 11.3 32.2
    endloop
  endfacet
  facet normal 0 -1 0
    outer loop
      vertex 47.97 -0.7 0
      vertex 60.03 -0.7 32.2
      vertex 47.97 -0.7 32.2
    endloop
  endfacet
  facet normal -1 0 0
    outer loop
      vertex 47.3 0.7000000000000028 19.641666666666666
      vertex 47.3 0.7 32.2
      vertex 47.3 11.3 19.641666666666666
    endloop
  endfacet
  facet normal 1 0 0
    outer loop
      vertex 48.699999999999996 0.7 14.641666666666666
      vertex 48.699999999999996 12 13.7
      vertex 48.699999999999996 12.030000000000001 32.2
    endloop
  endfacet
  facet normal 1 0 0
    outer loop
      vertex 48.03 12.030000000000001 13.6975
      vertex 48.03 12.700000000000001 13.6975
      vertex 48.03 12.700000000000001 32.2
    endloop
  endfacet
  facet normal 0 1 0
    outer loop
      vertex 48 12.700000000000001 13.7
      vertex 48.03 12.700000000000001 32.2
      vertex 48.03 12.700000000000001 13.6975
    endloop
  endfacet
  facet normal 0 1 0
    outer loop
      vertex 48.03 12.030000000000001 13.6975
      vertex 48.03 12.030000000000001 32.2
      vertex 48.699999999999996 12.030000000000001 13.641666666666666
    endloop
  endfacet
  facet normal 1 0 0
    outer loop
      vertex 48.699999999999996 12.030000000000001 13.641666666666666
      vertex 48.699999999999996 12.030000000000001 32.2
      vertex 48.699999999999996 12 13.7
    endloop
  endfacet
  facet normal 0 -1 0
    outer loop
      vertex 48 23.3 13.7
      vertex 48.03 23.3 13.6975
      vertex 48.03 23.3 32.2
    endloop
  endfacet
  facet normal 0 1 0
    outer loop
      vertex 36.699999999999996 12.700000000000001 14.641666666666666
      vertex 36.699999999999996 12.700000000000001 32.2
      vertex 48 12.700000000000001 13.7
    endloop
  endfacet
  facet normal -1 0 0
    outer loop
      vertex 35.97 11.3 17.758333333333333
      vertex 35.97 11.3 32.2
      vertex 35.97 11.97 17.7025
    endloop
  endfacet
  facet normal 0 -1 0
    outer loop
      vertex 35.3 11.97 17.7025
      vertex 35.97 11.97 17.7025
      vertex 35.97 11.97 32.2
    endloop
  endfacet
  facet normal 1 0 0
    outer loop
      vertex 36.699999999999996 12.700000000000001 14.641666666666666
      vertex 36.699999999999996 23.3 14.641666666666666
      vertex 36.699999999999996 23.3 32.2
    endloop
  endfacet
  facet normal 0 -1 0
    outer loop
      vertex 36.699999999999996 23.3 14.641666666666666
      vertex 48 23.3 13.7
      vertex 48.03 23.3 32.2
    endloop
  endfacet
  facet normal 0 1 0
    outer loop
      vertex 48.699999999999996 0.7 14.641666666666666
      vertex 60.03 0.7 32.2
      vertex 60 0.7 14.7
    endloop
  endfacet
  facet normal 0 -1 0
    outer loop
      vertex 59.97 11.3 13.758333333333333
      vertex 60 11.3 14.7
      vertex 59.97 11.3 32.2
    endloop
  endfacet
  facet normal 0 1 0
    outer loop
      vertex 60 0.7 14.7
      vertex 60.03 0.7 32.2
      vertex 72 0.7 15.7
    endloop
  endfacet
  facet normal 0 -1 0
    outer loop
      vertex 60.03 -0.7 0
      vertex 71.97 -0.7 32.2
      vertex 60.03 -0.7 32.2
    endloop
  endfacet
  facet normal 0 -1 0
    outer loop
      vertex 60 11.3 14.7
      vertex 72 11.3 15.7
      vertex 71.97 11.3 32.2
    endloop
  endfacet
  facet normal 0 1 0
    outer loop
      vertex 60 12.700000000000001 12.7
      vertex 59.97 12.700000000000001 12.702499999999999
      vertex 59.97 12.700000000000001 32.2
    endloop
  endfacet
  facet normal -1 0 0
    outer loop
      vertex 59.97 12.700000000000001 12.702499999999999
      vertex 59.97 12 13.7
      vertex 59.97 12.700000000000001 32.2
    endloop
  endfacet
  facet normal -1 0 0
    outer loop
      vertex 59.97 11.3 13.758333333333333
      vertex 59.97 12.700000000000001 32.2
      vertex 59.97 12 13.7
    endloop
  endfacet
  facet normal -1.5720096877694692e-16 1 -2.4184764427223514e-19
    outer loop
      vertex 60 12.700000000000001 12.7
      vertex 59.97 12.700000000000001 32.2
      vertex 71.3 12.700000000000003 12.641666666666666
    endloop
  endfacet
  facet normal -1 0 0
    outer loop
      vertex 71.3 12.700000000000003 12.641666666666666
      vertex 71.3 24.03 32.2
      vertex 71.3 24 11.7
    endloop
  endfacet
  facet normal 0 1 2.2985373834309805e-16
    outer loop
      vertex 47.3 0.7000000000000028 19.641666666666666
      vertex 36.03 0.7 32.2
      vertex 47.3 0.7 32.2
    endloop
  endfacet
  facet normal 0 -1 0
    outer loop
      vertex 36 11.3 18.7
      vertex 47.3 11.3 32.2
      vertex 35.97 11.3 32.2
    endloop
  endfacet
  facet normal 1 0 0
    outer loop
      vertex 48.699999999999996 0.7 14.641666666666666
      vertex 48.699999999999996 12.030000000000001 32.2
      vertex 48.699999999999996 0.7 32.2
    endloop
  endfacet
  facet normal 0 1 0
    outer loop
      vertex 48.699999999999996 0.7 14.641666666666666
      vertex 48.699999999999996 0.7 32.2
      vertex 60.03 0.7 32.2
    endloop
  endfacet
  facet normal -1 0 0
    outer loop
      vertex 47.3 11.3 19.641666666666666
      vertex 47.3 0.7 32.2
      vertex 47.3 11.3 32.2
    endloop
  endfacet
  facet normal 0 0 1
    outer loop
      vertex 35.97 -0.6930348258706465 32.2
      vertex 36.03 -0.7 32.2
      vertex 36.03 0.6930348258706465 32.2
    endloop
  endfacet
  facet normal 0 0 1
    outer loop
      vertex 36.03 -0.7 32.2
      vertex 47.97 -0.6930348258706465 32.2
      vertex 36.03 0.6930348258706465 32.2
    endloop
  endfacet
  facet normal 0 0 1
    outer loop
      vertex 36.03 0.6930348258706465 32.2
      vertex 47.3 0.699609156895589 32.2
      vertex 36.03 0.7 32.2
    endloop
  endfacet
  facet normal 0 0 1
    outer loop
      vertex 36.03 0.7 32.2
      vertex 47.3 0.699609156895589 32.2
      vertex 47.3 0.7 32.2
    endloop
  endfacet
  facet normal 0 0 1
    outer loop
      vertex 36.03 -0.7 32.2
      vertex 47.97 -0.7 32.2
      vertex 47.97 -0.6930348258706465 32.2
    endloop
  endfacet
  facet normal 0 0 1
    outer loop
      vertex 36.03 0.6930348258706465 32.2
      vertex 47.97 -0.6930348258706465 32.2
      vertex 47.3 0.699609156895589 32.2
    endloop
  endfacet
  facet normal 0 0 1
    outer loop
      vertex 35.97 11.3 32.2
      vertex 47.3 11.3 32.2
      vertex 47.3 11.384742951907132 32.2
    endloop
  endfacet
  facet normal 0 0 1
    outer loop
      vertex 47.97 -0.6930348258706465 32.2
      vertex 47.97 -0.03 32.2
      vertex 47.3 0.699609156895589 32.2
    endloop
  endfacet
  facet normal 0 0 1
    outer loop
      vertex 47.97 -0.6930348258706465 32.2
      vertex 47.998701363962674 -0.03 32.2
      vertex 47.97 -0.03 32.2
    endloop
  endfacet
  facet normal 0 0 1
    outer loop
      vertex 47.97 -0.03 32.2
      vertex 47.998701363962674 -0.03 32.2
      vertex 47.3 0.699609156895589 32.2
    endloop
  endfacet
  facet normal 0 0 1
    outer loop
      vertex 47.998701363962674 -0.03 32.2
      vertex 48.61910798798335 0.624647497249031 32.2
      vertex 47.3 0.699609156895589 32.2
    endloop
  endfacet
  facet normal 0 0 1
    outer loop
      vertex 47.3 0.7 32.2
      vertex 47.3 0.699609156895589 32.2
      vertex 48.61910798798335 0.624647497249031 32.2
    endloop
  endfacet
  facet normal 0 0 1
    outer loop
      vertex 47.998701363962674 -0.03 32.2
      vertex 48.62407132243685 0.6240713224368503 32.2
      vertex 48.61910798798335 0.624647497249031 32.2
    endloop
  endfacet
  facet normal 0 0 1
    outer loop
      vertex 47.3 0.7 32.2
      vertex 48.61910798798335 0.624647497249031 32.2
      vertex 47.3 11.3 32.2
    endloop
  endfacet
  facet normal 0 0 1
    outer loop
      vertex 48.61910798798335 0.624647497249031 32.2
      vertex 48.62407132243685 0.6240713224368503 32.2
      vertex 47.3 11.3 32.2
    endloop
  endfacet
  facet normal 0 0 1
    outer loop
      vertex 48.62407132243685 0.6240713224368503 32.2
      vertex 48.61602612245571 0.6933749737029176 32.2
      vertex 47.3 11.3 32.2
    endloop
  endfacet
  facet normal 0 0 1
    outer loop
      vertex 48.699999999999996 0.7 32.2
      vertex 47.375928677563145 11.37592867756315 32.2
      vertex 48.61602612245571 0.6933749737029176 32.2
    endloop
  endfacet
  facet normal 0 0 1
    outer loop
      vertex 47.97 -0.7 32.2
      vertex 59.97 -0.6930348258706465 32.2
      vertex 47.97 -0.6930348258706465 32.2
    endloop
  endfacet
  facet normal 0 0 1
    outer loop
      vertex 47.97 -0.6930348258706465 32.2
      vertex 59.97 -0.6930348258706465 32.2
      vertex 47.998701363962674 -0.03 32.2
    endloop
  endfacet
  facet normal 0 0 1
    outer loop
      vertex 47.998701363962674 -0.03 32.2
      vertex 59.97 -0.6930348258706465 32.2
      vertex 48.62407132243685 0.6240713224368503 32.2
    endloop
  endfacet
  facet normal 0 0 1
    outer loop
      vertex 48.62407132243685 0.6240713224368503 32.2
      vertex 60.03 0.6930348258706465 32.2
      vertex 48.61602612245571 0.6933749737029176 32.2
    endloop
  endfacet
  facet normal 0 0 1
    outer loop
      vertex 48.699999999999996 0.7 32.2
      vertex 48.61602612245571 0.6933749737029176 32.2
      vertex 60.03 0.7 32.2
    endloop
  endfacet
  facet normal 0 0 1
    outer loop
      vertex 48.61602612245571 0.6933749737029176 32.2
      vertex 47.375928677563145 11.37592867756315 32.2
      vertex 47.3 11.3 32.2
    endloop
  endfacet
  facet normal 0 0 1
    outer loop
      vertex 48.699999999999996 0.7 32.2
      vertex 48.699999999999996 12.030000000000001 32.2
      vertex 47.375928677563145 11.37592867756315 32.2
    endloop
  endfacet
  facet normal 0 0 1
    outer loop
      vertex 47.3 11.3 32.2
      vertex 47.375928677563145 11.37592867756315 32.2
      vertex 47.3 11.384742951907132 32.2
    endloop
  endfacet
  facet normal 0 1 0
    outer loop
      vertex 48 12.700000000000001 13.7
      vertex 36.699999999999996 12.700000000000001 32.2
      vertex 48.03 12.700000000000001 32.2
    endloop
  endfacet
  facet normal -1 0 0
    outer loop
      vertex 35.97 11.97 17.7025
      vertex 35.97 11.3 32.2
      vertex 35.97 11.97 32.2
    endloop
  endfacet
  facet normal 1 0 0
    outer loop
      vertex 36.699999999999996 12.700000000000001 14.641666666666666
      vertex 36.699999999999996 23.3 32.2
      vertex 36.699999999999996 12.700000000000001 32.2
    endloop
  endfacet
  facet normal 0 -1 0
    outer loop
      vertex 36.699999999999996 23.3 14.641666666666666
      vertex 48.03 23.3 32.2
      vertex 36.699999999999996 23.3 32.2
    endloop
  endfacet
  facet normal 1 0 0
    outer loop
      vertex 48.03 12.030000000000001 13.6975
      vertex 48.03 12.700000000000001 32.2
      vertex 48.03 12.030000000000001 32.2
    endloop
  endfacet
  facet normal 0 1 0
    outer loop
      vertex 48.699999999999996 12.030000000000001 13.641666666666666
      vertex 48.03 12.030000000000001 32.2
      vertex 48.699999999999996 12.030000000000001 32.2
    endloop
  endfacet
  facet normal 1 0 0
    outer loop
      vertex 48.03 23.3 13.6975
      vertex 48.03 23.97 32.2
      vertex 48.03 23.3 32.2
    endloop
  endfacet
  facet normal 0 0 1
    outer loop
      vertex 35.97 11.3 32.2
      vertex 36.62407132243685 12.624071322436851 32.2
      vertex 35.97 11.97 32.2
    endloop
  endfacet
  facet normal 0 0 1
    outer loop
      vertex 35.97 11.97 32.2
      vertex 36.62407132243685 12.624071322436851 32.2
      vertex 36.615257048092865 12.700000000000001 32.2
    endloop
  endfacet
  facet normal 0 0 1
    outer loop
      vertex 36.62407132243685 12.624071322436851 32.2
      vertex 36.65581260364842 12.700000000000001 32.2
      vertex 36.615257048092865 12.700000000000001 32.2
    endloop
  endfacet
  facet normal 0 0 1
    outer loop
      vertex 35.97 11.3 32.2
      vertex 47.3 11.384742951907132 32.2
      vertex 36.62407132243685 12.624071322436851 32.2
    endloop
  endfacet
  facet normal 0 0 1
    outer loop
      vertex 35.3 24.03 32.2
      vertex 35.97 11.97 32.2
      vertex 36.615257048092865 12.700000000000001 32.2
    endloop
  endfacet
  facet normal 0 0 1
    outer loop
      vertex 36.699999999999996 12.700000000000001 32.2
      vertex 36.699999999999996 23.3 32.2
      vertex 36.65581260364842 12.700000000000001 32.2
    endloop
  endfacet
  facet normal 0 0 1
    outer loop
      vertex 36.615257048092865 12.700000000000001 32.2
      vertex 36.65581260364842 12.700000000000001 32.2
      vertex 35.97 24.03 32.2
    endloop
  endfacet
  facet normal 0 0 1
    outer loop
      vertex 36.699999999999996 12.700000000000001 32.2
      vertex 36.65581260364842 12.700000000000001 32.2
      vertex 48.03 12.030000000000001 32.2
    endloop
  endfacet
  facet normal 0 0 1
    outer loop
      vertex 36.62407132243685 12.624071322436851 32.2
      vertex 48.03 12.030000000000001 32.2
      vertex 36.65581260364842 12.700000000000001 32.2
    endloop
  endfacet
  facet normal 0 0 1
    outer loop
      vertex 47.3 11.384742951907132 32.2
      vertex 48.03 12.030000000000001 32.2
      vertex 36.62407132243685 12.624071322436851 32.2
    endloop
  endfacet
  facet normal 0 0 1
    outer loop
      vertex 36.699999999999996 12.700000000000001 32.2
      vertex 48.03 12.030000000000001 32.2
      vertex 48.03 12.700000000000001 32.2
    endloop
  endfacet
  facet normal 0 0 1
    outer loop
      vertex 35.3 24.03 32.2
      vertex 36.615257048092865 12.700000000000001 32.2
      vertex 35.97 24.03 32.2
    endloop
  endfacet
  facet normal 0 0 1
    outer loop
      vertex 36.65581260364842 12.700000000000001 32.2
      vertex 36.699999999999996 23.3 32.2
      vertex 35.97 24.03 32.2
    endloop
  endfacet
  facet normal 0 0 1
    outer loop
      vertex 47.375928677563145 11.37592867756315 32.2
      vertex 48.03 12.030000000000001 32.2
      vertex 47.3 11.384742951907132 32.2
    endloop
  endfacet
  facet normal 0 0 1
    outer loop
      vertex 47.375928677563145 11.37592867756315 32.2
      vertex 48.699999999999996 12.030000000000001 32.2
      vertex 48.03 12.030000000000001 32.2
    endloop
  endfacet
  facet normal 0 1 0
    outer loop
      vertex 60.03 0.7 32.2
      vertex 71.97 0.7 32.2
      vertex 72 0.7 15.7
    endloop
  endfacet
  facet normal 0 -1 0
    outer loop
      vertex 60 11.3 14.7
      vertex 71.97 11.3 32.2
      vertex 59.97 11.3 32.2
    endloop
  endfacet
  facet normal 0 0 1
    outer loop
      vertex 47.97 -0.7 32.2
      vertex 60.03 -0.7 32.2
      vertex 59.97 -0.6930348258706465 32.2
    endloop
  endfacet
  facet normal 0 0 1
    outer loop
      vertex 48.62407132243685 0.6240713224368503 32.2
      vertex 59.97 -0.6930348258706465 32.2
      vertex 60.03 0.6930348258706465 32.2
    endloop
  endfacet
  facet normal 0 0 1
    outer loop
      vertex 48.61602612245571 0.6933749737029176 32.2
      vertex 60.03 0.6930348258706465 32.2
      vertex 60.03 0.7 32.2
    endloop
  endfacet
  facet normal 0 0 1
    outer loop
      vertex 60.03 -0.7 32.2
      vertex 60.03 0.6930348258706465 32.2
      vertex 59.97 -0.6930348258706465 32.2
    endloop
  endfacet
  facet normal 0 0 1
    outer loop
      vertex 60.03 -0.7 32.2
      vertex 71.97 -0.6930348258706465 32.2
      vertex 60.03 0.6930348258706465 32.2
    endloop
  endfacet
  facet normal 0 0 1
    outer loop
      vertex 60.03 0.6930348258706465 32.2
      vertex 71.97 0.7 32.2
      vertex 60.03 0.7 32.2
    endloop
  endfacet
  facet normal 0 0 1
    outer loop
      vertex 60.03 -0.7 32.2
      vertex 71.97 -0.7 32.2
      vertex 71.97 -0.6930348258706465 32.2
    endloop
  endfacet
  facet normal 0 0 1
    outer loop
      vertex 60.03 0.6930348258706465 32.2
      vertex 71.97 -0.6930348258706465 32.2
      vertex 71.97 0.7 32.2
    endloop
  endfacet
  facet normal 0 0 1
    outer loop
      vertex 71.97 -0.6930348258706465 32.2
      vertex 72.03 0.6930348258706465 32.2
      vertex 71.97 0.7 32.2
    endloop
  endfacet
  facet normal 0 0 1
    outer loop
      vertex 59.97 11.3 32.2
      vertex 71.97 11.3 32.2
      vertex 71.97 11.306965174129354 32.2
    endloop
  endfacet
  facet normal -1 0 0
    outer loop
      vertex 59.97 11.3 13.758333333333333
      vertex 59.97 11.3 32.2
      vertex 59.97 12.700000000000001 32.2
    endloop
  endfacet
  facet normal 0 1 9.082352821816362e-17
    outer loop
      vertex 71.3 12.700000000000003 12.641666666666666
      vertex 59.97 12.700000000000001 32.2
      vertex 71.3 12.700000000000001 32.2
    endloop
  endfacet
  facet normal -1 0 0
    outer loop
      vertex 71.3 12.700000000000003 12.641666666666666
      vertex 71.3 12.700000000000001 32.2
      vertex 71.3 24.03 32.2
    endloop
  endfacet
  facet normal 0 0 1
    outer loop
      vertex 59.97 11.3 32.2
      vertex 71.97 11.306965174129354 32.2
      vertex 59.97 12.700000000000001 32.2
    endloop
  endfacet
  facet normal 0 0 1
    outer loop
      vertex 71.97 11.306965174129354 32.2
      vertex 71.3 12.700000000000001 32.2
      vertex 59.97 12.700000000000001 32.2
    endloop
  endfacet
  facet normal 0 0 1
    outer loop
      vertex 71.97 11.306965174129354 32.2
      vertex 71.99870136396267 11.97 32.2
      vertex 71.97 11.97 32.2
    endloop
  endfacet
  facet normal 0 0 1
    outer loop
      vertex 71.97 11.306965174129354 32.2
      vertex 71.97 11.97 32.2
      vertex 71.3 12.700000000000001 32.2
    endloop
  endfacet
  facet normal 0 0 1
    outer loop
      vertex 71.97 11.97 32.2
      vertex 72.62407132243685 12.624071322436851 32.2
      vertex 71.3 12.700000000000001 32.2
    endloop
  endfacet
  facet normal 0 0 1
    outer loop
      vertex 71.3 12.700000000000001 32.2
      vertex 72.61525704809287 12.700000000000001 32.2
      vertex 71.3 24.03 32.2
    endloop
  endfacet
  facet normal 0 1 0
    outer loop
      vertex 36 24.7 16.641666666666666
      vertex 35.97 24.7 16.641666666666666
      vertex 36 24.7 16.7
    endloop
  endfacet
  facet normal 1 0 0
    outer loop
      vertex 48.03 23.3 13.6975
      vertex 48.03 23.97 13.6975
      vertex 48.03 23.97 32.2
    endloop
  endfacet
  facet normal 0 -1 0
    outer loop
      vertex 48.03 23.97 13.6975
      vertex 48.699999999999996 23.97 13.641666666666666
      vertex 48.699999999999996 23.97 32.2
    endloop
  endfacet
  facet normal 1 0 0
    outer loop
      vertex 48.699999999999996 23.97 13.641666666666666
      vertex 48.699999999999996 24 13.7
      vertex 48.699999999999996 23.97 32.2
    endloop
  endfacet
  facet normal -1 0 0
    outer loop
      vertex 35.97 24.03 16.697499999999998
      vertex 35.97 24.03 32.2
      vertex 35.97 24.7 16.641666666666666
    endloop
  endfacet
  facet normal 0 1 0
    outer loop
      vertex 35.97 24.7 16.641666666666666
      vertex 35.97 24.7 32.2
      vertex 36 24.7 16.7
    endloop
  endfacet
  facet normal -3.143487391922672e-16 1 -6.084169145657013e-19
    outer loop
      vertex 36 24.7 16.7
      vertex 35.97 24.7 32.2
      vertex 47.3 24.700000000000003 17.641666666666666
    endloop
  endfacet
  facet normal 0 -1 0
    outer loop
      vertex 35.97 35.3 15.758333333333333
      vertex 36 35.3 16.7
      vertex 35.97 35.3 32.2
    endloop
  endfacet
  facet normal 0 -1 0
    outer loop
      vertex 36 35.3 16.7
      vertex 47.3 35.3 17.641666666666666
      vertex 47.3 35.3 32.2
    endloop
  endfacet
  facet normal -1 0 0
    outer loop
      vertex 47.3 24.700000000000003 17.641666666666666
      vertex 47.3 24.7 32.2
      vertex 47.3 35.3 17.641666666666666
    endloop
  endfacet
  facet normal 1 0 0
    outer loop
      vertex 48.699999999999996 24 13.7
      vertex 48.699999999999996 35.3 14.641666666666666
      vertex 48.699999999999996 35.3 32.2
    endloop
  endfacet
  facet normal 0 1 0
    outer loop
      vertex 48 36.699999999999996 13.7
      vertex 48.03 36.699999999999996 32.2
      vertex 60 36.699999999999996 12.7
    endloop
  endfacet
  facet normal 0 1 0
    outer loop
      vertex 36 36.699999999999996 14.7
      vertex 35.97 36.699999999999996 14.702499999999999
      vertex 35.97 36.699999999999996 32.2
    endloop
  endfacet
  facet normal -1 0 0
    outer loop
      vertex 35.97 36.699999999999996 14.702499999999999
      vertex 35.97 36 15.7
      vertex 35.97 36.699999999999996 32.2
    endloop
  endfacet
  facet normal 0 1 0
    outer loop
      vertex 36 36.699999999999996 14.7
      vertex 35.97 36.699999999999996 32.2
      vertex 48 36.699999999999996 13.7
    endloop
  endfacet
  facet normal -1 0 0
    outer loop
      vertex 35.97 35.3 15.758333333333333
      vertex 35.97 36.699999999999996 32.2
      vertex 35.97 36 15.7
    endloop
  endfacet
  facet normal 0 -1 0
    outer loop
      vertex 36 47.3 14.7
      vertex 35.97 47.3 32.2
      vertex 35.97 47.3 14.702499999999999
    endloop
  endfacet
  facet normal 0 -1 0
    outer loop
      vertex 36 47.3 14.7
      vertex 48 47.3 13.7
      vertex 48.03 47.3 32.2
    endloop
  endfacet
  facet normal 0 -1 0
    outer loop
      vertex 60.699999999999996 23.97 11.702499999999999
      vertex 60.699999999999996 23.97 32.2
      vertex 60 23.97 12.7
    endloop
  endfacet
  facet normal 1 0 0
    outer loop
      vertex 60.699999999999996 24 11.7
      vertex 60.699999999999996 23.97 32.2
      vertex 60.699999999999996 23.97 11.702499999999999
    endloop
  endfacet
  facet normal 1 0 0
    outer loop
      vertex 60.699999999999996 24 11.7
      vertex 60.699999999999996 31.669798136645966 11.641666666666666
      vertex 60.699999999999996 23.97 32.2
    endloop
  endfacet
  facet normal -1 0 0
    outer loop
      vertex 59.3 23.97 12.758333333333333
      vertex 59.3 23.97 32.2
      vertex 59.3 24 13.7
    endloop
  endfacet
  facet normal 0 -1 0
    outer loop
      vertex 59.3 23.97 12.758333333333333
      vertex 60 23.97 12.7
      vertex 60.699999999999996 23.97 32.2
    endloop
  endfacet
  facet normal 1 0 0
    outer loop
      vertex 60.699999999999996 31.669798136645966 11.641666666666666
      vertex 60.699999999999996 36 11.7
      vertex 60.699999999999996 36.03 32.2
    endloop
  endfacet
  facet normal 0 1 0
    outer loop
      vertex 71.3 24.03 10.758333333333333
      vertex 71.3 24.03 32.2
      vertex 72 24.03 10.7
    endloop
  endfacet
  facet normal -1 0 0
    outer loop
      vertex 71.3 24.03 10.758333333333333
      vertex 71.3 24 11.7
      vertex 71.3 24.03 32.2
    endloop
  endfacet
  facet normal 0 -1 0
    outer loop
      vertex 71.97 35.3 10.702499999999999
      vertex 72 35.3 10.7
      vertex 71.97 35.3 32.2
    endloop
  endfacet
  facet normal -1 0 0
    outer loop
      vertex 71.97 35.3 10.702499999999999
      vertex 71.97 35.3 32.2
      vertex 71.97 35.97 10.702499999999999
    endloop
  endfacet
  facet normal -1 0 0
    outer loop
      vertex 59.3 24 13.7
      vertex 59.3 23.97 32.2
      vertex 59.3 35.3 14.641666666666666
    endloop
  endfacet
  facet normal 0 -1 0
    outer loop
      vertex 48.699999999999996 35.3 14.641666666666666
      vertex 59.3 35.3 14.641666666666666
      vertex 59.3 35.3 32.2
    endloop
  endfacet
  facet normal 1 0 0
    outer loop
      vertex 60.03 36.03 11.702499999999999
      vertex 60.03 36.699999999999996 11.758333333333333
      vertex 60.03 36.03 32.2
    endloop
  endfacet
  facet normal 0 1 0
    outer loop
      vertex 60.03 36.03 11.702499999999999
      vertex 60.03 36.03 32.2
      vertex 60.699999999999996 36.03 11.702499999999999
    endloop
  endfacet
  facet normal 0 1 0
    outer loop
      vertex 60.03 36.699999999999996 11.758333333333333
      vertex 60 36.699999999999996 12.7
      vertex 60.03 36.699999999999996 32.2
    endloop
  endfacet
  facet normal 1 0 0
    outer loop
      vertex 60.699999999999996 36 11.7
      vertex 60.699999999999996 36.03 11.702499999999999
      vertex 60.699999999999996 36.03 32.2
    endloop
  endfacet
  facet normal 0 -1 0
    outer loop
      vertex 48 47.3 13.7
      vertex 60 47.3 12.7
      vertex 60.03 47.3 32.2
    endloop
  endfacet
  facet normal 0 -1 0
    outer loop
      vertex 60.03 47.3 12.641666666666666
      vertex 60.03 47.3 32.2
      vertex 60 47.3 12.7
    endloop
  endfacet
  facet normal 1 0 0
    outer loop
      vertex 60.03 47.3 12.641666666666666
      vertex 60.03 47.97 12.6975
      vertex 60.03 47.3 32.2
    endloop
  endfacet
  facet normal 0 -1 0
    outer loop
      vertex 60.03 47.97 12.6975
      vertex 60.699999999999996 47.97 12.6975
      vertex 60.699999999999996 47.97 32.2
    endloop
  endfacet
  facet normal 1 0 0
    outer loop
      vertex 60.699999999999996 47.97 12.6975
      vertex 60.699999999999996 48 12.7
      vertex 60.699999999999996 47.97 32.2
    endloop
  endfacet
  facet normal 0 -1 0
    outer loop
      vertex 71.3 35.97 10.758333333333333
      vertex 71.97 35.97 10.702499999999999
      vertex 71.97 35.97 32.2
    endloop
  endfacet
  facet normal -1 0 0
    outer loop
      vertex 71.3 35.97 10.758333333333333
      vertex 71.3 35.97 32.2
      vertex 71.3 36 11.7
    endloop
  endfacet
  facet normal -1 0 0
    outer loop
      vertex 71.3 36 11.7
      vertex 71.3 35.97 32.2
      vertex 71.3 40.46903846153846 12.072419871794871
    endloop
  endfacet
  facet normal -1 0 0
    outer loop
      vertex 71.3 40.46903846153846 12.072419871794871
      vertex 71.3 47.97 32.2
      vertex 71.3 47.97 16.059850374064837
    endloop
  endfacet
  facet normal 0 1 0
    outer loop
      vertex 35.3 24.03 32.2
      vertex 35.97 24.03 32.2
      vertex 35.97 24.03 16.697499999999998
    endloop
  endfacet
  facet normal -1 0 0
    outer loop
      vertex 35.97 24.7 16.641666666666666
      vertex 35.97 24.03 32.2
      vertex 35.97 24.7 32.2
    endloop
  endfacet
  facet normal 0 1 2.440329945369548e-16
    outer loop
      vertex 47.3 24.700000000000003 17.641666666666666
      vertex 35.97 24.7 32.2
      vertex 47.3 24.7 32.2
    endloop
  endfacet
  facet normal -1 0 0
    outer loop
      vertex 35.97 35.3 15.758333333333333
      vertex 35.97 35.3 32.2
      vertex 35.97 36.699999999999996 32.2
    endloop
  endfacet
  facet normal 0 -1 0
    outer loop
      vertex 36 35.3 16.7
      vertex 47.3 35.3 32.2
      vertex 35.97 35.3 32.2
    endloop
  endfacet
  facet normal 0 -1 0
    outer loop
      vertex 48.03 23.97 13.6975
      vertex 48.699999999999996 23.97 32.2
      vertex 48.03 23.97 32.2
    endloop
  endfacet
  facet normal 1 0 0
    outer loop
      vertex 48.699999999999996 24 13.7
      vertex 48.699999999999996 35.3 32.2
      vertex 48.699999999999996 23.97 32.2
    endloop
  endfacet
  facet normal -1 0 0
    outer loop
      vertex 47.3 35.3 17.641666666666666
      vertex 47.3 24.7 32.2
      vertex 47.3 35.3 32.2
    endloop
  endfacet
  facet normal 0 -1 0
    outer loop
      vertex 48.699999999999996 35.3 14.641666666666666
      vertex 59.3 35.3 32.2
      vertex 48.699999999999996 35.3 32.2
    endloop
  endfacet
  facet normal 0 0 1
    outer loop
      vertex 36.699999999999996 23.3 32.2
      vertex 35.97 24.7 32.2
      vertex 35.97 24.03 32.2
    endloop
  endfacet
  facet normal 0 0 1
    outer loop
      vertex 36.699999999999996 23.3 32.2
      vertex 48.03 23.3 32.2
      vertex 35.97 24.7 32.2
    endloop
  endfacet
  facet normal 0 0 1
    outer loop
      vertex 48.03 23.3 32.2
      vertex 48.03 23.97 32.2
      vertex 35.97 24.7 32.2
    endloop
  endfacet
  facet normal 0 0 1
    outer loop
      vertex 35.97 24.7 32.2
      vertex 48.03 23.97 32.2
      vertex 47.3 24.7 32.2
    endloop
  endfacet
  facet normal 0 0 1
    outer loop
      vertex 35.97 35.3 32.2
      vertex 47.3 35.38474295190713 32.2
      vertex 35.97 36.699999999999996 32.2
    endloop
  endfacet
  facet normal 0 0 1
    outer loop
      vertex 35.97 35.3 32.2
      vertex 47.3 35.3 32.2
      vertex 47.3 35.38474295190713 32.2
    endloop
  endfacet
  facet normal 0 0 1
    outer loop
      vertex 48.03 23.97 32.2
      vertex 48.699999999999996 23.97 32.2
      vertex 47.3 24.7 32.2
    endloop
  endfacet
  facet normal 0 0 1
    outer loop
      vertex 47.3 24.7 32.2
      vertex 48.699999999999996 23.97 32.2
      vertex 47.3 35.3 32.2
    endloop
  endfacet
  facet normal 0 0 1
    outer loop
      vertex 48.699999999999996 23.97 32.2
      vertex 47.375928677563145 35.375928677563145 32.2
      vertex 47.3 35.3 32.2
    endloop
  endfacet
  facet normal 0 0 1
    outer loop
      vertex 48.699999999999996 23.97 32.2
      vertex 48.699999999999996 35.3 32.2
      vertex 47.375928677563145 35.375928677563145 32.2
    endloop
  endfacet
  facet normal 0 0 1
    outer loop
      vertex 47.3 35.3 32.2
      vertex 47.375928677563145 35.375928677563145 32.2
      vertex 47.3 35.38474295190713 32.2
    endloop
  endfacet
  facet normal 0 0 1
    outer loop
      vertex 47.3 35.38474295190713 32.2
      vertex 47.375928677563145 35.375928677563145 32.2
      vertex 48.03 35.64935714285714 32.2
    endloop
  endfacet
  facet normal 0 0 1
    outer loop
      vertex 47.375928677563145 35.375928677563145 32.2
      vertex 48.699999999999996 35.3 32.2
      vertex 48.03 35.64935714285714 32.2
    endloop
  endfacet
  facet normal 0 0 1
    outer loop
      vertex 48.03 35.64935714285714 32.2
      vertex 48.699999999999996 35.3 32.2
      vertex 48.03 35.97 32.2
    endloop
  endfacet
  facet normal 0 0 1
    outer loop
      vertex 48.699999999999996 35.3 32.2
      vertex 59.3 35.38474295190713 32.2
      vertex 48.03 35.97 32.2
    endloop
  endfacet
  facet normal 0 1 0
    outer loop
      vertex 48 36.699999999999996 13.7
      vertex 35.97 36.699999999999996 32.2
      vertex 48.03 36.699999999999996 32.2
    endloop
  endfacet
  facet normal -1 0 0
    outer loop
      vertex 35.97 47.3 14.702499999999999
      vertex 35.97 47.3 32.2
      vertex 35.97 48.699999999999996 32.2
    endloop
  endfacet
  facet normal 0 -1 0
    outer loop
      vertex 36 47.3 14.7
      vertex 48.03 47.3 32.2
      vertex 35.97 47.3 32.2
    endloop
  endfacet
  facet normal 0 -1 0
    outer loop
      vertex 48 47.3 13.7
      vertex 60.03 47.3 32.2
      vertex 48.03 47.3 32.2
    endloop
  endfacet
  facet normal 0 0 1
    outer loop
      vertex 47.3 35.38474295190713 32.2
      vertex 48.03 35.64935714285714 32.2
      vertex 35.97 36.699999999999996 32.2
    endloop
  endfacet
  facet normal 0 0 1
    outer loop
      vertex 48.03 35.64935714285714 32.2
      vertex 48.03 35.97 32.2
      vertex 35.97 36.699999999999996 32.2
    endloop
  endfacet
  facet normal 0 0 1
    outer loop
      vertex 35.97 36.699999999999996 32.2
      vertex 48.03 35.97 32.2
      vertex 48.03 36.699999999999996 32.2
    endloop
  endfacet
  facet normal 0 0 1
    outer loop
      vertex 35.97 47.3 32.2
      vertex 47.97 47.30696517412935 32.2
      vertex 35.97 48.699999999999996 32.2
    endloop
  endfacet
  facet normal 0 0 1
    outer loop
      vertex 35.97 47.3 32.2
      vertex 48.03 47.3 32.2
      vertex 47.97 47.30696517412935 32.2
    endloop
  endfacet
  facet normal 0 0 1
    outer loop
      vertex 48.03 35.97 32.2
      vertex 60.03 36.699999999999996 32.2
      vertex 48.03 36.699999999999996 32.2
    endloop
  endfacet
  facet normal 0 0 1
    outer loop
      vertex 47.97 47.30696517412935 32.2
      vertex 48.03 47.3 32.2
      vertex 48.03 48.69303482587064 32.2
    endloop
  endfacet
  facet normal 0 0 1
    outer loop
      vertex 48.03 47.3 32.2
      vertex 60.03 47.3 32.2
      vertex 48.03 48.69303482587064 32.2
    endloop
  endfacet
  facet normal 0 -1 0
    outer loop
      vertex 59.3 23.97 12.758333333333333
      vertex 60.699999999999996 23.97 32.2
      vertex 59.3 23.97 32.2
    endloop
  endfacet
  facet normal 1 0 0
    outer loop
      vertex 60.699999999999996 31.669798136645966 11.641666666666666
      vertex 60.699999999999996 36.03 32.2
      vertex 60.699999999999996 23.97 32.2
    endloop
  endfacet
  facet normal -1 0 0
    outer loop
      vertex 59.3 35.3 14.641666666666666
      vertex 59.3 23.97 32.2
      vertex 59.3 35.3 32.2
    endloop
  endfacet
  facet normal -1 0 0
    outer loop
      vertex 71.97 35.97 10.702499999999999
      vertex 71.97 35.3 32.2
      vertex 71.97 35.97 32.2
    endloop
  endfacet
  facet normal 0 0 1
    outer loop
      vertex 59.3 23.97 32.2
      vertex 60.699999999999996 23.97 32.2
      vertex 59.3 35.3 32.2
    endloop
  endfacet
  facet normal 0 0 1
    outer loop
      vertex 48.699999999999996 35.3 32.2
      vertex 59.3 35.3 32.2
      vertex 59.3 35.38474295190713 32.2
    endloop
  endfacet
  facet normal 0 0 1
    outer loop
      vertex 48.03 35.97 32.2
      vertex 59.3 35.38474295190713 32.2
      vertex 60.03 36.03 32.2
    endloop
  endfacet
  facet normal 0 0 1
    outer loop
      vertex 60.699999999999996 23.97 32.2
      vertex 59.375928677563145 35.375928677563145 32.2
      vertex 59.3 35.3 32.2
    endloop
  endfacet
  facet normal 0 0 1
    outer loop
      vertex 60.699999999999996 23.97 32.2
      vertex 60.699999999999996 36.03 32.2
      vertex 59.375928677563145 35.375928677563145 32.2
    endloop
  endfacet
  facet normal 0 0 1
    outer loop
      vertex 59.3 35.3 32.2
      vertex 59.375928677563145 35.375928677563145 32.2
      vertex 59.3 35.38474295190713 32.2
    endloop
  endfacet
  facet normal 0 0 1
    outer loop
      vertex 59.3 35.38474295190713 32.2
      vertex 59.375928677563145 35.375928677563145 32.2
      vertex 60.03 36.03 32.2
    endloop
  endfacet
  facet normal 0 0 1
    outer loop
      vertex 59.375928677563145 35.375928677563145 32.2
      vertex 60.699999999999996 36.03 32.2
      vertex 60.03 36.03 32.2
    endloop
  endfacet
  facet normal 0 1 0
    outer loop
      vertex 60 36.699999999999996 12.7
      vertex 48.03 36.699999999999996 32.2
      vertex 60.03 36.699999999999996 32.2
    endloop
  endfacet
  facet normal 1 0 0
    outer loop
      vertex 60.03 36.699999999999996 11.758333333333333
      vertex 60.03 36.699999999999996 32.2
      vertex 60.03 36.03 32.2
    endloop
  endfacet
  facet normal 0 1 0
    outer loop
      vertex 60.699999999999996 36.03 11.702499999999999
      vertex 60.03 36.03 32.2
      vertex 60.699999999999996 36.03 32.2
    endloop
  endfacet
  facet normal 1 0 0
    outer loop
      vertex 60.03 47.97 12.6975
      vertex 60.03 47.97 32.2
      vertex 60.03 47.3 32.2
    endloop
  endfacet
  facet normal 0 -1 0
    outer loop
      vertex 60.03 47.97 12.6975
      vertex 60.699999999999996 47.97 32.2
      vertex 60.03 47.97 32.2
    endloop
  endfacet
  facet normal 0 -1 0
    outer loop
      vertex 71.3 35.97 10.758333333333333
      vertex 71.97 35.97 32.2
      vertex 71.3 35.97 32.2
    endloop
  endfacet
  facet normal -1 0 0
    outer loop
      vertex 71.3 40.46903846153846 12.072419871794871
      vertex 71.3 35.97 32.2
      vertex 71.3 47.97 32.2
    endloop
  endfacet
  facet normal -1 0 0
    outer loop
      vertex 71.3 47.97 16.059850374064837
      vertex 71.3 47.97 32.2
      vertex 71.3 47.99992518703242 32.11970074812968
    endloop
  endfacet
  facet normal -1 0 0
    outer loop
      vertex 71.3 47.97 16.059850374064837
      vertex 71.3 47.99992518703242 32.11970074812968
      vertex 71.3 48.03 32.2
    endloop
  endfacet
  facet normal 0 0 1
    outer loop
      vertex 48.03 35.97 32.2
      vertex 60.03 36.03 32.2
      vertex 60.03 36.699999999999996 32.2
    endloop
  endfacet
  facet normal 0 0 1
    outer loop
      vertex 60.03 47.3 32.2
      vertex 60.03 47.97 32.2
      vertex 48.03 48.69303482587064 32.2
    endloop
  endfacet
  facet normal 0 0 1
    outer loop
      vertex 71.3 35.97 32.2
      vertex 71.97 35.97 32.2
      vertex 71.3 47.97 32.2
    endloop
  endfacet
  facet normal 0 0 1
    outer loop
      vertex 71.97 35.97 32.2
      vertex 72.62407132243685 36.62407132243685 32.2
      vertex 71.3 47.97 32.2
    endloop
  endfacet
  facet normal 0 0 1
    outer loop
      vertex 71.3 47.97 32.2
      vertex 72.61525704809287 36.699999999999996 32.2
      vertex 71.3 48.03 32.2
    endloop
  endfacet
  facet normal 0 0 1
    outer loop
      vertex 71.97363184079602 47.97 32.2
      vertex 71.3 48.03 32.2
      vertex 72.61525704809287 36.699999999999996 32.2
    endloop
  endfacet
  facet normal -1 0 0
    outer loop
      vertex 71.3 47.99992518703242 32.11970074812968
      vertex 71.3 47.97 32.2
      vertex 71.3 48.03 32.2
    endloop
  endfacet
  facet normal 0 0 -1
    outer loop
      vertex -0.7 47.97 0
      vertex -0.7 48.03 0
      vertex -0.6930348258706465 48.03 0
    endloop
  endfacet
  facet normal 0 0 -1
    outer loop
      vertex -0.03 47.998714285714286 0
      vertex -0.6930348258706465 48.03 0
      vertex -0.03 48.03 0
    endloop
  endfacet
  facet normal 0 0 -1
    outer loop
      vertex -0.6930348258706465 48.03 0
      vertex 0.6996093847601755 48.69960938476017 0
      vertex -0.03 48.03 0
    endloop
  endfacet
  facet normal 0 0 -1
    outer loop
      vertex -0.03 47.998714285714286 0
      vertex 0.5954300218731222 48.59543002187312 0
      vertex 0 47.97014925373134 0
    endloop
  endfacet
  facet normal 0 0 -1
    outer loop
      vertex 0 47.97014925373134 0
      vertex 0.5954300218731222 48.59543002187312 0
      vertex 0.6598154014655456 48 0
    endloop
  endfacet
  facet normal 0 0 -1
    outer loop
      vertex -0.03 47.998714285714286 0
      vertex -0.03 48.03 0
      vertex 0.5954300218731222 48.59543002187312 0
    endloop
  endfacet
  facet normal 0 0 -1
    outer loop
      vertex -0.03 48.03 0
      vertex 0.6996093847601755 48.69960938476017 0
      vertex 0.5954300218731222 48.59543002187312 0
    endloop
  endfacet
  facet normal 0 0 -1
    outer loop
      vertex -0.6930348258706465 48.03 0
      vertex 0 54 0
      vertex 0.6996093847601755 48.69960938476017 0
    endloop
  endfacet
  facet normal 0 0 -1
    outer loop
      vertex -0.7 48.03 0
      vertex -0.7 60.03 0
      vertex -0.6930348258706465 48.03 0
    endloop
  endfacet
  facet normal 0 0 -1
    outer loop
      vertex -0.6930348258706465 48.03 0
      vertex -0.6930348258706465 60.03 0
      vertex 0 54 0
    endloop
  endfacet
  facet normal 0 0 -1
    outer loop
      vertex -0.6930348258706465 48.03 0
      vertex -0.7 60.03 0
      vertex -0.6930348258706465 60.03 0
    endloop
  endfacet
  facet normal 0 0 -1
    outer loop
      vertex 0 54 0
      vertex -0.6930348258706465 60.03 0
      vertex 0 60 0
    endloop
  endfacet
  facet normal 0 0 -1
    outer loop
      vertex -0.6930348258706465 60.03 0
      vertex 0.00014380606724441767 60.00014380606724 0
      vertex 0 60 0
    endloop
  endfacet
  facet normal 0 0 -1
    outer loop
      vertex 0.003482587064627372 60 0
      vertex 0 60 0
      vertex 0.00014380606724441767 60.00014380606724 0
    endloop
  endfacet
  facet normal 0 0 -1
    outer loop
      vertex 12.033268149181675 48.03326814918167 0
      vertex 12.700000000000001 48 0
      vertex 12 48 0
    endloop
  endfacet
  facet normal 0 0 -1
    outer loop
      vertex 12.033268149181675 48.03326814918167 0
      vertex 12.700000000000001 48.7 0
      vertex 12.700000000000001 48 0
    endloop
  endfacet
  facet normal 0 0 -1
    outer loop
      vertex 12.033268149181675 48.03326814918167 0
      vertex 12 48 0
      vertex 12 53.99999999999999 0
    endloop
  endfacet
  facet normal 0 0 -1
    outer loop
      vertex 12 54.18372395579233 0
      vertex 11.966470588235294 59.966470588235296 0
      vertex 12 60 0
    endloop
  endfacet
  facet normal 0 0 -1
    outer loop
      vertex 11.302603703522745 59.30260370352274 0
      vertex 11.30010738452486 60 0
      vertex 11.966470588235294 59.966470588235296 0
    endloop
  endfacet
  facet normal 0 0 -1
    outer loop
      vertex 11.30010738452486 60 0
      vertex 12 60 0
      vertex 11.966470588235294 59.966470588235296 0
    endloop
  endfacet
  facet normal 0 0 -1
    outer loop
      vertex -0.7 60.03 0
      vertex -0.7 71.97 0
      vertex -0.6930348258706465 60.03 0
    endloop
  endfacet
  facet normal 0 0 -1
    outer loop
      vertex -0.6930348258706465 60.03 0
      vertex 0 72 0
      vertex 0.00014380606724441767 60.00014380606724 0
    endloop
  endfacet
  facet normal 0 0 -1
    outer loop
      vertex -0.6930348258706465 60.03 0
      vertex -0.7 71.97 0
      vertex 0 72 0
    endloop
  endfacet
  facet normal 0 0 -1
    outer loop
      vertex 0.00014380606724441767 60.00014380606724 0
      vertex 0 72 0
      vertex 0.7 72 0
    endloop
  endfacet
  facet normal 0 0 -1
    outer loop
      vertex -0.7 71.97 0
      vertex -0.7 72.03 0
      vertex -0.6930348258706465 72.03 0
    endloop
  endfacet
  facet normal 0 0 -1
    outer loop
      vertex -0.7 71.97 0
      vertex -0.6930348258706465 72.03 0
      vertex 0 72 0
    endloop
  endfacet
  facet normal 0 0 -1
    outer loop
      vertex -0.6930348258706465 72.03 0
      vertex 0.6955460646735814 72.69554606467358 0
      vertex 0 72 0
    endloop
  endfacet
  facet normal 0 0 -1
    outer loop
      vertex 12 60 0
      vertex 12 60.69999991379735 0
      vertex 24 60.6999654327373 0
    endloop
  endfacet
  facet normal 0 0 -1
    outer loop
      vertex 12 71.3 0
      vertex 12 72 0
      vertex 12.335 72 0
    endloop
  endfacet
  facet normal 0 0 -1
    outer loop
      vertex 12 71.3 0
      vertex 12.335 72 0
      vertex 24 72.69651741293532 0
    endloop
  endfacet
  facet normal 0 0 -1
    outer loop
      vertex 23.97 47.97 0
      vertex 24.69458048638039 48.694580486380396 0
      vertex 24 47.97 0
    endloop
  endfacet
  facet normal 0 0 -1
    outer loop
      vertex 23.30348258706468 48 0
      vertex 23.301666666666666 48 0
      vertex 24 54 0
    endloop
  endfacet
  facet normal 0 0 -1
    outer loop
      vertex 23.97 47.97 0
      vertex 23.30348258706468 48 0
      vertex 24 54 0
    endloop
  endfacet
  facet normal 0 0 -1
    outer loop
      vertex 23.97 47.97 0
      vertex 24 54 0
      vertex 24.69458048638039 48.694580486380396 0
    endloop
  endfacet
  facet normal 0 0 -1
    outer loop
      vertex 24 47.97 0
      vertex 24.69458048638039 48.694580486380396 0
      vertex 24.699775614425665 48 0
    endloop
  endfacet
  facet normal 0 0 -1
    outer loop
      vertex 24.7 48 0
      vertex 24.699775614425665 48 0
      vertex 24.69458048638039 48.694580486380396 0
    endloop
  endfacet
  facet normal 0 0 -1
    outer loop
      vertex 24.7 48 0
      vertex 24.69458048638039 48.694580486380396 0
      vertex 24.7 48.7 0
    endloop
  endfacet
  facet normal 0 0 -1
    outer loop
      vertex 23.301666666666666 48 0
      vertex 24 59.3 0
      vertex 24 54 0
    endloop
  endfacet
  facet normal 0 0 -1
    outer loop
      vertex 18.000141401991016 60 0
      vertex 24 59.96843746702466 0
      vertex 23.966703223306094 59.9667032233061 0
    endloop
  endfacet
  facet normal 0 0 -1
    outer loop
      vertex 18.000141401991016 60 0
      vertex 24.03 60 0
      vertex 24 59.96843746702466 0
    endloop
  endfacet
  facet normal 0 0 -1
    outer loop
      vertex 18.000141401991016 60 0
      vertex 24.03 60.03 0
      vertex 24.03 60 0
    endloop
  endfacet
  facet normal 0 0 -1
    outer loop
      vertex 23.30419924584268 59.304199245842675 0
      vertex 24 59.96843746702466 0
      vertex 24 59.764581489121305 0
    endloop
  endfacet
  facet normal 0 0 -1
    outer loop
      vertex 23.30419924584268 59.304199245842675 0
      vertex 23.966703223306094 59.9667032233061 0
      vertex 24 59.96843746702466 0
    endloop
  endfacet
  facet normal 0 0 -1
    outer loop
      vertex 24.03 60 0
      vertex 24.03 60.03 0
      vertex 30.019327326665906 60 0
    endloop
  endfacet
  facet normal 0 0 -1
    outer loop
      vertex 30.36317500000004 60 0
      vertex 36 59.9713596748148 0
      vertex 35.96802751414828 59.96802751414828 0
    endloop
  endfacet
  facet normal 0 0 -1
    outer loop
      vertex 30.36317500000004 60 0
      vertex 35.972645401678804 60 0
      vertex 36 59.9713596748148 0
    endloop
  endfacet
  facet normal 0 0 -1
    outer loop
      vertex 12 60 0
      vertex 24 60.6999654327373 0
      vertex 18.000141401991016 60 0
    endloop
  endfacet
  facet normal 0 0 -1
    outer loop
      vertex 18.000141401991016 60 0
      vertex 24 60.69648267866406 0
      vertex 24.03 60.03 0
    endloop
  endfacet
  facet normal 0 0 -1
    outer loop
      vertex 18.000141401991016 60 0
      vertex 24 60.6999654327373 0
      vertex 24 60.69648267866406 0
    endloop
  endfacet
  facet normal 0 0 -1
    outer loop
      vertex 24.03 60.03 0
      vertex 24.69524931865626 60.69524931865626 0
      vertex 30.019327326665906 60 0
    endloop
  endfacet
  facet normal 0 0 -1
    outer loop
      vertex 12 71.3 0
      vertex 24.03 72.03 0
      vertex 24 71.3 0
    endloop
  endfacet
  facet normal 0 0 -1
    outer loop
      vertex 12 71.3 0
      vertex 24 72.69651741293532 0
      vertex 24.03 72.03 0
    endloop
  endfacet
  facet normal 0 0 -1
    outer loop
      vertex 24 71.3 0
      vertex 24.03 72.03 0
      vertex 24.03 72 0
    endloop
  endfacet
  facet normal 0 0 -1
    outer loop
      vertex 35.30330072365843 71.30330072365844 0
      vertex 35.30351760063327 72 0
      vertex 35.306168345336324 71.30616834533633 0
    endloop
  endfacet
  facet normal 0 0 -1
    outer loop
      vertex 35.306168345336324 71.30616834533633 0
      vertex 35.30351760063327 72 0
      vertex 36 71.97235325934395 0
    endloop
  endfacet
  facet normal -1 0 0
    outer loop
      vertex -0.7 47.97 32.2
      vertex -0.7 60.03 0
      vertex -0.7 48.03 0
    endloop
  endfacet
  facet normal -1 0 0
    outer loop
      vertex -0.7 60.03 0
      vertex -0.7 60.03 32.2
      vertex -0.7 71.97 0
    endloop
  endfacet
  facet normal 0 0 -1
    outer loop
      vertex -0.6930348258706465 72.03 0
      vertex 0 78 0
      vertex 0.6955460646735814 72.69554606467358 0
    endloop
  endfacet
  facet normal 0 0 -1
    outer loop
      vertex -0.7 72.03 0
      vertex -0.7 84.03 0
      vertex -0.6930348258706465 72.03 0
    endloop
  endfacet
  facet normal 0 0 -1
    outer loop
      vertex -0.6930348258706465 72.03 0
      vertex -0.6930348258706465 84.03 0
      vertex 0 78 0
    endloop
  endfacet
  facet normal 0 0 -1
    outer loop
      vertex -0.6930348258706465 72.03 0
      vertex -0.7 84.03 0
      vertex -0.6930348258706465 84.03 0
    endloop
  endfacet
  facet normal 0 0 -1
    outer loop
      vertex 0 78 0
      vertex -0.6930348258706465 84.03 0
      vertex 0 83.97261506880137 0
    endloop
  endfacet
  facet normal 0 0 -1
    outer loop
      vertex -0.6930348258706465 84.03 0
      vertex -0.03 84.00129863603733 0
      vertex 0 83.97261506880137 0
    endloop
  endfacet
  facet normal 0 0 -1
    outer loop
      vertex -0.03 84.00129863603733 0
      vertex 0 84.03027210282046 0
      vertex 0 83.97261506880137 0
    endloop
  endfacet
  facet normal 0 0 -1
    outer loop
      vertex 0 83.97261506880137 0
      vertex 0 84.03027210282046 0
      vertex 0.656774437987377 84 0
    endloop
  endfacet
  facet normal 0 0 -1
    outer loop
      vertex 0 84.03027210282046 0
      vertex 0.6930945682987836 84.69309456829878 0
      vertex 0.656774437987377 84 0
    endloop
  endfacet
  facet normal 0 0 -1
    outer loop
      vertex 0.656774437987377 84 0
      vertex 0.6930945682987836 84.69309456829878 0
      vertex 0.7 84 0
    endloop
  endfacet
  facet normal 0 0 -1
    outer loop
      vertex 0.7 84 0
      vertex 0.6930945682987836 84.69309456829878 0
      vertex 0.7 84.7 0
    endloop
  endfacet
  facet normal 0 0 -1
    outer loop
      vertex 0.7 84 0
      vertex 12 84.7 0
      vertex 11.50323318512424 84 0
    endloop
  endfacet
  facet normal 0 0 -1
    outer loop
      vertex 11.303482587064677 72 0
      vertex 12.700000000000001 84 0
      vertex 11.97 71.97 0
    endloop
  endfacet
  facet normal 0 0 -1
    outer loop
      vertex 12 72 0
      vertex 11.97 71.97 0
      vertex 12.700000000000001 84 0
    endloop
  endfacet
  facet normal 0 0 -1
    outer loop
      vertex 12 72 0
      vertex 12.700000000000001 84 0
      vertex 12.700000000000001 72.7 0
    endloop
  endfacet
  facet normal 0 0 -1
    outer loop
      vertex 11.303482587064677 72 0
      vertex 12 83.66499999999999 0
      vertex 12.700000000000001 84 0
    endloop
  endfacet
  facet normal 0 0 -1
    outer loop
      vertex 11.3 83.3 0
      vertex 11.50323318512424 84 0
      vertex 12 84 0
    endloop
  endfacet
  facet normal 0 0 -1
    outer loop
      vertex 11.50323318512424 84 0
      vertex 12.030000000000001 84.03 0
      vertex 12 84 0
    endloop
  endfacet
  facet normal 0 0 -1
    outer loop
      vertex 12 83.66499999999999 0
      vertex 12 84 0
      vertex 12.700000000000001 84 0
    endloop
  endfacet
  facet normal 0 0 -1
    outer loop
      vertex 11.50323318512424 84 0
      vertex 12 84.69651741293532 0
      vertex 12.030000000000001 84.03 0
    endloop
  endfacet
  facet normal 0 0 -1
    outer loop
      vertex 11.50323318512424 84 0
      vertex 12 84.7 0
      vertex 12 84.69651741293532 0
    endloop
  endfacet
  facet normal 0 0 -1
    outer loop
      vertex -0.7 84.03 0
      vertex -0.7 96.03 0
      vertex -0.6930348258706465 84.03 0
    endloop
  endfacet
  facet normal 0 0 -1
    outer loop
      vertex -0.6930348258706465 84.03 0
      vertex 0 96 0
      vertex -0.03 84.00129863603733 0
    endloop
  endfacet
  facet normal 0 0 -1
    outer loop
      vertex -0.03 84.00129863603733 0
      vertex 0 96 0
      vertex 0 84.03027210282046 0
    endloop
  endfacet
  facet normal 0 0 -1
    outer loop
      vertex -0.6930348258706465 84.03 0
      vertex -0.7 96.03 0
      vertex 0 96 0
    endloop
  endfacet
  facet normal 0 0 -1
    outer loop
      vertex -0.7 96.03 0
      vertex -0.03 96.03 0
      vertex 0 96 0
    endloop
  endfacet
  facet normal 0 0 -1
    outer loop
      vertex -0.03 96.03 0
      vertex 5.999999999999981 96 0
      vertex 0 96 0
    endloop
  endfacet
  facet normal 0 0 -1
    outer loop
      vertex -0.03 96.03 0
      vertex -0.03 96.7 0
      vertex 11.97 96.69303482587065 0
    endloop
  endfacet
  facet normal 0 0 -1
    outer loop
      vertex -0.03 96.03 0
      vertex 11.97 96.69303482587065 0
      vertex 5.999999999999981 96 0
    endloop
  endfacet
  facet normal 0 0 -1
    outer loop
      vertex -0.03 96.7 0
      vertex 11.97 96.7 0
      vertex 11.97 96.69303482587065 0
    endloop
  endfacet
  facet normal 0 0 -1
    outer loop
      vertex 5.999999999999981 96 0
      vertex 11.97 95.97 0
      vertex 11.305000357825646 95.30500035782565 0
    endloop
  endfacet
  facet normal 0 0 -1
    outer loop
      vertex 5.999999999999981 96 0
      vertex 11.97 96.69303482587065 0
      vertex 11.97 95.97 0
    endloop
  endfacet
  facet normal 0 0 -1
    outer loop
      vertex 12 95.30348258706466 0
      vertex 11.97 95.97 0
      vertex 12 96 0
    endloop
  endfacet
  facet normal 0 0 -1
    outer loop
      vertex 11.97 95.97 0
      vertex 11.97 96.69303482587065 0
      vertex 12 96 0
    endloop
  endfacet
  facet normal 0 0 -1
    outer loop
      vertex 12 96 0
      vertex 11.97 96.69303482587065 0
      vertex 18.000149253731365 96 0
    endloop
  endfacet
  facet normal 0 0 -1
    outer loop
      vertex 11.97 96.69303482587065 0
      vertex 11.97 96.7 0
      vertex 24.029701492537352 96.69996534739239 0
    endloop
  endfacet
  facet normal 0 0 -1
    outer loop
      vertex 23.97 84 0
      vertex 24.700000000000003 84.7 0
      vertex 23.97 83.97 0
    endloop
  endfacet
  facet normal 0 0 -1
    outer loop
      vertex 23.97 84 0
      vertex 24 84.7 0
      vertex 24.700000000000003 84.7 0
    endloop
  endfacet
  facet normal 0 0 -1
    outer loop
      vertex 24 83.3 0
      vertex 24 83.30348258706468 0
      vertex 35.3 83.3 0
    endloop
  endfacet
  facet normal 0 0 -1
    outer loop
      vertex 24 83.30348258706468 0
      vertex 23.97 83.97 0
      vertex 36 84.69651741293532 0
    endloop
  endfacet
  facet normal 0 0 -1
    outer loop
      vertex 23.97 83.97 0
      vertex 24.700000000000003 84.7 0
      vertex 36 84.69651741293532 0
    endloop
  endfacet
  facet normal 0 0 -1
    outer loop
      vertex 24 83.30348258706468 0
      vertex 36 84.69651741293532 0
      vertex 35.3 83.3 0
    endloop
  endfacet
  facet normal 0 0 -1
    outer loop
      vertex 11.97 96.69303482587065 0
      vertex 24.029701492537352 96.69996534739239 0
      vertex 18.000149253731365 96 0
    endloop
  endfacet
  facet normal 0 0 -1
    outer loop
      vertex 11.97 96.7 0
      vertex 24.03 96.7 0
      vertex 24.029701492537352 96.69996534739239 0
    endloop
  endfacet
  facet normal 0 0 -1
    outer loop
      vertex 18.000149253731365 96 0
      vertex 24.03 96 0
      vertex 23.30042346896494 95.30042346896494 0
    endloop
  endfacet
  facet normal 0 0 -1
    outer loop
      vertex 18.000149253731365 96 0
      vertex 24.03 96.69996517412936 0
      vertex 24.03 96 0
    endloop
  endfacet
  facet normal 0 0 -1
    outer loop
      vertex 18.000149253731365 96 0
      vertex 24.029701492537352 96.69996534739239 0
      vertex 24.03 96.69996517412936 0
    endloop
  endfacet
  facet normal 0 0 -1
    outer loop
      vertex 23.299999999999997 95.3 0
      vertex 23.30042346896494 95.30042346896494 0
      vertex 24 95.3 0
    endloop
  endfacet
  facet normal 0 0 -1
    outer loop
      vertex 23.30042346896494 95.30042346896494 0
      vertex 24 95.30001741293532 0
      vertex 24 95.3 0
    endloop
  endfacet
  facet normal 0 0 -1
    outer loop
      vertex 23.30042346896494 95.30042346896494 0
      vertex 24.03 96 0
      vertex 24 95.30001741293532 0
    endloop
  endfacet
  facet normal 0 0 -1
    outer loop
      vertex 24.03 96.69996517412936 0
      vertex 24.029701492537352 96.69996534739239 0
      vertex 24.03 96.7 0
    endloop
  endfacet
  facet normal 0 0 -1
    outer loop
      vertex 24.03 96 0
      vertex 24.03 96.69996517412936 0
      vertex 35.3 95.3 0
    endloop
  endfacet
  facet normal 0 0 -1
    outer loop
      vertex 24.03 96.69996517412936 0
      vertex 24.03 96.7 0
      vertex 35.97 96.69303482587065 0
    endloop
  endfacet
  facet normal 0 0 -1
    outer loop
      vertex 24.03 96.69996517412936 0
      vertex 36 96 0
      vertex 35.3 95.3 0
    endloop
  endfacet
  facet normal 0 0 -1
    outer loop
      vertex 24.03 96.69996517412936 0
      vertex 35.97 96.69303482587065 0
      vertex 36 96 0
    endloop
  endfacet
  facet normal 0 0 -1
    outer loop
      vertex 24.03 96.7 0
      vertex 36.03 96.7 0
      vertex 35.97 96.69303482587065 0
    endloop
  endfacet
  facet normal -1 0 0
    outer loop
      vertex -0.7 71.97 0
      vertex -0.7 84.03 32.2
      vertex -0.7 72.03 0
    endloop
  endfacet
  facet normal -1 0 0
    outer loop
      vertex -0.7 72.03 0
      vertex -0.7 84.03 32.2
      vertex -0.7 84.03 0
    endloop
  endfacet
  facet normal -1 0 0
    outer loop
      vertex -0.7 84.03 0
      vertex -0.7 84.03 32.2
      vertex -0.7 96.03 0
    endloop
  endfacet
  facet normal 0 1 0
    outer loop
      vertex -0.7 96.03 0
      vertex -0.03 96.03 32.2
      vertex -0.03 96.03 0
    endloop
  endfacet
  facet normal -1 0 0
    outer loop
      vertex -0.03 96.03 0
      vertex -0.03 96.03 32.2
      vertex -0.03 96.7 0
    endloop
  endfacet
  facet normal 0 1 0
    outer loop
      vertex -0.03 96.7 0
      vertex -0.03 96.7 32.2
      vertex 11.97 96.7 0
    endloop
  endfacet
  facet normal 0 1 0
    outer loop
      vertex 11.97 96.7 0
      vertex 11.97 96.7 32.2
      vertex 24.03 96.7 0
    endloop
  endfacet
  facet normal 0 1 0
    outer loop
      vertex 24.03 96.7 0
      vertex 24.03 96.7 32.2
      vertex 36.03 96.7 0
    endloop
  endfacet
  facet normal 0 0 -1
    outer loop
      vertex 35.97 47.97 0
      vertex 35.97 48 0
      vertex 36.69957653103505 48.69957653103505 0
    endloop
  endfacet
  facet normal 0 0 -1
    outer loop
      vertex 35.97 48 0
      vertex 36 48.699982587064675 0
      vertex 36.69957653103505 48.69957653103505 0
    endloop
  endfacet
  facet normal 0 0 -1
    outer loop
      vertex 35.97 47.97 0
      vertex 36.69957653103505 48.69957653103505 0
      vertex 42.00000000000005 48 0
    endloop
  endfacet
  facet normal 0 0 -1
    outer loop
      vertex 35.3 59.3 0
      vertex 36 59.9713596748148 0
      vertex 36 59.3 0
    endloop
  endfacet
  facet normal 0 0 -1
    outer loop
      vertex 35.3 59.3 0
      vertex 35.96802751414828 59.96802751414828 0
      vertex 36 59.9713596748148 0
    endloop
  endfacet
  facet normal 0 0 -1
    outer loop
      vertex 36 59.9713596748148 0
      vertex 35.972645401678804 60 0
      vertex 36.030027772343765 60 0
    endloop
  endfacet
  facet normal 0 0 -1
    outer loop
      vertex 48 48 0
      vertex 48 48.69651741293532 0
      vertex 48.03 48.03 0
    endloop
  endfacet
  facet normal 0 0 -1
    outer loop
      vertex 48 48 0
      vertex 48.03 48.03 0
      vertex 53.636825000000016 48 0
    endloop
  endfacet
  facet normal 0 0 -1
    outer loop
      vertex 48.03 48.03 0
      vertex 48.699999999999996 48.699999999999996 0
      vertex 53.636825000000016 48 0
    endloop
  endfacet
  facet normal 0 0 -1
    outer loop
      vertex 42.00000000000003 60 0
      vertex 47.97 59.97 0
      vertex 47.30039061523982 59.30039061523982 0
    endloop
  endfacet
  facet normal 0 0 -1
    outer loop
      vertex 42.00000000000003 60 0
      vertex 48 60 0
      vertex 47.97 59.97 0
    endloop
  endfacet
  facet normal 0 0 -1
    outer loop
      vertex 48 59.30348258706468 0
      vertex 47.97 59.97 0
      vertex 48 60 0
    endloop
  endfacet
  facet normal 0 0 -1
    outer loop
      vertex 35.972645401678804 60 0
      vertex 36 60.657460507861195 0
      vertex 36.030027772343765 60 0
    endloop
  endfacet
  facet normal 0 0 -1
    outer loop
      vertex 36.030027772343765 60 0
      vertex 36 60.657460507861195 0
      vertex 36.69958411551076 60.69958411551076 0
    endloop
  endfacet
  facet normal 0 0 -1
    outer loop
      vertex 36 60.657460507861195 0
      vertex 36.699999999999996 60.699999999999996 0
      vertex 36.69958411551076 60.69958411551076 0
    endloop
  endfacet
  facet normal 0 0 -1
    outer loop
      vertex 36 60.657460507861195 0
      vertex 36 65.63500000000003 0
      vertex 36.699999999999996 60.699999999999996 0
    endloop
  endfacet
  facet normal 0 0 -1
    outer loop
      vertex 35.306168345336324 71.30616834533633 0
      vertex 36 71.97235325934395 0
      vertex 36 66.34406912804401 0
    endloop
  endfacet
  facet normal 0 0 -1
    outer loop
      vertex 35.30351760063327 72 0
      vertex 35.64755171510866 72 0
      vertex 36 71.97235325934395 0
    endloop
  endfacet
  facet normal 0 0 -1
    outer loop
      vertex 36.031666666666666 72 0
      vertex 36.69999999999984 72.69999999999983 0
      vertex 36.23541851087869 72 0
    endloop
  endfacet
  facet normal 0 0 -1
    outer loop
      vertex 36.699999999999996 72 0
      vertex 48 72.69833333333334 0
      vertex 42.000000000000014 72 0
    endloop
  endfacet
  facet normal 0 0 -1
    outer loop
      vertex 48 60 0
      vertex 48 60.69977561442566 0
      vertex 48.69458048638039 60.69458048638039 0
    endloop
  endfacet
  facet normal 0 0 -1
    outer loop
      vertex 48 60 0
      vertex 48.69458048638039 60.69458048638039 0
      vertex 54.00000000000002 60 0
    endloop
  endfacet
  facet normal 0 0 -1
    outer loop
      vertex 42.000000000000014 72 0
      vertex 48.03 72.03 0
      vertex 47.30541951361961 71.30541951361961 0
    endloop
  endfacet
  facet normal 0 0 -1
    outer loop
      vertex 42.000000000000014 72 0
      vertex 48 72.69651741293532 0
      vertex 48.03 72.03 0
    endloop
  endfacet
  facet normal 0 0 -1
    outer loop
      vertex 47.3 71.3 0
      vertex 47.30541951361961 71.30541951361961 0
      vertex 48 71.3 0
    endloop
  endfacet
  facet normal 0 0 -1
    outer loop
      vertex 47.30541951361961 71.30541951361961 0
      vertex 48 71.30022438557434 0
      vertex 48 71.3 0
    endloop
  endfacet
  facet normal 0 0 -1
    outer loop
      vertex 47.30541951361961 71.30541951361961 0
      vertex 48.03 72 0
      vertex 48 71.30022438557434 0
    endloop
  endfacet
  facet normal 0 0 -1
    outer loop
      vertex 47.30541951361961 71.30541951361961 0
      vertex 48.03 72.03 0
      vertex 48.03 72 0
    endloop
  endfacet
  facet normal 0 0 -1
    outer loop
      vertex 60 48 0
      vertex 60.36318407960199 60 0
      vertex 60.699999999999996 48 0
    endloop
  endfacet
  facet normal 0 0 -1
    outer loop
      vertex 60 48 0
      vertex 60 59.50684931506844 0
      vertex 60.36318407960199 60 0
    endloop
  endfacet
  facet normal 0 0 -1
    outer loop
      vertex 60.699999999999996 48 0
      vertex 60.36318407960199 60 0
      vertex 60.699999999999996 60 0
    endloop
  endfacet
  facet normal 0 0 -1
    outer loop
      vertex 59.30348258706467 60 0
      vertex 59.94275199345737 60 0
      vertex 59.97 59.97 0
    endloop
  endfacet
  facet normal 0 0 -1
    outer loop
      vertex 71.64642750963904 48 0
      vertex 72 53.635 0
      vertex 72 47.97234636221996 0
    endloop
  endfacet
  facet normal 0 0 -1
    outer loop
      vertex 71.78862606945144 59.78862606945143 0
      vertex 72 60 0
      vertex 72 54.0282796543598 0
    endloop
  endfacet
  facet normal 0 0 -1
    outer loop
      vertex 71.3607305936073 60 0
      vertex 72 60 0
      vertex 71.78862606945144 59.78862606945143 0
    endloop
  endfacet
  facet normal 0 0 -1
    outer loop
      vertex 59.97 59.97 0
      vertex 59.94275199345737 60 0
      vertex 60 66.00000000000004 0
    endloop
  endfacet
  facet normal 0 0 -1
    outer loop
      vertex 60 59.97 0
      vertex 59.97 59.97 0
      vertex 60.69651741293532 72 0
    endloop
  endfacet
  facet normal 0 0 -1
    outer loop
      vertex 60 59.97 0
      vertex 60.69651741293532 72 0
      vertex 60.02804386030049 60 0
    endloop
  endfacet
  facet normal 0 0 -1
    outer loop
      vertex 60.02804386030049 60 0
      vertex 60.69651741293532 72 0
      vertex 60.36318407960199 60 0
    endloop
  endfacet
  facet normal 0 0 -1
    outer loop
      vertex 60.36318407960199 60 0
      vertex 60.69651741293532 72 0
      vertex 60.699999999999996 60.699999999999996 0
    endloop
  endfacet
  facet normal 0 0 -1
    outer loop
      vertex 59.97 59.97 0
      vertex 60 66.00000000000004 0
      vertex 60.69651741293532 72 0
    endloop
  endfacet
  facet normal 0 0 -1
    outer loop
      vertex 60.699999999999996 60.699999999999996 0
      vertex 60.69651741293532 72 0
      vertex 60.699999999999996 72 0
    endloop
  endfacet
  facet normal 0 0 -1
    outer loop
      vertex 60 66.00000000000004 0
      vertex 59.30482743626808 71.30482743626808 0
      vertex 60.03 72.03 0
    endloop
  endfacet
  facet normal 0 0 -1
    outer loop
      vertex 60 66.00000000000004 0
      vertex 60.03 72.03 0
      vertex 60.69651741293532 72 0
    endloop
  endfacet
  facet normal 0 0 -1
    outer loop
      vertex 59.30482743626808 71.30482743626808 0
      vertex 59.300199708449114 72 0
      vertex 60 72.03 0
    endloop
  endfacet
  facet normal 0 0 -1
    outer loop
      vertex 59.30482743626808 71.30482743626808 0
      vertex 60 72.03 0
      vertex 60.03 72.03 0
    endloop
  endfacet
  facet normal 0 1 0
    outer loop
      vertex 36 48.699999999999996 15.758333333333333
      vertex 35.97 48.699999999999996 15.758333333333331
      vertex 36 48.699999999999996 16.7
    endloop
  endfacet
  facet normal -1 0 0
    outer loop
      vertex 71.3 47.97 16.059850374064837
      vertex 71.3 60 13.7
      vertex 71.3 48 12.7
    endloop
  endfacet
  facet normal 0 1 0
    outer loop
      vertex 60 72.03 14.702499999999999
      vertex 60 72.03 15.7
      vertex 60.699999999999996 72.03 14.702499999999999
    endloop
  endfacet
  facet normal -1 0 0
    outer loop
      vertex 59.3 72 15.758333333333333
      vertex 59.3 72 16.7
      vertex 59.3 72.03 15.758333333333333
    endloop
  endfacet
  facet normal 0 1 0
    outer loop
      vertex 71.97 60.699999999999996 13.758333333333331
      vertex 72 60.699999999999996 14.7
      vertex 72 60.699999999999996 13.758333333333333
    endloop
  endfacet
  facet normal 0 -1 0
    outer loop
      vertex 71.97 71.3 14.641666666666666
      vertex 72 71.3 14.641666666666666
      vertex 72 71.3 14.7
    endloop
  endfacet
  facet normal 0 0 -1
    outer loop
      vertex 35.64755171510866 72 0
      vertex 36 78.00000000000004 0
      vertex 36 71.97235325934395 0
    endloop
  endfacet
  facet normal 0 0 -1
    outer loop
      vertex 36 71.97235325934395 0
      vertex 36 78.00000000000004 0
      vertex 36.031666666666666 72 0
    endloop
  endfacet
  facet normal 0 0 -1
    outer loop
      vertex 36.031666666666666 72 0
      vertex 36.699999999999996 84 0
      vertex 36.69999999999984 72.69999999999983 0
    endloop
  endfacet
  facet normal 0 0 -1
    outer loop
      vertex 36.031666666666666 72 0
      vertex 36 78.00000000000004 0
      vertex 36.699999999999996 84 0
    endloop
  endfacet
  facet normal 0 0 -1
    outer loop
      vertex 36 78.00000000000004 0
      vertex 36 84 0
      vertex 36.699999999999996 84 0
    endloop
  endfacet
  facet normal 0 0 -1
    outer loop
      vertex 35.3 83.3 0
      vertex 36 84.64246575342466 0
      vertex 36 84 0
    endloop
  endfacet
  facet normal 0 0 -1
    outer loop
      vertex 35.3 83.3 0
      vertex 36 84.69651741293532 0
      vertex 36 84.64246575342466 0
    endloop
  endfacet
  facet normal 0 0 -1
    outer loop
      vertex 36.03 84.03 0
      vertex 36 84 0
      vertex 36 84.64246575342466 0
    endloop
  endfacet
  facet normal 0 0 -1
    outer loop
      vertex 42.000000000000014 72 0
      vertex 48 72.69833333333334 0
      vertex 48 72.69651741293532 0
    endloop
  endfacet
  facet normal 0 0 -1
    outer loop
      vertex 47.97 83.97 0
      vertex 47.97 84 0
      vertex 48.69486269944931 84.69486269944932 0
    endloop
  endfacet
  facet normal 0 0 -1
    outer loop
      vertex 47.97 84 0
      vertex 48 84.69978738178052 0
      vertex 48.69486269944931 84.69486269944932 0
    endloop
  endfacet
  facet normal 0 0 -1
    outer loop
      vertex 48 83.3 0
      vertex 48 83.30348258706468 0
      vertex 53.999999999999986 84 0
    endloop
  endfacet
  facet normal 0 0 -1
    outer loop
      vertex 48 83.30348258706468 0
      vertex 47.97 83.97 0
      vertex 53.999999999999986 84 0
    endloop
  endfacet
  facet normal 0 0 -1
    outer loop
      vertex 47.97 83.97 0
      vertex 48.69486269944931 84.69486269944932 0
      vertex 53.999999999999986 84 0
    endloop
  endfacet
  facet normal 0 0 -1
    outer loop
      vertex 35.3 95.3 0
      vertex 36 96 0
      vertex 36 95.3 0
    endloop
  endfacet
  facet normal 0 0 -1
    outer loop
      vertex 36 96 0
      vertex 35.97 96.69303482587065 0
      vertex 36.03 96 0
    endloop
  endfacet
  facet normal 0 0 -1
    outer loop
      vertex 36.03 96 0
      vertex 35.97 96.69303482587065 0
      vertex 36.03 96.7 0
    endloop
  endfacet
  facet normal 0 0 -1
    outer loop
      vertex 36.03 96 0
      vertex 36.03 96.7 0
      vertex 47.30042346896494 95.30042346896494 0
    endloop
  endfacet
  facet normal 0 0 -1
    outer loop
      vertex 36.03 96.7 0
      vertex 47.97 95.97 0
      vertex 47.30042346896494 95.30042346896494 0
    endloop
  endfacet
  facet normal 0 0 -1
    outer loop
      vertex 36.03 96.7 0
      vertex 47.97 96.7 0
      vertex 47.97 95.97 0
    endloop
  endfacet
  facet normal 0 0 -1
    outer loop
      vertex 48 84.69978738178052 0
      vertex 48 84.69998258706468 0
      vertex 48.69486269944931 84.69486269944932 0
    endloop
  endfacet
  facet normal 0 0 -1
    outer loop
      vertex 48 84.69998258706468 0
      vertex 48.699576531035056 84.69957653103506 0
      vertex 48.69486269944931 84.69486269944932 0
    endloop
  endfacet
  facet normal 0 0 -1
    outer loop
      vertex 48 95.30351732630166 0
      vertex 47.97 95.97 0
      vertex 47.97 96.7 0
    endloop
  endfacet
  facet normal 0 0 -1
    outer loop
      vertex 48 95.3 0
      vertex 48 95.30351732630166 0
      vertex 60.02970149253735 96.69996534739239 0
    endloop
  endfacet
  facet normal 0 0 -1
    outer loop
      vertex 48 95.30351732630166 0
      vertex 47.97 96.7 0
      vertex 60.02970149253735 96.69996534739239 0
    endloop
  endfacet
  facet normal 0 0 -1
    outer loop
      vertex 48 83.3 0
      vertex 53.999999999999986 84 0
      vertex 60 84 0
    endloop
  endfacet
  facet normal 0 0 -1
    outer loop
      vertex 48 83.3 0
      vertex 60 84 0
      vertex 60 83.3 0
    endloop
  endfacet
  facet normal 0 0 -1
    outer loop
      vertex 60.06060315964918 84 0
      vertex 60 84 0
      vertex 60.62212811164918 84.62212811164919 0
    endloop
  endfacet
  facet normal 0 0 -1
    outer loop
      vertex 60.06085460390055 84 0
      vertex 71.97 83.97 0
      vertex 71.33562995467139 83.33562995467139 0
    endloop
  endfacet
  facet normal 0 0 -1
    outer loop
      vertex 60.06085460390055 84 0
      vertex 71.97 84 0
      vertex 71.97 83.97 0
    endloop
  endfacet
  facet normal 0 0 -1
    outer loop
      vertex 60 84 0
      vertex 60 90.00000000000004 0
      vertex 60.62212811164918 84.62212811164919 0
    endloop
  endfacet
  facet normal 0 0 -1
    outer loop
      vertex 60.62212811164918 84.62212811164919 0
      vertex 60 90.00000000000004 0
      vertex 60.69458048638039 84.69458048638039 0
    endloop
  endfacet
  facet normal 0 0 -1
    outer loop
      vertex 48 95.3 0
      vertex 59.30000182386169 95.30000182386169 0
      vertex 59.3 95.3 0
    endloop
  endfacet
  facet normal 0 0 -1
    outer loop
      vertex 48 95.3 0
      vertex 60 95.7645814891213 0
      vertex 59.30000182386169 95.30000182386169 0
    endloop
  endfacet
  facet normal 0 0 -1
    outer loop
      vertex 48 95.3 0
      vertex 60 95.96833337828186 0
      vertex 60 95.7645814891213 0
    endloop
  endfacet
  facet normal 0 0 -1
    outer loop
      vertex 48 95.3 0
      vertex 60.03 96 0
      vertex 60 95.96833337828186 0
    endloop
  endfacet
  facet normal 0 0 -1
    outer loop
      vertex 48 95.3 0
      vertex 60.03 96.69996517412936 0
      vertex 60.03 96 0
    endloop
  endfacet
  facet normal 0 0 -1
    outer loop
      vertex 48 95.3 0
      vertex 60.02970149253735 96.69996534739239 0
      vertex 60.03 96.69996517412936 0
    endloop
  endfacet
  facet normal 0 0 -1
    outer loop
      vertex 47.97 96.7 0
      vertex 60.03 96.7 0
      vertex 60.02970149253735 96.69996534739239 0
    endloop
  endfacet
  facet normal 0 0 -1
    outer loop
      vertex 60.03 96.69996517412936 0
      vertex 60.02970149253735 96.69996534739239 0
      vertex 60.03 96.7 0
    endloop
  endfacet
  facet normal 0 0 -1
    outer loop
      vertex 60.03 96 0
      vertex 60.03 96.69996517412936 0
      vertex 66.36317499999998 96 0
    endloop
  endfacet
  facet normal 0 0 -1
    outer loop
      vertex 60.03 96.69996517412936 0
      vertex 60.03 96.7 0
      vertex 71.97 96.69303482587065 0
    endloop
  endfacet
  facet normal 0 0 -1
    outer loop
      vertex 60.03 96.69996517412936 0
      vertex 71.97 96.69303482587065 0
      vertex 66.36317499999998 96 0
    endloop
  endfacet
  facet normal 0 0 -1
    outer loop
      vertex 60.03 96.7 0
      vertex 72.03 96.7 0
      vertex 71.97 96.69303482587065 0
    endloop
  endfacet
  facet normal 0 0 -1
    outer loop
      vertex 66.36317499999998 96 0
      vertex 72 96 0
      vertex 71.3065204114362 95.3065204114362 0
    endloop
  endfacet
  facet normal 0 0 -1
    outer loop
      vertex 66.36317499999998 96 0
      vertex 71.97 96.69303482587065 0
      vertex 72 96 0
    endloop
  endfacet
  facet normal 0 0 -1
    outer loop
      vertex 71.3 95.3 0
      vertex 71.3065204114362 95.3065204114362 0
      vertex 72 95.3 0
    endloop
  endfacet
  facet normal 0 0 -1
    outer loop
      vertex 71.3065204114362 95.3065204114362 0
      vertex 72 96 0
      vertex 72 95.3 0
    endloop
  endfacet
  facet normal 0 1 0
    outer loop
      vertex 36.03 96.7 0
      vertex 36.03 96.7 32.2
      vertex 47.97 96.7 0
    endloop
  endfacet
  facet normal 0 1 0
    outer loop
      vertex 47.97 96.7 0
      vertex 47.97 96.7 32.2
      vertex 60.03 96.7 0
    endloop
  endfacet
  facet normal 0 1 0
    outer loop
      vertex 71.97 72.7 14.758333333333333
      vertex 72 72.7 15.7
      vertex 72 72.7 14.758333333333333
    endloop
  endfacet
  facet normal 0 -1 0
    outer loop
      vertex 60 83.3 15.641666666666666
      vertex 72 83.3 15.641666666666666
      vertex 72 83.3 15.7
    endloop
  endfacet
  facet normal 0 1 0
    outer loop
      vertex 60.03 96.7 0
      vertex 60.03 96.7 32.2
      vertex 72.03 96.7 0
    endloop
  endfacet
  facet normal -1 0 0
    outer loop
      vertex -0.7 47.97 32.2
      vertex -0.7 60.03 32.2
      vertex -0.7 60.03 0
    endloop
  endfacet
  facet normal 1 0 0
    outer loop
      vertex 12.700000000000001 48 16.7
      vertex 12.700000000000001 59.3 17.641666666666666
      vertex 12.700000000000001 59.3 32.2
    endloop
  endfacet
  facet normal -1 0 0
    outer loop
      vertex -0.7 71.97 0
      vertex -0.7 60.03 32.2
      vertex -0.7 71.97 32.2
    endloop
  endfacet
  facet normal 0 -1 0
    outer loop
      vertex 24.7 59.3 16.641666666666666
      vertex 36 59.3 16.641666666666666
      vertex 36 59.3 16.7
    endloop
  endfacet
  facet normal -1 0 0
    outer loop
      vertex 23.3 47.97 32.2
      vertex 23.3 59.3 17.641666666666666
      vertex 23.3 48 16.7
    endloop
  endfacet
  facet normal 1 0 0
    outer loop
      vertex 24.7 48 15.7
      vertex 24.7 59.3 16.641666666666666
      vertex 24.7 59.3 32.2
    endloop
  endfacet
  facet normal 0 -1 0
    outer loop
      vertex 12.700000000000001 59.3 17.641666666666666
      vertex 23.3 59.3 17.641666666666666
      vertex 23.3 59.3 32.2
    endloop
  endfacet
  facet normal 0 -1 0
    outer loop
      vertex 24.7 59.3 16.641666666666666
      vertex 36 59.3 16.7
      vertex 36.03 59.3 32.2
    endloop
  endfacet
  facet normal 1 0 0
    outer loop
      vertex 24.03 72 21.7025
      vertex 24.03 72.7 21.7025
      vertex 24.03 72 22.7
    endloop
  endfacet
  facet normal 0 -1 0
    outer loop
      vertex 24 71.3 22.758333333333333
      vertex 24.03 71.3 22.758333333333333
      vertex 24 71.3 23.7
    endloop
  endfacet
  facet normal -6.287988812036286e-16 1 0
    outer loop
      vertex 24 60.699999999999996 23.641666666666666
      vertex 24 60.699999999999996 23.7
      vertex 35.3 60.7 23.641666666666666
    endloop
  endfacet
  facet normal 1 0 0
    outer loop
      vertex 0.7 48.699999999999996 26.641666666666666
      vertex 0.7 60 25.7
      vertex 0.7 60.03 32.03980099502487
    endloop
  endfacet
  facet normal 1 0 0
    outer loop
      vertex 0.7 60 25.641666666666666
      vertex 0.7 60.03 32.03980099502487
      vertex 0.7 60 25.7
    endloop
  endfacet
  facet normal 1 0 0
    outer loop
      vertex 12.700000000000001 47.97 32.2
      vertex 12.700000000000001 48 16.7
      vertex 12.700000000000001 59.3 32.2
    endloop
  endfacet
  facet normal -1 0 0
    outer loop
      vertex 11.3 60 24.758333333333333
      vertex 11.3 60 25.7
      vertex 11.3 60.03 24.758333333333333
    endloop
  endfacet
  facet normal 0 1 0
    outer loop
      vertex 11.3 60.03 24.758333333333333
      vertex 11.3 60.03 32.2
      vertex 11.97 60.03 24.7025
    endloop
  endfacet
  facet normal -1 0 0
    outer loop
      vertex 11.3 60.03 24.758333333333333
      vertex 11.3 60 25.7
      vertex 11.3 60.03 32.2
    endloop
  endfacet
  facet normal 0 -1 0
    outer loop
      vertex 12.700000000000001 59.3 17.641666666666666
      vertex 23.3 59.3 32.2
      vertex 12.700000000000001 59.3 32.2
    endloop
  endfacet
  facet normal -6.70323335622736e-16 1 0
    outer loop
      vertex 0.7 48.699999999999996 26.641666666666666
      vertex 0.7 48.699999999999996 32.2
      vertex 11.3 48.7 26.641666666666666
    endloop
  endfacet
  facet normal 0 0 1
    outer loop
      vertex -0.03 47.998701363962674 32.2
      vertex 0.62407132243685 48.62407132243685 32.2
      vertex 0.6198232120403043 48.66066575913852 32.2
    endloop
  endfacet
  facet normal 0 0 1
    outer loop
      vertex 0.62407132243685 48.62407132243685 32.2
      vertex 0.6934001253939529 48.6562120985458 32.2
      vertex 0.6198232120403043 48.66066575913852 32.2
    endloop
  endfacet
  facet normal 0 0 1
    outer loop
      vertex 0.6934001253939529 48.6562120985458 32.2
      vertex 0.7 48.699999999999996 32.2
      vertex 0.6934256689750574 48.699999999999996 32.2
    endloop
  endfacet
  facet normal 0 0 1
    outer loop
      vertex 0.6198232120403043 48.66066575913852 32.2
      vertex 0.6934001253939529 48.6562120985458 32.2
      vertex 0.6934256689750574 48.699999999999996 32.2
    endloop
  endfacet
  facet normal 1 0 0
    outer loop
      vertex 0.7 48.699999999999996 26.641666666666666
      vertex 0.7 60.03 32.03980099502487
      vertex 0.7 48.699999999999996 32.2
    endloop
  endfacet
  facet normal 0 0 1
    outer loop
      vertex -0.7 47.97 32.2
      vertex -0.6930348258706465 47.97 32.2
      vertex -0.7 60.03 32.2
    endloop
  endfacet
  facet normal 0 0 1
    outer loop
      vertex -0.6930348258706465 47.97 32.2
      vertex -0.03 47.998701363962674 32.2
      vertex -0.7 60.03 32.2
    endloop
  endfacet
  facet normal 0 0 1
    outer loop
      vertex -0.03 47.998701363962674 32.2
      vertex 0.6198232120403043 48.66066575913852 32.2
      vertex -0.7 60.03 32.2
    endloop
  endfacet
  facet normal 0 0 1
    outer loop
      vertex 0.6198232120403043 48.66066575913852 32.2
      vertex 0.6934256689750574 48.699999999999996 32.2
      vertex 0.7 59.97 32.2
    endloop
  endfacet
  facet normal 0 0 1
    outer loop
      vertex 0.6934256689750574 48.699999999999996 32.2
      vertex 0.7 48.699999999999996 32.2
      vertex 0.7 59.97 32.2
    endloop
  endfacet
  facet normal 0 1 1.2783377554904342e-15
    outer loop
      vertex 11.3 48.7 26.641666666666666
      vertex 0.7 48.699999999999996 32.2
      vertex 11.3 48.699999999999996 32.2
    endloop
  endfacet
  facet normal 0 0 1
    outer loop
      vertex 0.6934001253939529 48.6562120985458 32.2
      vertex 11.3 48.699999999999996 32.2
      vertex 0.7 48.699999999999996 32.2
    endloop
  endfacet
  facet normal 0 0 1
    outer loop
      vertex 12.030000000000001 47.97 32.2
      vertex 0.6934001253939529 48.6562120985458 32.2
      vertex 0.62407132243685 48.62407132243685 32.2
    endloop
  endfacet
  facet normal 0 0 1
    outer loop
      vertex 12.030000000000001 47.97 32.2
      vertex 11.3 48.699999999999996 32.2
      vertex 0.6934001253939529 48.6562120985458 32.2
    endloop
  endfacet
  facet normal 0 0 1
    outer loop
      vertex 0.6198232120403043 48.66066575913852 32.2
      vertex 0.7 59.97 32.2
      vertex -0.7 60.03 32.2
    endloop
  endfacet
  facet normal 1 0 0
    outer loop
      vertex 0.7 48.699999999999996 32.2
      vertex 0.7 60.03 32.03980099502487
      vertex 0.7 59.97 32.2
    endloop
  endfacet
  facet normal 0 0 1
    outer loop
      vertex -0.7 60.03 32.2
      vertex 0.7 59.97 32.2
      vertex 0.6930348258706465 60.03 32.2
    endloop
  endfacet
  facet normal -1 0 0
    outer loop
      vertex 11.3 48.7 26.641666666666666
      vertex 11.3 48.699999999999996 32.2
      vertex 11.3 60 25.7
    endloop
  endfacet
  facet normal 0 0 1
    outer loop
      vertex 12.030000000000001 47.97 32.2
      vertex 12.700000000000001 47.97 32.2
      vertex 11.3 48.699999999999996 32.2
    endloop
  endfacet
  facet normal 0 0 1
    outer loop
      vertex 12.700000000000001 47.97 32.2
      vertex 11.3 60.03 32.2
      vertex 11.3 48.699999999999996 32.2
    endloop
  endfacet
  facet normal -1 0 0
    outer loop
      vertex 11.3 60 25.7
      vertex 11.3 48.699999999999996 32.2
      vertex 11.3 60.03 32.2
    endloop
  endfacet
  facet normal 0 1 0
    outer loop
      vertex 11.97 60.03 24.7025
      vertex 11.3 60.03 32.2
      vertex 11.97 60.03 32.2
    endloop
  endfacet
  facet normal 0 0 1
    outer loop
      vertex 12.700000000000001 47.97 32.2
      vertex 12.700000000000001 59.3 32.2
      vertex 11.3 60.03 32.2
    endloop
  endfacet
  facet normal 0 0 1
    outer loop
      vertex 11.3 60.03 32.2
      vertex 12.700000000000001 59.3 32.2
      vertex 11.97 60.03 32.2
    endloop
  endfacet
  facet normal 0 0 1
    outer loop
      vertex 11.97 60.03 32.2
      vertex 23.3 59.38474295190713 32.2
      vertex 11.97 60.699999999999996 32.2
    endloop
  endfacet
  facet normal 0 0 1
    outer loop
      vertex 12.700000000000001 59.3 32.2
      vertex 23.3 59.38474295190713 32.2
      vertex 11.97 60.03 32.2
    endloop
  endfacet
  facet normal 1 0 0
    outer loop
      vertex 0.7 60 25.641666666666666
      vertex 0.7 62.4263198757764 25.641666666666666
      vertex 0.7 60.03 32.03980099502487
    endloop
  endfacet
  facet normal 1 0 0
    outer loop
      vertex 0.7 62.4263198757764 25.641666666666666
      vertex 0.7 72 25.641666666666666
      vertex 0.7 72 25.7
    endloop
  endfacet
  facet normal 1 0 0
    outer loop
      vertex 0.7 62.4263198757764 25.641666666666666
      vertex 0.7 72 25.7
      vertex 0.7 72.03 32.2
    endloop
  endfacet
  facet normal -1 0 0
    outer loop
      vertex 11.97 60.03 24.7025
      vertex 11.97 60.03 32.2
      vertex 11.97 60.699999999999996 24.7025
    endloop
  endfacet
  facet normal 0 1 0
    outer loop
      vertex 12 60.699999999999996 24.7
      vertex 11.97 60.699999999999996 24.7025
      vertex 11.97 60.699999999999996 32.2
    endloop
  endfacet
  facet normal 0 1 0
    outer loop
      vertex 24 60.699999999999996 23.7
      vertex 12 60.699999999999996 24.7
      vertex 11.97 60.699999999999996 32.2
    endloop
  endfacet
  facet normal -1 0 0
    outer loop
      vertex 11.3 72 24.758333333333333
      vertex 11.3 71.97 24.758333333333333
      vertex 11.3 72 25.7
    endloop
  endfacet
  facet normal 0 -1 0
    outer loop
      vertex 11.3 71.97 24.758333333333333
      vertex 11.97 71.97 24.7025
      vertex 11.97 71.97 32.2
    endloop
  endfacet
  facet normal -1 0 0
    outer loop
      vertex 11.3 71.97 24.758333333333333
      vertex 11.3 71.97 32.2
      vertex 11.3 72 25.7
    endloop
  endfacet
  facet normal 0 -1 0
    outer loop
      vertex 12 71.3 24.7
      vertex 11.97 71.3 32.2
      vertex 11.97 71.3 24.7025
    endloop
  endfacet
  facet normal -1 0 0
    outer loop
      vertex 11.97 71.3 24.7025
      vertex 11.97 71.3 32.2
      vertex 11.97 71.97 24.7025
    endloop
  endfacet
  facet normal 1 0 0
    outer loop
      vertex 0.7 60.03 32.03980099502487
      vertex 0.7 62.4263198757764 25.641666666666666
      vertex 0.7 72.03 32.2
    endloop
  endfacet
  facet normal 0 0 1
    outer loop
      vertex -0.7 60.03 32.2
      vertex 0.6930348258706465 60.03 32.2
      vertex -0.6930348258706465 71.97 32.2
    endloop
  endfacet
  facet normal 1 0 0
    outer loop
      vertex 0.7 60.03 32.03980099502487
      vertex 0.7 72.03 32.2
      vertex 0.7 59.97 32.2
    endloop
  endfacet
  facet normal 0 0 1
    outer loop
      vertex 0.7 59.97 32.2
      vertex 0.7 72.03 32.2
      vertex 0.6930348258706465 60.03 32.2
    endloop
  endfacet
  facet normal 0 0 1
    outer loop
      vertex -0.7 60.03 32.2
      vertex -0.6930348258706465 71.97 32.2
      vertex -0.7 71.97 32.2
    endloop
  endfacet
  facet normal 0 0 1
    outer loop
      vertex 0.6930348258706465 60.03 32.2
      vertex 0.6930348258706465 72.03 32.2
      vertex -0.6930348258706465 71.97 32.2
    endloop
  endfacet
  facet normal 0 0 1
    outer loop
      vertex 0.6930348258706465 60.03 32.2
      vertex 0.7 72.03 32.2
      vertex 0.6930348258706465 72.03 32.2
    endloop
  endfacet
  facet normal -1 0 0
    outer loop
      vertex 11.97 60.03 32.2
      vertex 11.97 60.699999999999996 32.2
      vertex 11.97 60.699999999999996 24.7025
    endloop
  endfacet
  facet normal 0 -1 0
    outer loop
      vertex 11.3 71.97 24.758333333333333
      vertex 11.97 71.97 32.2
      vertex 11.3 71.97 32.2
    endloop
  endfacet
  facet normal -1 0 0
    outer loop
      vertex 11.97 71.97 24.7025
      vertex 11.97 71.3 32.2
      vertex 11.97 71.97 32.2
    endloop
  endfacet
  facet normal 0 -1 0
    outer loop
      vertex 12 71.3 24.7
      vertex 24.03 71.3 32.2
      vertex 11.97 71.3 32.2
    endloop
  endfacet
  facet normal 0 0 1
    outer loop
      vertex 11.3 71.97 32.2
      vertex 11.97 71.97 32.2
      vertex 12.624071322436851 72.62407132243685 32.2
    endloop
  endfacet
  facet normal 0 0 1
    outer loop
      vertex 11.97 71.3 32.2
      vertex 24.03 71.3 32.2
      vertex 11.97 71.97 32.2
    endloop
  endfacet
  facet normal 0 0 1
    outer loop
      vertex 11.97 71.97 32.2
      vertex 24.03 71.3 32.2
      vertex 12.663919695845697 72.61944547477745 32.2
    endloop
  endfacet
  facet normal 0 0 1
    outer loop
      vertex 24.03 71.3 32.2
      vertex 12.700000000000001 72.7 32.2
      vertex 12.663919695845697 72.61944547477745 32.2
    endloop
  endfacet
  facet normal 1 0 0
    outer loop
      vertex 24.7 47.97 32.2
      vertex 24.7 48 15.7
      vertex 24.7 59.3 32.2
    endloop
  endfacet
  facet normal -1 0 0
    outer loop
      vertex 23.3 47.97 32.2
      vertex 23.3 59.3 32.2
      vertex 23.3 59.3 17.641666666666666
    endloop
  endfacet
  facet normal 0 -1 0
    outer loop
      vertex 24.7 59.3 16.641666666666666
      vertex 36.03 59.3 32.2
      vertex 24.7 59.3 32.2
    endloop
  endfacet
  facet normal 0 0 1
    outer loop
      vertex 23.3 47.97 32.2
      vertex 24.7 47.97 32.2
      vertex 23.3 59.3 32.2
    endloop
  endfacet
  facet normal 0 0 1
    outer loop
      vertex 12.700000000000001 59.3 32.2
      vertex 23.3 59.3 32.2
      vertex 23.3 59.38474295190713 32.2
    endloop
  endfacet
  facet normal 0 0 1
    outer loop
      vertex 11.97 60.699999999999996 32.2
      vertex 23.3 59.38474295190713 32.2
      vertex 24.03 59.64935714285714 32.2
    endloop
  endfacet
  facet normal 0 0 1
    outer loop
      vertex 11.97 60.699999999999996 32.2
      vertex 24.03 59.64935714285714 32.2
      vertex 24.03 59.97 32.2
    endloop
  endfacet
  facet normal 0 0 1
    outer loop
      vertex 24.7 47.97 32.2
      vertex 23.375928677563152 59.375928677563145 32.2
      vertex 23.3 59.3 32.2
    endloop
  endfacet
  facet normal 0 0 1
    outer loop
      vertex 24.7 47.97 32.2
      vertex 24.7 59.3 32.2
      vertex 23.375928677563152 59.375928677563145 32.2
    endloop
  endfacet
  facet normal 0 0 1
    outer loop
      vertex 23.3 59.3 32.2
      vertex 23.375928677563152 59.375928677563145 32.2
      vertex 23.3 59.38474295190713 32.2
    endloop
  endfacet
  facet normal 0 0 1
    outer loop
      vertex 23.375928677563152 59.375928677563145 32.2
      vertex 24.03 59.64935714285714 32.2
      vertex 23.3 59.38474295190713 32.2
    endloop
  endfacet
  facet normal 0 0 1
    outer loop
      vertex 23.375928677563152 59.375928677563145 32.2
      vertex 24.7 59.3 32.2
      vertex 24.03 59.64935714285714 32.2
    endloop
  endfacet
  facet normal 0 0 1
    outer loop
      vertex 24.03 59.64935714285714 32.2
      vertex 24.7 59.3 32.2
      vertex 24.03 59.97 32.2
    endloop
  endfacet
  facet normal 0 0 1
    outer loop
      vertex 24.03 59.97 32.2
      vertex 24.7 59.3 32.2
      vertex 35.97 59.30696517412935 32.2
    endloop
  endfacet
  facet normal 0 0 1
    outer loop
      vertex 24.7 59.3 32.2
      vertex 36.03 59.3 32.2
      vertex 35.97 59.30696517412935 32.2
    endloop
  endfacet
  facet normal 0 0 1
    outer loop
      vertex 24.03 59.97 32.2
      vertex 35.97 59.30696517412935 32.2
      vertex 35.3 60.649050207296845 32.2
    endloop
  endfacet
  facet normal 1 0 0
    outer loop
      vertex 24.03 71.3 22.758333333333333
      vertex 24.03 72 22.7
      vertex 24.03 72.7 32.2
    endloop
  endfacet
  facet normal 0 -1 0
    outer loop
      vertex 24 71.3 23.7
      vertex 24.03 71.3 32.2
      vertex 12 71.3 24.7
    endloop
  endfacet
  facet normal 0 -1 0
    outer loop
      vertex 24.03 71.3 22.758333333333333
      vertex 24.03 71.3 32.2
      vertex 24 71.3 23.7
    endloop
  endfacet
  facet normal -6.287874248996872e-16 1 2.219249734940156e-18
    outer loop
      vertex 24 60.699999999999996 23.7
      vertex 24.03 60.699999999999996 32.2
      vertex 35.3 60.7 23.641666666666666
    endloop
  endfacet
  facet normal -1 0 0
    outer loop
      vertex 35.3 60.7 23.641666666666666
      vertex 35.3 60.699999999999996 32.2
      vertex 35.3 72 22.7
    endloop
  endfacet
  facet normal 0 1 0
    outer loop
      vertex 24 60.699999999999996 23.7
      vertex 11.97 60.699999999999996 32.2
      vertex 24.03 60.699999999999996 32.2
    endloop
  endfacet
  facet normal 0 0 1
    outer loop
      vertex 11.97 60.699999999999996 32.2
      vertex 24.03 59.97 32.2
      vertex 24.03 60.699999999999996 32.2
    endloop
  endfacet
  facet normal 1 0 0
    outer loop
      vertex 24.03 71.3 22.758333333333333
      vertex 24.03 72.7 32.2
      vertex 24.03 71.3 32.2
    endloop
  endfacet
  facet normal 0 0 1
    outer loop
      vertex 24.03 71.3 32.2
      vertex 24.03 72.7 32.2
      vertex 12.700000000000001 72.7 32.2
    endloop
  endfacet
  facet normal 0 1 8.302349395444205e-16
    outer loop
      vertex 35.3 60.7 23.641666666666666
      vertex 24.03 60.699999999999996 32.2
      vertex 35.3 60.699999999999996 32.2
    endloop
  endfacet
  facet normal 0 0 1
    outer loop
      vertex 24.03 59.97 32.2
      vertex 35.3 60.699999999999996 32.2
      vertex 24.03 60.699999999999996 32.2
    endloop
  endfacet
  facet normal 0 0 1
    outer loop
      vertex 24.03 59.97 32.2
      vertex 35.3 60.649050207296845 32.2
      vertex 35.3 60.699999999999996 32.2
    endloop
  endfacet
  facet normal -1 0 0
    outer loop
      vertex 35.3 72 22.7
      vertex 35.3 60.699999999999996 32.2
      vertex 35.3 72.03 32.2
    endloop
  endfacet
  facet normal -1 0 0
    outer loop
      vertex -0.7 71.97 0
      vertex -0.7 71.97 32.2
      vertex -0.7 84.03 32.2
    endloop
  endfacet
  facet normal 1 0 0
    outer loop
      vertex 12.700000000000001 84 20.641666666666666
      vertex 12.700000000000001 84.03 20.641666666666666
      vertex 12.700000000000001 84 20.7
    endloop
  endfacet
  facet normal -1 0 0
    outer loop
      vertex -0.7 96.03 0
      vertex -0.7 84.03 32.2
      vertex -0.7 96.03 32.2
    endloop
  endfacet
  facet normal 0 1 0
    outer loop
      vertex -0.7 96.03 0
      vertex -0.7 96.03 32.2
      vertex -0.03 96.03 32.2
    endloop
  endfacet
  facet normal -1 0 0
    outer loop
      vertex -0.03 96.7 0
      vertex -0.03 96.03 32.2
      vertex -0.03 96.7 32.2
    endloop
  endfacet
  facet normal 0 1 0
    outer loop
      vertex 11.97 96.7 0
      vertex -0.03 96.7 32.2
      vertex 11.97 96.7 32.2
    endloop
  endfacet
  facet normal -1 0 0
    outer loop
      vertex 23.97 84 19.7025
      vertex 23.97 84 20.7
      vertex 23.97 84.7 19.7025
    endloop
  endfacet
  facet normal 0 1 0
    outer loop
      vertex 12.700000000000001 72.7 21.641666666666666
      vertex 24 72.7 21.7
      vertex 24 72.7 21.641666666666666
    endloop
  endfacet
  facet normal 0 -1 0
    outer loop
      vertex 24 83.3 20.758333333333333
      vertex 24 83.3 21.7
      vertex 23.97 83.3 20.758333333333333
    endloop
  endfacet
  facet normal -1 0 0
    outer loop
      vertex 35.3 72 22.641666666666666
      vertex 35.3 72 22.7
      vertex 35.3 83.3 22.641666666666666
    endloop
  endfacet
  facet normal 0 1 0
    outer loop
      vertex 24 84.7 19.7
      vertex 23.97 84.7 19.7025
      vertex 23.97 84.7 32.2
    endloop
  endfacet
  facet normal 0 1 0
    outer loop
      vertex 24.03 96.7 0
      vertex 11.97 96.7 32.2
      vertex 24.03 96.7 32.2
    endloop
  endfacet
  facet normal 0 1 0
    outer loop
      vertex 24 84.7 19.7
      vertex 23.97 84.7 32.2
      vertex 36 84.7 18.7
    endloop
  endfacet
  facet normal 0 1 0
    outer loop
      vertex 36.03 96.7 0
      vertex 24.03 96.7 32.2
      vertex 36.03 96.7 32.2
    endloop
  endfacet
  facet normal 0 -1 0
    outer loop
      vertex 24 95.3 19.7
      vertex 36 95.3 18.7
      vertex 36.03 95.3 32.2
    endloop
  endfacet
  facet normal 1 0 0
    outer loop
      vertex 12.700000000000001 72.7 21.641666666666666
      vertex 12.700000000000001 84 20.7
      vertex 12.700000000000001 84.03 32.2
    endloop
  endfacet
  facet normal 1 0 0
    outer loop
      vertex 12.030000000000001 84.03 20.697499999999998
      vertex 12.030000000000001 84.7 20.697499999999998
      vertex 12.030000000000001 84.7 32.2
    endloop
  endfacet
  facet normal 0 1 0
    outer loop
      vertex 12.030000000000001 84.03 20.697499999999998
      vertex 12.700000000000001 84.03 32.2
      vertex 12.700000000000001 84.03 20.641666666666666
    endloop
  endfacet
  facet normal 1 0 0
    outer loop
      vertex 12.700000000000001 84.03 20.641666666666666
      vertex 12.700000000000001 84.03 32.2
      vertex 12.700000000000001 84 20.7
    endloop
  endfacet
  facet normal 1 0 0
    outer loop
      vertex 0.7 72 25.7
      vertex 0.7 83.3 32.2
      vertex 0.7 72.03 32.2
    endloop
  endfacet
  facet normal 0 0 1
    outer loop
      vertex -0.7 71.97 32.2
      vertex -0.6930348258706465 71.97 32.2
      vertex -0.7 84.03 32.2
    endloop
  endfacet
  facet normal 0 0 1
    outer loop
      vertex -0.6930348258706465 71.97 32.2
      vertex 0.6930348258706465 72.03 32.2
      vertex -0.7 84.03 32.2
    endloop
  endfacet
  facet normal 0 0 1
    outer loop
      vertex 0.6930348258706465 72.03 32.2
      vertex 0.7 72.03 32.2
      vertex 0.699609156895589 83.3 32.2
    endloop
  endfacet
  facet normal 1 0 0
    outer loop
      vertex 0.7 72 25.7
      vertex 0.7 83.3 26.641666666666666
      vertex 0.7 83.3 32.2
    endloop
  endfacet
  facet normal 0 -1 0
    outer loop
      vertex 0.7 83.3 26.641666666666666
      vertex 11.3 83.3 26.641666666666666
      vertex 11.3 83.3 32.2
    endloop
  endfacet
  facet normal 0 0 1
    outer loop
      vertex 0.6930348258706465 72.03 32.2
      vertex 0.699609156895589 83.3 32.2
      vertex -0.7 84.03 32.2
    endloop
  endfacet
  facet normal 0 0 1
    outer loop
      vertex 0.7 72.03 32.2
      vertex 0.7 83.3 32.2
      vertex 0.699609156895589 83.3 32.2
    endloop
  endfacet
  facet normal 0 0 1
    outer loop
      vertex -0.7 84.03 32.2
      vertex -0.03 84.00128571428571 32.2
      vertex -0.03 84.03 32.2
    endloop
  endfacet
  facet normal 0 0 1
    outer loop
      vertex -0.7 84.03 32.2
      vertex 0.699609156895589 83.3 32.2
      vertex -0.03 84.00128571428571 32.2
    endloop
  endfacet
  facet normal 0 0 1
    outer loop
      vertex -0.03 84.03 32.2
      vertex -0.03 84.00128571428571 32.2
      vertex 0.699609156895589 83.3 32.2
    endloop
  endfacet
  facet normal 0 0 1
    outer loop
      vertex -0.03 84.03 32.2
      vertex 0.699609156895589 83.3 32.2
      vertex 0.6246474972490301 84.61910798798336 32.2
    endloop
  endfacet
  facet normal 0 0 1
    outer loop
      vertex -0.03 84.03 32.2
      vertex 0.6246474972490301 84.61910798798336 32.2
      vertex 0.6240713224368492 84.62407132243685 32.2
    endloop
  endfacet
  facet normal 0 0 1
    outer loop
      vertex 0.699609156895589 83.3 32.2
      vertex 0.7 83.3 32.2
      vertex 0.6246474972490301 84.61910798798336 32.2
    endloop
  endfacet
  facet normal 0 -1 0
    outer loop
      vertex 0.7 83.3 26.641666666666666
      vertex 11.3 83.3 32.2
      vertex 0.7 83.3 32.2
    endloop
  endfacet
  facet normal 0 0 1
    outer loop
      vertex 0.7 83.3 32.2
      vertex 11.3 83.3 32.2
      vertex 0.6246474972490301 84.61910798798336 32.2
    endloop
  endfacet
  facet normal 0 0 1
    outer loop
      vertex 11.3 83.3 32.2
      vertex 0.6933749737029177 84.61602612245572 32.2
      vertex 0.6240713224368492 84.62407132243685 32.2
    endloop
  endfacet
  facet normal 0 0 1
    outer loop
      vertex 11.3 83.3 32.2
      vertex 0.6240713224368492 84.62407132243685 32.2
      vertex 0.6246474972490301 84.61910798798336 32.2
    endloop
  endfacet
  facet normal 0 0 1
    outer loop
      vertex 11.37592867756315 83.37592867756315 32.2
      vertex 0.6934237147595353 84.7 32.2
      vertex 0.6933749737029177 84.61602612245572 32.2
    endloop
  endfacet
  facet normal 0 0 1
    outer loop
      vertex 11.37592867756315 83.37592867756315 32.2
      vertex 0.7 84.7 32.2
      vertex 0.6934237147595353 84.7 32.2
    endloop
  endfacet
  facet normal 0 0 1
    outer loop
      vertex 11.3 83.3 32.2
      vertex 11.37592867756315 83.37592867756315 32.2
      vertex 0.6933749737029177 84.61602612245572 32.2
    endloop
  endfacet
  facet normal 0 0 1
    outer loop
      vertex 11.37592867756315 83.37592867756315 32.2
      vertex 12.030000000000001 84.7 32.2
      vertex 0.7 84.7 32.2
    endloop
  endfacet
  facet normal -1 0 0
    outer loop
      vertex 11.3 72 25.7
      vertex 11.3 71.97 32.2
      vertex 11.3 83.3 26.641666666666666
    endloop
  endfacet
  facet normal 1 0 0
    outer loop
      vertex 12.700000000000001 72.7 21.641666666666666
      vertex 12.700000000000001 84.03 32.2
      vertex 12.700000000000001 72.7 32.2
    endloop
  endfacet
  facet normal 0 1 0
    outer loop
      vertex 12.700000000000001 72.7 21.641666666666666
      vertex 12.700000000000001 72.7 32.2
      vertex 24.03 72.7 32.2
    endloop
  endfacet
  facet normal 0 0 1
    outer loop
      vertex 11.97 71.97 32.2
      vertex 12.663919695845697 72.61944547477745 32.2
      vertex 12.624071322436851 72.62407132243685 32.2
    endloop
  endfacet
  facet normal 0 0 1
    outer loop
      vertex 11.3 71.97 32.2
      vertex 12.624071322436851 72.62407132243685 32.2
      vertex 11.384742951907132 83.3 32.2
    endloop
  endfacet
  facet normal 0 0 1
    outer loop
      vertex 12.624071322436851 72.62407132243685 32.2
      vertex 12.663919695845697 72.61944547477745 32.2
      vertex 11.384742951907132 83.3 32.2
    endloop
  endfacet
  facet normal 0 0 1
    outer loop
      vertex 12.663919695845697 72.61944547477745 32.2
      vertex 12.700000000000001 72.7 32.2
      vertex 12.030000000000001 84.03 32.2
    endloop
  endfacet
  facet normal 0 1 0
    outer loop
      vertex 12.030000000000001 84.03 20.697499999999998
      vertex 12.030000000000001 84.03 32.2
      vertex 12.700000000000001 84.03 32.2
    endloop
  endfacet
  facet normal 1 0 0
    outer loop
      vertex 12.030000000000001 84.03 20.697499999999998
      vertex 12.030000000000001 84.7 32.2
      vertex 12.030000000000001 84.03 32.2
    endloop
  endfacet
  facet normal -1 0 0
    outer loop
      vertex 11.3 71.97 32.2
      vertex 11.3 83.3 32.2
      vertex 11.3 83.3 26.641666666666666
    endloop
  endfacet
  facet normal 0 0 1
    outer loop
      vertex 11.3 71.97 32.2
      vertex 11.384742951907132 83.3 32.2
      vertex 11.3 83.3 32.2
    endloop
  endfacet
  facet normal 0 0 1
    outer loop
      vertex 12.663919695845697 72.61944547477745 32.2
      vertex 12.030000000000001 84.03 32.2
      vertex 11.384742951907132 83.3 32.2
    endloop
  endfacet
  facet normal 0 0 1
    outer loop
      vertex 12.700000000000001 72.7 32.2
      vertex 12.700000000000001 84.03 32.2
      vertex 12.030000000000001 84.03 32.2
    endloop
  endfacet
  facet normal 0 0 1
    outer loop
      vertex 11.3 83.3 32.2
      vertex 11.384742951907132 83.3 32.2
      vertex 11.37592867756315 83.37592867756315 32.2
    endloop
  endfacet
  facet normal 0 0 1
    outer loop
      vertex 11.384742951907132 83.3 32.2
      vertex 12.030000000000001 84.03 32.2
      vertex 11.37592867756315 83.37592867756315 32.2
    endloop
  endfacet
  facet normal 0 0 1
    outer loop
      vertex 11.37592867756315 83.37592867756315 32.2
      vertex 12.030000000000001 84.03 32.2
      vertex 12.030000000000001 84.7 32.2
    endloop
  endfacet
  facet normal 0 1 0
    outer loop
      vertex 0.7 84.7 21.641666666666666
      vertex 0.7 84.7 32.2
      vertex 12 84.7 20.7
    endloop
  endfacet
  facet normal 1 0 0
    outer loop
      vertex 0.7 84.7 21.641666666666666
      vertex 0.7 95.3 21.641666666666666
      vertex 0.7 95.3 32.2
    endloop
  endfacet
  facet normal 0 -1 0
    outer loop
      vertex 0.7 95.3 21.641666666666666
      vertex 12 95.3 20.7
      vertex 11.97 95.3 32.2
    endloop
  endfacet
  facet normal 0 1 0
    outer loop
      vertex 12 84.7 20.7
      vertex 12.030000000000001 84.7 32.2
      vertex 12.030000000000001 84.7 20.697499999999998
    endloop
  endfacet
  facet normal 0 -1 0
    outer loop
      vertex 12 95.3 20.7
      vertex 24 95.3 19.7
      vertex 11.97 95.3 32.2
    endloop
  endfacet
  facet normal 1 0 0
    outer loop
      vertex 0.7 84.7 21.641666666666666
      vertex 0.7 95.3 32.2
      vertex 0.7 84.7 32.2
    endloop
  endfacet
  facet normal 0 1 0
    outer loop
      vertex 12 84.7 20.7
      vertex 0.7 84.7 32.2
      vertex 12.030000000000001 84.7 32.2
    endloop
  endfacet
  facet normal 0 0 1
    outer loop
      vertex 0.6933749737029177 84.61602612245572 32.2
      vertex 0.6934237147595353 84.7 32.2
      vertex 0.6240713224368492 84.62407132243685 32.2
    endloop
  endfacet
  facet normal 0 0 1
    outer loop
      vertex -0.7 84.03 32.2
      vertex -0.03 84.03 32.2
      vertex -0.7 96.03 32.2
    endloop
  endfacet
  facet normal 0 0 1
    outer loop
      vertex -0.03 84.03 32.2
      vertex 0.6240713224368492 84.62407132243685 32.2
      vertex -0.7 96.03 32.2
    endloop
  endfacet
  facet normal 0 0 1
    outer loop
      vertex 0.6934237147595353 84.7 32.2
      vertex 0.6995762852404643 95.3 32.2
      vertex 0.6240713224368492 84.62407132243685 32.2
    endloop
  endfacet
  facet normal 0 0 1
    outer loop
      vertex 0.6934237147595353 84.7 32.2
      vertex 0.7 84.7 32.2
      vertex 0.6995762852404643 95.3 32.2
    endloop
  endfacet
  facet normal 0 -1 0
    outer loop
      vertex 0.7 95.3 21.641666666666666
      vertex 11.97 95.3 32.2
      vertex 0.7 95.3 32.2
    endloop
  endfacet
  facet normal 0 0 1
    outer loop
      vertex 0.6240713224368492 84.62407132243685 32.2
      vertex 0.6995765310350542 95.30042346896494 32.2
      vertex -0.03 96.03 32.2
    endloop
  endfacet
  facet normal 0 0 1
    outer loop
      vertex 0.6240713224368492 84.62407132243685 32.2
      vertex 0.6995762852404643 95.3 32.2
      vertex 0.6995765310350542 95.30042346896494 32.2
    endloop
  endfacet
  facet normal 0 0 1
    outer loop
      vertex 0.7 84.7 32.2
      vertex 0.7 95.3 32.2
      vertex 0.6995762852404643 95.3 32.2
    endloop
  endfacet
  facet normal 0 0 1
    outer loop
      vertex 0.6240713224368492 84.62407132243685 32.2
      vertex -0.03 96.03 32.2
      vertex -0.7 96.03 32.2
    endloop
  endfacet
  facet normal 0 0 1
    outer loop
      vertex -0.03 96.03 32.2
      vertex 0.6995765310350542 95.30042346896494 32.2
      vertex -0.03 96.7 32.2
    endloop
  endfacet
  facet normal 0 0 1
    outer loop
      vertex 0.6995762852404643 95.3 32.2
      vertex 0.7 95.3 32.2
      vertex 0.6995765310350542 95.30042346896494 32.2
    endloop
  endfacet
  facet normal 0 0 1
    outer loop
      vertex -0.03 96.7 32.2
      vertex 0.6995765310350542 95.30042346896494 32.2
      vertex 11.97 95.30696517412935 32.2
    endloop
  endfacet
  facet normal 0 0 1
    outer loop
      vertex 0.6995765310350542 95.30042346896494 32.2
      vertex 0.7 95.3 32.2
      vertex 11.97 95.3 32.2
    endloop
  endfacet
  facet normal 0 0 1
    outer loop
      vertex 0.6995765310350542 95.30042346896494 32.2
      vertex 11.97 95.3 32.2
      vertex 11.97 95.30696517412935 32.2
    endloop
  endfacet
  facet normal 0 0 1
    outer loop
      vertex -0.03 96.7 32.2
      vertex 11.97 95.30696517412935 32.2
      vertex 11.97 96.7 32.2
    endloop
  endfacet
  facet normal 0 0 1
    outer loop
      vertex 11.97 95.30696517412935 32.2
      vertex 12.030000000000001 96.69303482587065 32.2
      vertex 11.97 96.7 32.2
    endloop
  endfacet
  facet normal 0 0 1
    outer loop
      vertex 11.97 95.3 32.2
      vertex 23.97 95.30696517412935 32.2
      vertex 11.97 95.30696517412935 32.2
    endloop
  endfacet
  facet normal 0 0 1
    outer loop
      vertex 11.97 95.30696517412935 32.2
      vertex 23.97 95.30696517412935 32.2
      vertex 12.030000000000001 96.69303482587065 32.2
    endloop
  endfacet
  facet normal 0 0 1
    outer loop
      vertex 11.97 96.7 32.2
      vertex 12.030000000000001 96.69303482587065 32.2
      vertex 24.03 96.7 32.2
    endloop
  endfacet
  facet normal 0 1 0
    outer loop
      vertex 12.700000000000001 72.7 21.641666666666666
      vertex 24.03 72.7 32.2
      vertex 24 72.7 21.7
    endloop
  endfacet
  facet normal 0 1 0
    outer loop
      vertex 24 72.7 21.7
      vertex 24.03 72.7 32.2
      vertex 24.03 72.7 21.7025
    endloop
  endfacet
  facet normal 1 0 0
    outer loop
      vertex 24.03 72 22.7
      vertex 24.03 72.7 21.7025
      vertex 24.03 72.7 32.2
    endloop
  endfacet
  facet normal -1 0 0
    outer loop
      vertex 23.97 84 20.7
      vertex 23.97 84.7 32.2
      vertex 23.97 84.7 19.7025
    endloop
  endfacet
  facet normal -1 0 0
    outer loop
      vertex 23.97 83.3 20.758333333333333
      vertex 23.97 84.7 32.2
      vertex 23.97 84 20.7
    endloop
  endfacet
  facet normal 0 -1 0
    outer loop
      vertex 23.97 83.3 20.758333333333333
      vertex 24 83.3 21.7
      vertex 23.97 83.3 32.2
    endloop
  endfacet
  facet normal -1 0 0
    outer loop
      vertex 35.3 72 22.7
      vertex 35.3 72.03 32.2
      vertex 35.3 83.3 22.641666666666666
    endloop
  endfacet
  facet normal 0 -1 0
    outer loop
      vertex 24 83.3 21.7
      vertex 35.3 83.3 22.641666666666666
      vertex 35.3 83.3 32.2
    endloop
  endfacet
  facet normal -1 0 0
    outer loop
      vertex 23.97 83.3 20.758333333333333
      vertex 23.97 83.3 32.2
      vertex 23.97 84.7 32.2
    endloop
  endfacet
  facet normal 0 0 1
    outer loop
      vertex 35.3 72.03 32.2
      vertex 35.97363184079602 71.97 32.2
      vertex 35.3 83.3 32.2
    endloop
  endfacet
  facet normal 0 -1 0
    outer loop
      vertex 24 83.3 21.7
      vertex 35.3 83.3 32.2
      vertex 23.97 83.3 32.2
    endloop
  endfacet
  facet normal -1 0 0
    outer loop
      vertex 35.3 72.03 32.2
      vertex 35.3 83.3 32.2
      vertex 35.3 83.3 22.641666666666666
    endloop
  endfacet
  facet normal 0 0 1
    outer loop
      vertex 23.97 83.3 32.2
      vertex 35.3 83.38474295190713 32.2
      vertex 23.97 84.7 32.2
    endloop
  endfacet
  facet normal 0 0 1
    outer loop
      vertex 23.97 83.3 32.2
      vertex 35.3 83.3 32.2
      vertex 35.3 83.38474295190713 32.2
    endloop
  endfacet
  facet normal 0 0 1
    outer loop
      vertex 35.3 83.38474295190713 32.2
      vertex 36.03 84.03 32.2
      vertex 23.97 84.7 32.2
    endloop
  endfacet
  facet normal 0 0 1
    outer loop
      vertex 23.97 84.7 32.2
      vertex 36.03 84.03 32.2
      vertex 36.03 84.7 32.2
    endloop
  endfacet
  facet normal 0 0 1
    outer loop
      vertex 35.3 83.3 32.2
      vertex 35.375928677563145 83.37592867756315 32.2
      vertex 35.3 83.38474295190713 32.2
    endloop
  endfacet
  facet normal 0 0 1
    outer loop
      vertex 35.375928677563145 83.37592867756315 32.2
      vertex 36.03 84.03 32.2
      vertex 35.3 83.38474295190713 32.2
    endloop
  endfacet
  facet normal 0 -1 0
    outer loop
      vertex 24 95.3 19.7
      vertex 24.03 95.3 32.2
      vertex 11.97 95.3 32.2
    endloop
  endfacet
  facet normal 0 1 0
    outer loop
      vertex 23.97 84.7 32.2
      vertex 36.03 84.7 32.2
      vertex 36 84.7 18.7
    endloop
  endfacet
  facet normal 0 -1 0
    outer loop
      vertex 24 95.3 19.7
      vertex 36.03 95.3 32.2
      vertex 24.03 95.3 32.2
    endloop
  endfacet
  facet normal 0 0 1
    outer loop
      vertex 11.97 95.3 32.2
      vertex 24.03 95.3 32.2
      vertex 23.97 95.30696517412935 32.2
    endloop
  endfacet
  facet normal 0 0 1
    outer loop
      vertex 12.030000000000001 96.69303482587065 32.2
      vertex 23.97 95.30696517412935 32.2
      vertex 24.03 96.69303482587065 32.2
    endloop
  endfacet
  facet normal 0 0 1
    outer loop
      vertex 12.030000000000001 96.69303482587065 32.2
      vertex 24.03 96.69303482587065 32.2
      vertex 24.03 96.7 32.2
    endloop
  endfacet
  facet normal 0 0 1
    outer loop
      vertex 23.97 95.30696517412935 32.2
      vertex 24.03 95.3 32.2
      vertex 24.03 96.69303482587065 32.2
    endloop
  endfacet
  facet normal 0 0 1
    outer loop
      vertex 24.03 95.3 32.2
      vertex 35.97 95.30696517412935 32.2
      vertex 24.03 96.69303482587065 32.2
    endloop
  endfacet
  facet normal 0 0 1
    outer loop
      vertex 24.03 96.7 32.2
      vertex 24.03 96.69303482587065 32.2
      vertex 36.03 96.7 32.2
    endloop
  endfacet
  facet normal 0 0 1
    outer loop
      vertex 24.03 95.3 32.2
      vertex 36.03 95.3 32.2
      vertex 35.97 95.30696517412935 32.2
    endloop
  endfacet
  facet normal 0 0 1
    outer loop
      vertex 24.03 96.69303482587065 32.2
      vertex 35.97 95.30696517412935 32.2
      vertex 36.03 96.69303482587065 32.2
    endloop
  endfacet
  facet normal 0 0 1
    outer loop
      vertex 24.03 96.69303482587065 32.2
      vertex 36.03 96.69303482587065 32.2
      vertex 36.03 96.7 32.2
    endloop
  endfacet
  facet normal -1 0 0
    outer loop
      vertex 35.97 47.3 14.702499999999999
      vertex 35.97 48.699999999999996 32.2
      vertex 35.97 48 15.7
    endloop
  endfacet
  facet normal -1 0 0
    outer loop
      vertex 35.97 48 15.7
      vertex 35.97 48.699999999999996 32.2
      vertex 35.97 48.699999999999996 15.758333333333331
    endloop
  endfacet
  facet normal 0 1 0
    outer loop
      vertex 35.97 48.699999999999996 15.758333333333331
      vertex 35.97 48.699999999999996 32.2
      vertex 36 48.699999999999996 16.7
    endloop
  endfacet
  facet normal 0 1 0
    outer loop
      vertex 36 48.699999999999996 16.7
      vertex 35.97 48.699999999999996 32.2
      vertex 48 48.699999999999996 17.7
    endloop
  endfacet
  facet normal 0 -1 0
    outer loop
      vertex 36 59.3 16.7
      vertex 48 59.3 17.7
      vertex 47.97 59.3 32.2
    endloop
  endfacet
  facet normal -6.289073134990595e-16 1 1.3011875451705169e-18
    outer loop
      vertex 48 48.699999999999996 17.7
      vertex 48.03 48.699999999999996 32.2
      vertex 59.3 48.7 18.641666666666666
    endloop
  endfacet
  facet normal -6.287988812036286e-16 1 0
    outer loop
      vertex 48 60.699999999999996 17.641666666666666
      vertex 48 60.699999999999996 17.7
      vertex 59.3 60.7 17.641666666666666
    endloop
  endfacet
  facet normal 0 -1 0
    outer loop
      vertex 48 71.3 16.758333333333333
      vertex 48.03 71.3 16.758333333333333
      vertex 48 71.3 17.7
    endloop
  endfacet
  facet normal 1 0 0
    outer loop
      vertex 48.03 72 16.697499999999998
      vertex 48.03 72.7 16.697499999999998
      vertex 48.03 72 16.7
    endloop
  endfacet
  facet normal 0 1 0
    outer loop
      vertex 36.699999999999996 60.699999999999996 18.641666666666666
      vertex 36.699999999999996 60.699999999999996 32.2
      vertex 48 60.699999999999996 17.7
    endloop
  endfacet
  facet normal 1 0 0
    outer loop
      vertex 36.699999999999996 60.699999999999996 18.641666666666666
      vertex 36.699999999999996 71.3 18.641666666666666
      vertex 36.699999999999996 71.3 32.2
    endloop
  endfacet
  facet normal 0 -1 0
    outer loop
      vertex 36.699999999999996 71.3 18.641666666666666
      vertex 48 71.3 17.7
      vertex 48.03 71.3 32.2
    endloop
  endfacet
  facet normal -6.288055971620969e-16 1 -1.3009770975768012e-18
    outer loop
      vertex 48 60.699999999999996 17.7
      vertex 47.97 60.699999999999996 32.2
      vertex 59.3 60.7 17.641666666666666
    endloop
  endfacet
  facet normal 1 0 0
    outer loop
      vertex 48.03 71.3 16.758333333333333
      vertex 48.03 72 16.7
      vertex 48.03 72.7 32.2
    endloop
  endfacet
  facet normal 0 -1 0
    outer loop
      vertex 48.03 71.3 16.758333333333333
      vertex 48.03 71.3 32.2
      vertex 48 71.3 17.7
    endloop
  endfacet
  facet normal 1 0 0
    outer loop
      vertex 60.699999999999996 48 12.7
      vertex 60.699999999999996 60 13.7
      vertex 60.699999999999996 59.97 32.2
    endloop
  endfacet
  facet normal -1 0 0
    outer loop
      vertex 71.3 60 13.7
      vertex 71.3 60.03 32.2
      vertex 71.3 60.03 13.702499999999999
    endloop
  endfacet
  facet normal 0 1 0
    outer loop
      vertex 71.3 60.03 13.702499999999999
      vertex 71.3 60.03 32.2
      vertex 71.97 60.03 13.702499999999999
    endloop
  endfacet
  facet normal -1 0 0
    outer loop
      vertex 59.3 48.7 18.641666666666666
      vertex 59.3 48.699999999999996 32.2
      vertex 59.3 59.3 18.641666666666666
    endloop
  endfacet
  facet normal 0 -1 0
    outer loop
      vertex 48 59.3 17.7
      vertex 59.3 59.3 18.641666666666666
      vertex 59.3 59.3 32.2
    endloop
  endfacet
  facet normal -1 0 0
    outer loop
      vertex 71.3 47.97 16.059850374064837
      vertex 71.3 48.03 32.2
      vertex 71.3 60 13.7
    endloop
  endfacet
  facet normal -1 0 0
    outer loop
      vertex 71.97 60.03 13.702499999999999
      vertex 71.97 60.03 32.2
      vertex 71.97 60.699999999999996 13.758333333333331
    endloop
  endfacet
  facet normal 1 0 0
    outer loop
      vertex 60.699999999999996 60 13.7
      vertex 60.699999999999996 72 14.7
      vertex 60.699999999999996 60.03 32.11990049751243
    endloop
  endfacet
  facet normal -1 0 0
    outer loop
      vertex 59.3 60.7 17.641666666666666
      vertex 59.3 60.699999999999996 32.2
      vertex 59.3 72 16.7
    endloop
  endfacet
  facet normal 0 1 0
    outer loop
      vertex 60.699999999999996 72.03 14.702499999999999
      vertex 60 72.03 15.7
      vertex 59.3 72.03 32.2
    endloop
  endfacet
  facet normal 1 0 0
    outer loop
      vertex 60.699999999999996 72 14.7
      vertex 60.699999999999996 72.03 14.702499999999999
      vertex 60.699999999999996 72.03 32.2
    endloop
  endfacet
  facet normal -1 0 0
    outer loop
      vertex 59.3 72.03 15.758333333333333
      vertex 59.3 72 16.7
      vertex 59.3 72.03 32.2
    endloop
  endfacet
  facet normal 0 1 0
    outer loop
      vertex 59.3 72.03 15.758333333333333
      vertex 59.3 72.03 32.2
      vertex 60 72.03 15.7
    endloop
  endfacet
  facet normal 0 1 0
    outer loop
      vertex 71.97 60.699999999999996 13.758333333333331
      vertex 71.97 60.699999999999996 32.2
      vertex 72 60.699999999999996 14.7
    endloop
  endfacet
  facet normal 0 -1 0
    outer loop
      vertex 71.97 71.3 14.641666666666666
      vertex 72 71.3 14.7
      vertex 71.97 71.3 32.2
    endloop
  endfacet
  facet normal -1 0 0
    outer loop
      vertex 71.97 71.3 14.641666666666666
      vertex 71.97 71.3 32.2
      vertex 71.97 72 14.7
    endloop
  endfacet
  facet normal 0 1 0
    outer loop
      vertex 48 48.699999999999996 17.7
      vertex 35.97 48.699999999999996 32.2
      vertex 48.03 48.699999999999996 32.2
    endloop
  endfacet
  facet normal 0 -1 0
    outer loop
      vertex 36 59.3 16.7
      vertex 47.97 59.3 32.2
      vertex 36.03 59.3 32.2
    endloop
  endfacet
  facet normal 0 -1 0
    outer loop
      vertex 48 59.3 17.7
      vertex 59.3 59.3 32.2
      vertex 47.97 59.3 32.2
    endloop
  endfacet
  facet normal 0 0 1
    outer loop
      vertex 47.97 47.30696517412935 32.2
      vertex 48.03 48.69303482587064 32.2
      vertex 35.97 48.699999999999996 32.2
    endloop
  endfacet
  facet normal 0 0 1
    outer loop
      vertex 35.97 48.699999999999996 32.2
      vertex 48.03 48.69303482587064 32.2
      vertex 48.03 48.699999999999996 32.2
    endloop
  endfacet
  facet normal 0 0 1
    outer loop
      vertex 35.97 59.30696517412935 32.2
      vertex 36.03 59.3 32.2
      vertex 36.03 59.97 32.2
    endloop
  endfacet
  facet normal 0 0 1
    outer loop
      vertex 35.97 59.30696517412935 32.2
      vertex 36.03 59.97 32.2
      vertex 35.998701363962674 59.97 32.2
    endloop
  endfacet
  facet normal 0 0 1
    outer loop
      vertex 35.3 60.649050207296845 32.2
      vertex 35.97 59.30696517412935 32.2
      vertex 35.998701363962674 59.97 32.2
    endloop
  endfacet
  facet normal 0 0 1
    outer loop
      vertex 36.03 59.3 32.2
      vertex 36.62407132243685 60.62407132243685 32.2
      vertex 36.03 59.97 32.2
    endloop
  endfacet
  facet normal 0 0 1
    outer loop
      vertex 36.03 59.3 32.2
      vertex 47.97 59.30696517412935 32.2
      vertex 36.62407132243685 60.62407132243685 32.2
    endloop
  endfacet
  facet normal 0 0 1
    outer loop
      vertex 36.03 59.3 32.2
      vertex 47.97 59.3 32.2
      vertex 47.97 59.30696517412935 32.2
    endloop
  endfacet
  facet normal 0 0 1
    outer loop
      vertex 48.03 48.699999999999996 32.2
      vertex 48.03 48.69303482587064 32.2
      vertex 59.3 48.69957628524046 32.2
    endloop
  endfacet
  facet normal 0 0 1
    outer loop
      vertex 47.97 59.3 32.2
      vertex 59.3 59.3 32.2
      vertex 47.97 59.30696517412935 32.2
    endloop
  endfacet
  facet normal 0 0 1
    outer loop
      vertex 47.97 59.30696517412935 32.2
      vertex 59.3 59.38474295190713 32.2
      vertex 48.03 60.69303482587064 32.2
    endloop
  endfacet
  facet normal 1 0 0
    outer loop
      vertex 36.699999999999996 60.699999999999996 18.641666666666666
      vertex 36.699999999999996 71.3 32.2
      vertex 36.699999999999996 60.699999999999996 32.2
    endloop
  endfacet
  facet normal 0 1 0
    outer loop
      vertex 48 60.699999999999996 17.7
      vertex 36.699999999999996 60.699999999999996 32.2
      vertex 47.97 60.699999999999996 32.2
    endloop
  endfacet
  facet normal 0 -1 0
    outer loop
      vertex 36.699999999999996 71.3 18.641666666666666
      vertex 48.03 71.3 32.2
      vertex 36.699999999999996 71.3 32.2
    endloop
  endfacet
  facet normal 1 0 0
    outer loop
      vertex 48.03 71.3 16.758333333333333
      vertex 48.03 72.7 32.2
      vertex 48.03 71.3 32.2
    endloop
  endfacet
  facet normal 0 0 1
    outer loop
      vertex 35.3 60.649050207296845 32.2
      vertex 35.998701363962674 59.97 32.2
      vertex 36.03 59.97 32.2
    endloop
  endfacet
  facet normal 0 0 1
    outer loop
      vertex 35.3 60.649050207296845 32.2
      vertex 36.03 59.97 32.2
      vertex 36.62407132243685 60.62407132243685 32.2
    endloop
  endfacet
  facet normal 0 0 1
    outer loop
      vertex 35.3 60.649050207296845 32.2
      vertex 36.615257048092865 60.699999999999996 32.2
      vertex 35.3 60.699999999999996 32.2
    endloop
  endfacet
  facet normal 0 0 1
    outer loop
      vertex 35.3 60.649050207296845 32.2
      vertex 36.62407132243685 60.62407132243685 32.2
      vertex 36.615257048092865 60.699999999999996 32.2
    endloop
  endfacet
  facet normal 0 0 1
    outer loop
      vertex 36.62407132243685 60.62407132243685 32.2
      vertex 36.65581260364842 60.699999999999996 32.2
      vertex 36.615257048092865 60.699999999999996 32.2
    endloop
  endfacet
  facet normal 0 0 1
    outer loop
      vertex 36.62407132243685 60.62407132243685 32.2
      vertex 36.699999999999996 60.699999999999996 32.2
      vertex 36.65581260364842 60.699999999999996 32.2
    endloop
  endfacet
  facet normal 0 0 1
    outer loop
      vertex 35.3 60.699999999999996 32.2
      vertex 36.615257048092865 60.699999999999996 32.2
      vertex 35.3 72.03 32.2
    endloop
  endfacet
  facet normal 0 0 1
    outer loop
      vertex 36.699999999999996 60.699999999999996 32.2
      vertex 36.699999999999996 71.3 32.2
      vertex 36.65581260364842 60.699999999999996 32.2
    endloop
  endfacet
  facet normal 0 0 1
    outer loop
      vertex 36.615257048092865 60.699999999999996 32.2
      vertex 36.65581260364842 60.699999999999996 32.2
      vertex 35.97363184079602 71.97 32.2
    endloop
  endfacet
  facet normal 0 0 1
    outer loop
      vertex 36.62407132243685 60.62407132243685 32.2
      vertex 47.97 60.699999999999996 32.2
      vertex 36.699999999999996 60.699999999999996 32.2
    endloop
  endfacet
  facet normal 0 0 1
    outer loop
      vertex 47.97 59.30696517412935 32.2
      vertex 47.97 60.699999999999996 32.2
      vertex 36.62407132243685 60.62407132243685 32.2
    endloop
  endfacet
  facet normal 0 0 1
    outer loop
      vertex 35.3 72.03 32.2
      vertex 36.615257048092865 60.699999999999996 32.2
      vertex 35.97363184079602 71.97 32.2
    endloop
  endfacet
  facet normal 0 0 1
    outer loop
      vertex 36.65581260364842 60.699999999999996 32.2
      vertex 36.699999999999996 71.3 32.2
      vertex 35.97363184079602 71.97 32.2
    endloop
  endfacet
  facet normal 0 0 1
    outer loop
      vertex 36.699999999999996 71.3 32.2
      vertex 36.03 71.97 32.2
      vertex 35.97363184079602 71.97 32.2
    endloop
  endfacet
  facet normal 0 0 1
    outer loop
      vertex 36.699999999999996 71.3 32.2
      vertex 36.35064285714285 71.97 32.2
      vertex 36.03 71.97 32.2
    endloop
  endfacet
  facet normal 0 0 1
    outer loop
      vertex 36.699999999999996 71.3 32.2
      vertex 48.03 71.3 32.2
      vertex 36.35064285714285 71.97 32.2
    endloop
  endfacet
  facet normal 0 0 1
    outer loop
      vertex 36.35064285714285 71.97 32.2
      vertex 48.03 71.3 32.2
      vertex 36.62407132243685 72.62407132243685 32.2
    endloop
  endfacet
  facet normal 0 0 1
    outer loop
      vertex 48.03 71.3 32.2
      vertex 36.699999999999996 72.7 32.2
      vertex 36.62407132243685 72.62407132243685 32.2
    endloop
  endfacet
  facet normal 0 0 1
    outer loop
      vertex 48.03 71.3 32.2
      vertex 48.03 72.7 32.2
      vertex 36.699999999999996 72.7 32.2
    endloop
  endfacet
  facet normal 0 0 1
    outer loop
      vertex 47.97 59.30696517412935 32.2
      vertex 48.03 60.69303482587064 32.2
      vertex 47.97 60.699999999999996 32.2
    endloop
  endfacet
  facet normal 0 0 1
    outer loop
      vertex 47.97 60.699999999999996 32.2
      vertex 48.03 60.69303482587064 32.2
      vertex 59.3 60.699999999999996 32.2
    endloop
  endfacet
  facet normal 1 0 0
    outer loop
      vertex 60.699999999999996 47.97 32.2
      vertex 60.699999999999996 48 12.7
      vertex 60.699999999999996 59.97 32.2
    endloop
  endfacet
  facet normal 0 1 5.240634805851997e-16
    outer loop
      vertex 59.3 48.7 18.641666666666666
      vertex 48.03 48.699999999999996 32.2
      vertex 59.3 48.699999999999996 32.2
    endloop
  endfacet
  facet normal 1 0 0
    outer loop
      vertex 60.699999999999996 60 13.7
      vertex 60.699999999999996 60.03 32.11990049751243
      vertex 60.699999999999996 59.97 32.2
    endloop
  endfacet
  facet normal -1 0 0
    outer loop
      vertex 59.3 59.3 18.641666666666666
      vertex 59.3 48.699999999999996 32.2
      vertex 59.3 59.3 32.2
    endloop
  endfacet
  facet normal -1 0 0
    outer loop
      vertex 71.3 60 13.7
      vertex 71.3 48.03 32.2
      vertex 71.3 60.03 32.2
    endloop
  endfacet
  facet normal 0 1 0
    outer loop
      vertex 71.97 60.03 13.702499999999999
      vertex 71.3 60.03 32.2
      vertex 71.97 60.03 32.2
    endloop
  endfacet
  facet normal 0 0 1
    outer loop
      vertex 60.03 47.97 32.2
      vertex 59.3 48.69957628524046 32.2
      vertex 48.03 48.69303482587064 32.2
    endloop
  endfacet
  facet normal 0 0 1
    outer loop
      vertex 48.03 48.699999999999996 32.2
      vertex 59.3 48.69957628524046 32.2
      vertex 59.3 48.699999999999996 32.2
    endloop
  endfacet
  facet normal 0 0 1
    outer loop
      vertex 60.03 47.97 32.2
      vertex 59.3 48.699999999999996 32.2
      vertex 59.3 48.69957628524046 32.2
    endloop
  endfacet
  facet normal 0 0 1
    outer loop
      vertex 60.03 47.97 32.2
      vertex 60.699999999999996 47.97 32.2
      vertex 59.3 59.3 32.2
    endloop
  endfacet
  facet normal 0 0 1
    outer loop
      vertex 60.03 47.97 32.2
      vertex 59.3 59.3 32.2
      vertex 59.3 48.699999999999996 32.2
    endloop
  endfacet
  facet normal 0 0 1
    outer loop
      vertex 47.97 59.30696517412935 32.2
      vertex 59.3 59.3 32.2
      vertex 59.3 59.38474295190713 32.2
    endloop
  endfacet
  facet normal 0 0 1
    outer loop
      vertex 48.03 60.69303482587064 32.2
      vertex 59.3 59.38474295190713 32.2
      vertex 59.3 60.070334618573796 32.2
    endloop
  endfacet
  facet normal 0 0 1
    outer loop
      vertex 60.699999999999996 47.97 32.2
      vertex 59.375928677563145 59.375928677563145 32.2
      vertex 59.3 59.3 32.2
    endloop
  endfacet
  facet normal 0 0 1
    outer loop
      vertex 60.699999999999996 47.97 32.2
      vertex 60.699999999999996 59.97 32.2
      vertex 59.375928677563145 59.375928677563145 32.2
    endloop
  endfacet
  facet normal 0 0 1
    outer loop
      vertex 59.3 59.3 32.2
      vertex 59.375928677563145 59.375928677563145 32.2
      vertex 59.3 59.38474295190713 32.2
    endloop
  endfacet
  facet normal 0 0 1
    outer loop
      vertex 59.3 59.38474295190713 32.2
      vertex 59.375928677563145 59.375928677563145 32.2
      vertex 59.962120075046904 59.97 32.2
    endloop
  endfacet
  facet normal 0 0 1
    outer loop
      vertex 59.375928677563145 59.375928677563145 32.2
      vertex 59.97 59.97 32.2
      vertex 59.962120075046904 59.97 32.2
    endloop
  endfacet
  facet normal 0 0 1
    outer loop
      vertex 59.375928677563145 59.375928677563145 32.2
      vertex 60.69303482587064 60.03 32.2
      vertex 59.97 59.97 32.2
    endloop
  endfacet
  facet normal 0 0 1
    outer loop
      vertex 59.3 59.38474295190713 32.2
      vertex 59.962120075046904 59.97 32.2
      vertex 59.3 60.070334618573796 32.2
    endloop
  endfacet
  facet normal 0 0 1
    outer loop
      vertex 59.375928677563145 59.375928677563145 32.2
      vertex 60.699999999999996 59.97 32.2
      vertex 60.69303482587064 60.03 32.2
    endloop
  endfacet
  facet normal 0 0 1
    outer loop
      vertex 71.97363184079602 47.97 32.2
      vertex 71.3 60.03 32.2
      vertex 71.3 48.03 32.2
    endloop
  endfacet
  facet normal 0 0 1
    outer loop
      vertex 71.97363184079602 47.97 32.2
      vertex 72.03 47.97 32.2
      vertex 71.3 60.03 32.2
    endloop
  endfacet
  facet normal 0 0 1
    outer loop
      vertex 71.3 60.03 32.2
      vertex 72.03 47.97 32.2
      vertex 72.35064285714286 47.97 32.2
    endloop
  endfacet
  facet normal 0 0 1
    outer loop
      vertex 71.3 60.03 32.2
      vertex 72.62407132243685 48.62407132243685 32.2
      vertex 71.97 60.03 32.2
    endloop
  endfacet
  facet normal 0 1 4.880659890739096e-16
    outer loop
      vertex 59.3 60.7 17.641666666666666
      vertex 47.97 60.699999999999996 32.2
      vertex 59.3 60.699999999999996 32.2
    endloop
  endfacet
  facet normal -1 0 0
    outer loop
      vertex 59.3 72 16.7
      vertex 59.3 60.699999999999996 32.2
      vertex 59.3 72.03 32.2
    endloop
  endfacet
  facet normal 1 0 0
    outer loop
      vertex 60.699999999999996 72 14.7
      vertex 60.699999999999996 72.03 32.2
      vertex 60.699999999999996 60.03 32.11990049751243
    endloop
  endfacet
  facet normal 0 1 0
    outer loop
      vertex 60.699999999999996 72.03 14.702499999999999
      vertex 59.3 72.03 32.2
      vertex 60.699999999999996 72.03 32.2
    endloop
  endfacet
  facet normal -1 0 0
    outer loop
      vertex 71.97 60.699999999999996 13.758333333333331
      vertex 71.97 60.03 32.2
      vertex 71.97 60.699999999999996 32.2
    endloop
  endfacet
  facet normal -1 0 0
    outer loop
      vertex 71.97 72 14.7
      vertex 71.97 71.3 32.2
      vertex 71.97 72.7 32.2
    endloop
  endfacet
  facet normal 0 0 1
    outer loop
      vertex 48.03 60.69303482587064 32.2
      vertex 59.3 60.070334618573796 32.2
      vertex 59.3 60.699999999999996 32.2
    endloop
  endfacet
  facet normal 0 0 1
    outer loop
      vertex 59.3 60.070334618573796 32.2
      vertex 59.962120075046904 59.97 32.2
      vertex 59.3 60.699999999999996 32.2
    endloop
  endfacet
  facet normal 0 0 1
    outer loop
      vertex 59.962120075046904 59.97 32.2
      vertex 59.97 59.97 32.2
      vertex 59.3 60.699999999999996 32.2
    endloop
  endfacet
  facet normal 0 0 1
    outer loop
      vertex 59.97 59.97 32.2
      vertex 59.3 72.03 32.2
      vertex 59.3 60.699999999999996 32.2
    endloop
  endfacet
  facet normal 0 0 1
    outer loop
      vertex 59.97 59.97 32.2
      vertex 60.69303482587064 60.03 32.2
      vertex 59.3 72.03 32.2
    endloop
  endfacet
  facet normal 1 0 0
    outer loop
      vertex 60.699999999999996 59.97 32.2
      vertex 60.699999999999996 60.03 32.11990049751243
      vertex 60.699999999999996 72.03 32.2
    endloop
  endfacet
  facet normal 0 0 1
    outer loop
      vertex 60.699999999999996 59.97 32.2
      vertex 60.699999999999996 72.03 32.2
      vertex 60.69303482587064 60.03 32.2
    endloop
  endfacet
  facet normal 0 0 1
    outer loop
      vertex 60.69303482587064 60.03 32.2
      vertex 60.699999999999996 72.03 32.2
      vertex 59.3 72.03 32.2
    endloop
  endfacet
  facet normal 1 0 0
    outer loop
      vertex 36.699999999999996 72.7 17.641666666666666
      vertex 36.699999999999996 84 17.641666666666666
      vertex 36.699999999999996 84 17.7
    endloop
  endfacet
  facet normal -1 0 0
    outer loop
      vertex 47.97 83.3 16.7025
      vertex 47.97 84 17.7
      vertex 47.97 84 16.7025
    endloop
  endfacet
  facet normal 0 1 0
    outer loop
      vertex 36.699999999999996 72.7 17.641666666666666
      vertex 36.699999999999996 72.7 32.2
      vertex 48 72.7 16.7
    endloop
  endfacet
  facet normal 1 0 0
    outer loop
      vertex 36.699999999999996 72.7 17.641666666666666
      vertex 36.699999999999996 84 17.7
      vertex 36.699999999999996 84.03 32.2
    endloop
  endfacet
  facet normal 1 0 0
    outer loop
      vertex 36.03 84.03 17.7025
      vertex 36.03 84.7 17.758333333333333
      vertex 36.03 84.03 32.2
    endloop
  endfacet
  facet normal 0 1 0
    outer loop
      vertex 36.03 84.03 17.7025
      vertex 36.03 84.03 32.2
      vertex 36.699999999999996 84.03 17.7025
    endloop
  endfacet
  facet normal 1 0 0
    outer loop
      vertex 36.699999999999996 84 17.7
      vertex 36.699999999999996 84.03 17.7025
      vertex 36.699999999999996 84.03 32.2
    endloop
  endfacet
  facet normal 1 0 0
    outer loop
      vertex 48.03 72 16.7
      vertex 48.03 72.7 16.697499999999998
      vertex 48.03 72.7 32.2
    endloop
  endfacet
  facet normal 0 1 0
    outer loop
      vertex 48 72.7 16.7
      vertex 48.03 72.7 32.2
      vertex 48.03 72.7 16.697499999999998
    endloop
  endfacet
  facet normal 0 -1 0
    outer loop
      vertex 48 83.3 16.7
      vertex 47.97 83.3 32.2
      vertex 47.97 83.3 16.7025
    endloop
  endfacet
  facet normal -1 0 0
    outer loop
      vertex 47.97 83.3 16.7025
      vertex 47.97 83.3 32.2
      vertex 47.97 84 17.7
    endloop
  endfacet
  facet normal -1 0 0
    outer loop
      vertex 47.97 84 17.7
      vertex 47.97 83.3 32.2
      vertex 47.97 84.7 17.758333333333333
    endloop
  endfacet
  facet normal 0 1 0
    outer loop
      vertex 36 84.7 17.758333333333333
      vertex 36 84.7 18.7
      vertex 36.03 84.7 17.758333333333333
    endloop
  endfacet
  facet normal 0 1 0
    outer loop
      vertex 48 84.7 17.758333333333333
      vertex 47.97 84.7 17.758333333333333
      vertex 48 84.7 18.7
    endloop
  endfacet
  facet normal 0 1 0
    outer loop
      vertex 36.03 84.7 17.758333333333333
      vertex 36 84.7 18.7
      vertex 36.03 84.7 32.2
    endloop
  endfacet
  facet normal 0 1 0
    outer loop
      vertex 47.97 96.7 0
      vertex 36.03 96.7 32.2
      vertex 47.97 96.7 32.2
    endloop
  endfacet
  facet normal 0 -1 0
    outer loop
      vertex 36 95.3 18.641666666666666
      vertex 36.03 95.3 32.2
      vertex 36 95.3 18.7
    endloop
  endfacet
  facet normal 0 -1 0
    outer loop
      vertex 36 95.3 18.641666666666666
      vertex 48 95.3 18.641666666666666
      vertex 36.03 95.3 32.2
    endloop
  endfacet
  facet normal 0 1 0
    outer loop
      vertex 47.97 84.7 17.758333333333333
      vertex 47.97 84.7 32.2
      vertex 48 84.7 18.7
    endloop
  endfacet
  facet normal 0 1 0
    outer loop
      vertex 48 84.7 18.7
      vertex 47.97 84.7 32.2
      vertex 59.3 84.7 19.641666666666666
    endloop
  endfacet
  facet normal 0 -1 0
    outer loop
      vertex 48 95.3 18.641666666666666
      vertex 48 95.3 18.7
      vertex 47.97 95.3 32.2
    endloop
  endfacet
  facet normal 0 -1 0
    outer loop
      vertex 60 83.3 15.7
      vertex 60.03 83.3 32.2
      vertex 48 83.3 16.7
    endloop
  endfacet
  facet normal 0 -1 0
    outer loop
      vertex 60 83.3 15.641666666666666
      vertex 60.03 83.3 32.2
      vertex 60 83.3 15.7
    endloop
  endfacet
  facet normal -1 0 0
    outer loop
      vertex 71.97 72 14.7
      vertex 71.97 72.7 32.2
      vertex 71.97 72.7 14.758333333333333
    endloop
  endfacet
  facet normal 0 1 0
    outer loop
      vertex 71.97 72.7 14.758333333333333
      vertex 71.97 72.7 32.2
      vertex 72 72.7 15.7
    endloop
  endfacet
  facet normal 0 -1 0
    outer loop
      vertex 60 83.3 15.641666666666666
      vertex 72 83.3 15.7
      vertex 71.97 83.3 32.2
    endloop
  endfacet
  facet normal 1 0 0
    outer loop
      vertex 60.699999999999996 84.7 12.641666666666666
      vertex 60.699999999999996 95.3 12.641666666666666
      vertex 60.699999999999996 95.3 32.2
    endloop
  endfacet
  facet normal 0 1 0
    outer loop
      vertex 60.699999999999996 84.7 12.641666666666666
      vertex 60.699999999999996 84.7 32.2
      vertex 72 84.7 11.7
    endloop
  endfacet
  facet normal 0 -1 0
    outer loop
      vertex 60.699999999999996 95.3 12.641666666666666
      vertex 72 95.3 11.7
      vertex 72.03 95.3 32.2
    endloop
  endfacet
  facet normal -1 0 0
    outer loop
      vertex 59.3 84.7 19.641666666666666
      vertex 59.3 84.7 32.2
      vertex 59.3 95.3 19.641666666666666
    endloop
  endfacet
  facet normal 0 1 0
    outer loop
      vertex 60.03 96.7 0
      vertex 47.97 96.7 32.2
      vertex 60.03 96.7 32.2
    endloop
  endfacet
  facet normal 0 -1 0
    outer loop
      vertex 48 95.3 18.7
      vertex 59.3 95.3 19.641666666666666
      vertex 59.3 95.3 32.2
    endloop
  endfacet
  facet normal 0 1 0
    outer loop
      vertex 60.03 96.7 32.2
      vertex 72.03 96.7 32.2
      vertex 72.03 96.7 0
    endloop
  endfacet
  facet normal 1 0 0
    outer loop
      vertex 36.699999999999996 72.7 17.641666666666666
      vertex 36.699999999999996 84.03 32.2
      vertex 36.699999999999996 72.7 32.2
    endloop
  endfacet
  facet normal 0 1 0
    outer loop
      vertex 48 72.7 16.7
      vertex 36.699999999999996 72.7 32.2
      vertex 48.03 72.7 32.2
    endloop
  endfacet
  facet normal 1 0 0
    outer loop
      vertex 36.03 84.7 17.758333333333333
      vertex 36.03 84.7 32.2
      vertex 36.03 84.03 32.2
    endloop
  endfacet
  facet normal 0 1 0
    outer loop
      vertex 36.699999999999996 84.03 17.7025
      vertex 36.03 84.03 32.2
      vertex 36.699999999999996 84.03 32.2
    endloop
  endfacet
  facet normal -1 0 0
    outer loop
      vertex 47.97 84.7 17.758333333333333
      vertex 47.97 83.3 32.2
      vertex 47.97 84.7 32.2
    endloop
  endfacet
  facet normal 0 -1 0
    outer loop
      vertex 48 83.3 16.7
      vertex 60.03 83.3 32.2
      vertex 47.97 83.3 32.2
    endloop
  endfacet
  facet normal 0 0 1
    outer loop
      vertex 36.35064285714285 71.97 32.2
      vertex 36.62407132243685 72.62407132243685 32.2
      vertex 36.61910798798335 72.62464749724903 32.2
    endloop
  endfacet
  facet normal 0 0 1
    outer loop
      vertex 35.3 83.3 32.2
      vertex 35.97363184079602 71.97 32.2
      vertex 36.03 71.97 32.2
    endloop
  endfacet
  facet normal 0 0 1
    outer loop
      vertex 35.3 83.3 32.2
      vertex 36.03 71.97 32.2
      vertex 36.35064285714285 71.97 32.2
    endloop
  endfacet
  facet normal 0 0 1
    outer loop
      vertex 35.3 83.3 32.2
      vertex 36.35064285714285 71.97 32.2
      vertex 36.61910798798335 72.62464749724903 32.2
    endloop
  endfacet
  facet normal 0 0 1
    outer loop
      vertex 35.3 83.3 32.2
      vertex 36.61910798798335 72.62464749724903 32.2
      vertex 36.62407132243685 72.62407132243685 32.2
    endloop
  endfacet
  facet normal 0 0 1
    outer loop
      vertex 35.375928677563145 83.37592867756315 32.2
      vertex 36.62407132243685 72.62407132243685 32.2
      vertex 36.699999999999996 72.7 32.2
    endloop
  endfacet
  facet normal 0 0 1
    outer loop
      vertex 35.3 83.3 32.2
      vertex 36.62407132243685 72.62407132243685 32.2
      vertex 35.375928677563145 83.37592867756315 32.2
    endloop
  endfacet
  facet normal 0 0 1
    outer loop
      vertex 35.375928677563145 83.37592867756315 32.2
      vertex 36.699999999999996 72.7 32.2
      vertex 36.699999999999996 84.03 32.2
    endloop
  endfacet
  facet normal 0 0 1
    outer loop
      vertex 35.375928677563145 83.37592867756315 32.2
      vertex 36.699999999999996 84.03 32.2
      vertex 36.03 84.03 32.2
    endloop
  endfacet
  facet normal 0 0 1
    outer loop
      vertex 47.97 83.3 32.2
      vertex 59.97 83.30696517412935 32.2
      vertex 47.97 84.7 32.2
    endloop
  endfacet
  facet normal 0 -1 0
    outer loop
      vertex 48 95.3 18.641666666666666
      vertex 47.97 95.3 32.2
      vertex 36.03 95.3 32.2
    endloop
  endfacet
  facet normal 0 -1 0
    outer loop
      vertex 48 95.3 18.7
      vertex 59.3 95.3 32.2
      vertex 47.97 95.3 32.2
    endloop
  endfacet
  facet normal 0 0 1
    outer loop
      vertex 35.97 95.30696517412935 32.2
      vertex 36.03 95.3 32.2
      vertex 36.03 96.69303482587065 32.2
    endloop
  endfacet
  facet normal 0 0 1
    outer loop
      vertex 36.03 95.3 32.2
      vertex 47.97 95.30696517412935 32.2
      vertex 36.03 96.69303482587065 32.2
    endloop
  endfacet
  facet normal 0 0 1
    outer loop
      vertex 36.03 96.7 32.2
      vertex 36.03 96.69303482587065 32.2
      vertex 47.97 96.7 32.2
    endloop
  endfacet
  facet normal 0 0 1
    outer loop
      vertex 36.03 95.3 32.2
      vertex 47.97 95.3 32.2
      vertex 47.97 95.30696517412935 32.2
    endloop
  endfacet
  facet normal 0 0 1
    outer loop
      vertex 36.03 96.69303482587065 32.2
      vertex 47.97 95.30696517412935 32.2
      vertex 47.97029850746265 96.69996534739239 32.2
    endloop
  endfacet
  facet normal 0 0 1
    outer loop
      vertex 36.03 96.69303482587065 32.2
      vertex 47.97029850746265 96.69996534739239 32.2
      vertex 47.97 96.7 32.2
    endloop
  endfacet
  facet normal 0 0 1
    outer loop
      vertex 47.97 95.3 32.2
      vertex 59.3 95.3 32.2
      vertex 47.97 95.30696517412935 32.2
    endloop
  endfacet
  facet normal 0 0 1
    outer loop
      vertex 47.97 95.30696517412935 32.2
      vertex 59.3 95.38474295190713 32.2
      vertex 47.97029850746265 96.69996534739239 32.2
    endloop
  endfacet
  facet normal 0 0 1
    outer loop
      vertex 47.97029850746265 96.69996534739239 32.2
      vertex 60.03 95.97 32.2
      vertex 47.97 96.7 32.2
    endloop
  endfacet
  facet normal 0 -1 0
    outer loop
      vertex 60 83.3 15.641666666666666
      vertex 71.97 83.3 32.2
      vertex 60.03 83.3 32.2
    endloop
  endfacet
  facet normal 0 0 1
    outer loop
      vertex 47.97 83.3 32.2
      vertex 60.03 83.3 32.2
      vertex 59.97 83.30696517412935 32.2
    endloop
  endfacet
  facet normal 0 0 1
    outer loop
      vertex 47.97 84.7 32.2
      vertex 59.97 83.30696517412935 32.2
      vertex 59.3 84.69345643259656 32.2
    endloop
  endfacet
  facet normal 0 0 1
    outer loop
      vertex 60.03 83.3 32.2
      vertex 60.03 83.97 32.2
      vertex 59.97 83.30696517412935 32.2
    endloop
  endfacet
  facet normal 0 0 1
    outer loop
      vertex 59.97 83.30696517412935 32.2
      vertex 60.03 83.97 32.2
      vertex 59.998701363962674 83.97 32.2
    endloop
  endfacet
  facet normal 0 0 1
    outer loop
      vertex 59.97 83.30696517412935 32.2
      vertex 59.998701363962674 83.97 32.2
      vertex 59.3 84.69345643259656 32.2
    endloop
  endfacet
  facet normal 0 0 1
    outer loop
      vertex 59.998701363962674 83.97 32.2
      vertex 60.03 83.97 32.2
      vertex 59.3 84.69345643259656 32.2
    endloop
  endfacet
  facet normal 0 0 1
    outer loop
      vertex 60.03 83.97 32.2
      vertex 60.61910798798335 84.62464749724903 32.2
      vertex 59.3 84.69345643259656 32.2
    endloop
  endfacet
  facet normal 0 0 1
    outer loop
      vertex 60.03 83.3 32.2
      vertex 60.61910798798335 84.62464749724903 32.2
      vertex 60.03 83.97 32.2
    endloop
  endfacet
  facet normal 0 0 1
    outer loop
      vertex 60.03 83.3 32.2
      vertex 71.97 83.30696517412935 32.2
      vertex 60.61910798798335 84.62464749724903 32.2
    endloop
  endfacet
  facet normal 0 0 1
    outer loop
      vertex 60.03 83.3 32.2
      vertex 71.97 83.3 32.2
      vertex 71.97 83.30696517412935 32.2
    endloop
  endfacet
  facet normal 0 0 1
    outer loop
      vertex 71.97 83.30696517412935 32.2
      vertex 71.97029850746264 84.69996534739239 32.2
      vertex 60.61910798798335 84.62464749724903 32.2
    endloop
  endfacet
  facet normal 1 0 0
    outer loop
      vertex 60.699999999999996 84.7 12.641666666666666
      vertex 60.699999999999996 95.3 32.2
      vertex 60.699999999999996 84.7 32.2
    endloop
  endfacet
  facet normal 0 1 0
    outer loop
      vertex 59.3 84.7 19.641666666666666
      vertex 47.97 84.7 32.2
      vertex 59.3 84.7 32.2
    endloop
  endfacet
  facet normal -1 0 0
    outer loop
      vertex 59.3 95.3 19.641666666666666
      vertex 59.3 84.7 32.2
      vertex 59.3 95.3 32.2
    endloop
  endfacet
  facet normal 0 1 0
    outer loop
      vertex 60.699999999999996 84.7 32.2
      vertex 71.97 84.7 32.2
      vertex 72 84.7 11.7
    endloop
  endfacet
  facet normal 0 -1 0
    outer loop
      vertex 60.699999999999996 95.3 12.641666666666666
      vertex 72.03 95.3 32.2
      vertex 60.699999999999996 95.3 32.2
    endloop
  endfacet
  facet normal 0 0 1
    outer loop
      vertex 47.97 84.7 32.2
      vertex 59.3 84.69345643259656 32.2
      vertex 59.3 84.7 32.2
    endloop
  endfacet
  facet normal 0 0 1
    outer loop
      vertex 59.3 84.69345643259656 32.2
      vertex 60.609796999117385 84.7 32.2
      vertex 59.3 84.7 32.2
    endloop
  endfacet
  facet normal 0 0 1
    outer loop
      vertex 59.3 84.69345643259656 32.2
      vertex 60.61910798798335 84.62464749724903 32.2
      vertex 60.609796999117385 84.7 32.2
    endloop
  endfacet
  facet normal 0 0 1
    outer loop
      vertex 60.61910798798335 84.62464749724903 32.2
      vertex 60.615257048092865 84.7 32.2
      vertex 60.609796999117385 84.7 32.2
    endloop
  endfacet
  facet normal 0 0 1
    outer loop
      vertex 60.61910798798335 84.62464749724903 32.2
      vertex 60.699999999999996 84.7 32.2
      vertex 60.615257048092865 84.7 32.2
    endloop
  endfacet
  facet normal 0 0 1
    outer loop
      vertex 59.3 84.7 32.2
      vertex 60.609796999117385 84.7 32.2
      vertex 59.3 95.3 32.2
    endloop
  endfacet
  facet normal 0 0 1
    outer loop
      vertex 60.609796999117385 84.7 32.2
      vertex 60.615257048092865 84.7 32.2
      vertex 59.3 95.3 32.2
    endloop
  endfacet
  facet normal 0 0 1
    outer loop
      vertex 60.615257048092865 84.7 32.2
      vertex 60.699999999999996 84.7 32.2
      vertex 60.699999999999996 95.3 32.2
    endloop
  endfacet
  facet normal 0 0 1
    outer loop
      vertex 47.97 95.30696517412935 32.2
      vertex 59.3 95.3 32.2
      vertex 59.3 95.38474295190713 32.2
    endloop
  endfacet
  facet normal 0 0 1
    outer loop
      vertex 47.97029850746265 96.69996534739239 32.2
      vertex 59.3 95.38474295190713 32.2
      vertex 60.03 95.64935714285714 32.2
    endloop
  endfacet
  facet normal 0 0 1
    outer loop
      vertex 47.97029850746265 96.69996534739239 32.2
      vertex 60.03 95.64935714285714 32.2
      vertex 60.03 95.97 32.2
    endloop
  endfacet
  facet normal 0 0 1
    outer loop
      vertex 47.97 96.7 32.2
      vertex 60.03 95.97 32.2
      vertex 60.03 96.7 32.2
    endloop
  endfacet
  facet normal 0 0 1
    outer loop
      vertex 60.615257048092865 84.7 32.2
      vertex 59.375928677563145 95.37592867756315 32.2
      vertex 59.3 95.3 32.2
    endloop
  endfacet
  facet normal 0 0 1
    outer loop
      vertex 60.615257048092865 84.7 32.2
      vertex 60.699999999999996 95.3 32.2
      vertex 59.375928677563145 95.37592867756315 32.2
    endloop
  endfacet
  facet normal 0 0 1
    outer loop
      vertex 59.3 95.3 32.2
      vertex 59.375928677563145 95.37592867756315 32.2
      vertex 59.3 95.38474295190713 32.2
    endloop
  endfacet
  facet normal 0 0 1
    outer loop
      vertex 59.3 95.38474295190713 32.2
      vertex 59.375928677563145 95.37592867756315 32.2
      vertex 60.03 95.64935714285714 32.2
    endloop
  endfacet
  facet normal 0 0 1
    outer loop
      vertex 59.375928677563145 95.37592867756315 32.2
      vertex 60.699999999999996 95.3 32.2
      vertex 60.03 95.64935714285714 32.2
    endloop
  endfacet
  facet normal 0 0 1
    outer loop
      vertex 60.03 95.64935714285714 32.2
      vertex 60.699999999999996 95.3 32.2
      vertex 60.03 95.97 32.2
    endloop
  endfacet
  facet normal 0 0 1
    outer loop
      vertex 60.61910798798335 84.62464749724903 32.2
      vertex 71.97 84.7 32.2
      vertex 60.699999999999996 84.7 32.2
    endloop
  endfacet
  facet normal 0 0 1
    outer loop
      vertex 60.61910798798335 84.62464749724903 32.2
      vertex 71.97029850746264 84.69996534739239 32.2
      vertex 71.97 84.7 32.2
    endloop
  endfacet
  facet normal 0 0 1
    outer loop
      vertex 60.03 95.97 32.2
      vertex 72.03 96.7 32.2
      vertex 60.03 96.7 32.2
    endloop
  endfacet
  facet normal 0 0 1
    outer loop
      vertex 60.03 95.97 32.2
      vertex 60.699999999999996 95.3 32.2
      vertex 71.97 95.30696517412935 32.2
    endloop
  endfacet
  facet normal 0 0 1
    outer loop
      vertex 60.699999999999996 95.3 32.2
      vertex 72.03 95.3 32.2
      vertex 71.97 95.30696517412935 32.2
    endloop
  endfacet
  facet normal 0 0 1
    outer loop
      vertex 60.03 95.97 32.2
      vertex 71.97 95.30696517412935 32.2
      vertex 72.03 96.69303482587065 32.2
    endloop
  endfacet
  facet normal 0 0 1
    outer loop
      vertex 60.03 95.97 32.2
      vertex 72.03 96.69303482587065 32.2
      vertex 72.03 96.7 32.2
    endloop
  endfacet
  facet normal 0 0 -1
    outer loop
      vertex 72 0 0
      vertex 72 0.6999825870646765 0
      vertex 72.68868942428341 0.6886894242834087 0
    endloop
  endfacet
  facet normal 0 0 -1
    outer loop
      vertex 72 0.6999825870646765 0
      vertex 72.69957653103505 0.6995765310350541 0
      vertex 72.68868942428341 0.6886894242834087 0
    endloop
  endfacet
  facet normal 0 0 -1
    outer loop
      vertex 72.03 -0.6930348258706465 0
      vertex 72 0 0
      vertex 78 0 0
    endloop
  endfacet
  facet normal 0 0 -1
    outer loop
      vertex 72 0 0
      vertex 72.68868942428341 0.6886894242834087 0
      vertex 78 0 0
    endloop
  endfacet
  facet normal 0 0 -1
    outer loop
      vertex 71.97 -0.7 0
      vertex 72.03 -0.6930348258706465 0
      vertex 84.03 -0.7 0
    endloop
  endfacet
  facet normal 0 0 -1
    outer loop
      vertex 72.03 -0.6930348258706465 0
      vertex 78 0 0
      vertex 84.03 -0.6930348258706465 0
    endloop
  endfacet
  facet normal 0 0 -1
    outer loop
      vertex 72.03 -0.6930348258706465 0
      vertex 84.03 -0.6930348258706465 0
      vertex 84.03 -0.7 0
    endloop
  endfacet
  facet normal 0 0 -1
    outer loop
      vertex 78 0 0
      vertex 84.00129863603733 -0.03 0
      vertex 84.03 -0.6930348258706465 0
    endloop
  endfacet
  facet normal 0 0 -1
    outer loop
      vertex 78 0 0
      vertex 83.97261506880137 0 0
      vertex 84.00129863603733 -0.03 0
    endloop
  endfacet
  facet normal 0 0 -1
    outer loop
      vertex 84.03 -0.6930348258706465 0
      vertex 84.00129863603733 -0.03 0
      vertex 84.03 -0.03 0
    endloop
  endfacet
  facet normal 0 0 -1
    outer loop
      vertex 84.03 -0.6930348258706465 0
      vertex 84.03 -0.03 0
      vertex 84.03002777234377 0 0
    endloop
  endfacet
  facet normal 0 0 -1
    outer loop
      vertex 84.00129863603733 -0.03 0
      vertex 83.97261506880137 0 0
      vertex 84.03002777234377 0 0
    endloop
  endfacet
  facet normal 0 0 -1
    outer loop
      vertex 84.00129863603733 -0.03 0
      vertex 84.03002777234377 0 0
      vertex 84.03 -0.03 0
    endloop
  endfacet
  facet normal 0 0 -1
    outer loop
      vertex 83.97261506880137 0 0
      vertex 84 0.6596743865965066 0
      vertex 84.03002777234377 0 0
    endloop
  endfacet
  facet normal 0 0 -1
    outer loop
      vertex 84.03002777234377 0 0
      vertex 84 0.6596743865965066 0
      vertex 84.69958551039991 0.6995855103999165 0
    endloop
  endfacet
  facet normal 0 0 -1
    outer loop
      vertex 84 0.6596743865965066 0
      vertex 84.7 0.7 0
      vertex 84.69958551039991 0.6995855103999165 0
    endloop
  endfacet
  facet normal 0 0 -1
    outer loop
      vertex 84 0.6596743865965066 0
      vertex 84.7 12 0
      vertex 84.7 0.7 0
    endloop
  endfacet
  facet normal 0 0 -1
    outer loop
      vertex 84.03 -0.7 0
      vertex 84.03 -0.6930348258706465 0
      vertex 95.97 -0.7 0
    endloop
  endfacet
  facet normal 0 0 -1
    outer loop
      vertex 84.03 -0.6930348258706465 0
      vertex 84.03002777234377 0 0
      vertex 95.97 -0.7 0
    endloop
  endfacet
  facet normal 0 0 -1
    outer loop
      vertex 84 0.6596743865965066 0
      vertex 84 11.534383561643821 0
      vertex 84.7 12 0
    endloop
  endfacet
  facet normal 1 0 0
    outer loop
      vertex 84.7 0.7 7.641666666666667
      vertex 84.7 12 7.641666666666667
      vertex 84.7 12 7.7
    endloop
  endfacet
  facet normal 0 0 -1
    outer loop
      vertex 72 11.97 0
      vertex 72 12 0
      vertex 72.03001239072073 12 0
    endloop
  endfacet
  facet normal 0 0 -1
    outer loop
      vertex 72 12 0
      vertex 72.35 12.350000000000001 0
      vertex 72.03001239072073 12 0
    endloop
  endfacet
  facet normal 0 0 -1
    outer loop
      vertex 72 12 0
      vertex 72 12.659858601728201 0
      vertex 72.35 12.350000000000001 0
    endloop
  endfacet
  facet normal 0 0 -1
    outer loop
      vertex 72.35 12.350000000000001 0
      vertex 72 12.659858601728201 0
      vertex 72.7 12.700000000000001 0
    endloop
  endfacet
  facet normal 0 0 -1
    outer loop
      vertex 72 12.659858601728201 0
      vertex 72 18.00000000000002 0
      vertex 72.7 12.700000000000001 0
    endloop
  endfacet
  facet normal 0 0 -1
    outer loop
      vertex 72.03015 12 0
      vertex 84 12.696517412935325 0
      vertex 84 12 0
    endloop
  endfacet
  facet normal 0 0 -1
    outer loop
      vertex 72.03015 12 0
      vertex 84 12.698179332862669 0
      vertex 84 12.696517412935325 0
    endloop
  endfacet
  facet normal 0 0 -1
    outer loop
      vertex 72.7 12.700000000000001 0
      vertex 72 18.00000000000002 0
      vertex 72.7 24 0
    endloop
  endfacet
  facet normal 0 0 -1
    outer loop
      vertex 72 18.00000000000002 0
      vertex 72.03 24.03 0
      vertex 72.69651741293532 24 0
    endloop
  endfacet
  facet normal 0 0 -1
    outer loop
      vertex 72 18.00000000000002 0
      vertex 72.69651741293532 24 0
      vertex 72.7 24 0
    endloop
  endfacet
  facet normal 0 0 -1
    outer loop
      vertex 83.3 11.299999999999997 0
      vertex 84 12 0
      vertex 84 11.534383561643821 0
    endloop
  endfacet
  facet normal 0 0 -1
    outer loop
      vertex 84 11.534383561643821 0
      vertex 84 12 0
      vertex 84.7 12 0
    endloop
  endfacet
  facet normal 0 0 -1
    outer loop
      vertex 84.03 12.030000000000001 0
      vertex 84 12 0
      vertex 84 12.696517412935325 0
    endloop
  endfacet
  facet normal 0 0 -1
    outer loop
      vertex 84 23.3 0
      vertex 84 23.30348258706468 0
      vertex 90 24 0
    endloop
  endfacet
  facet normal 0 0 -1
    outer loop
      vertex 84.03002777234377 0 0
      vertex 96.03 -0.6930348258706465 0
      vertex 95.97 -0.7 0
    endloop
  endfacet
  facet normal 0 0 -1
    outer loop
      vertex 84.03002777234377 0 0
      vertex 96 0 0
      vertex 96.03 -0.6930348258706465 0
    endloop
  endfacet
  facet normal 0 0 -1
    outer loop
      vertex 96 0 0
      vertex 96 0.6999825870646765 0
      vertex 96.69303482587064 0.6930348258706465 0
    endloop
  endfacet
  facet normal 0 0 -1
    outer loop
      vertex 96 0.6999825870646765 0
      vertex 96.69957653103505 0.6995765310350541 0
      vertex 96.69303482587064 0.6930348258706465 0
    endloop
  endfacet
  facet normal 0 0 -1
    outer loop
      vertex 96.03 -0.6930348258706465 0
      vertex 96 0 0
      vertex 102 0 0
    endloop
  endfacet
  facet normal 0 0 -1
    outer loop
      vertex 96 0 0
      vertex 96.69303482587064 0.6930348258706465 0
      vertex 102 0 0
    endloop
  endfacet
  facet normal 0 0 -1
    outer loop
      vertex 95.97 -0.7 0
      vertex 96.03 -0.6930348258706465 0
      vertex 108.03 -0.7 0
    endloop
  endfacet
  facet normal 0 0 -1
    outer loop
      vertex 96.03 -0.6930348258706465 0
      vertex 102 0 0
      vertex 108.03 -0.6930348258706465 0
    endloop
  endfacet
  facet normal 0 0 -1
    outer loop
      vertex 96.03 -0.6930348258706465 0
      vertex 108.03 -0.6930348258706465 0
      vertex 108.03 -0.7 0
    endloop
  endfacet
  facet normal 0 0 -1
    outer loop
      vertex 102 0 0
      vertex 108 0 0
      vertex 108.03 -0.6930348258706465 0
    endloop
  endfacet
  facet normal 0 0 -1
    outer loop
      vertex 108.03 -0.6930348258706465 0
      vertex 108 0 0
      vertex 108.03 0.030000000000001137 0
    endloop
  endfacet
  facet normal 0 0 -1
    outer loop
      vertex 108 0 0
      vertex 108 0.6965174129353232 0
      vertex 108.03 0.030000000000001137 0
    endloop
  endfacet
  facet normal 0 0 -1
    outer loop
      vertex 96 11.3 0
      vertex 96 11.303482587064677 0
      vertex 108 11.3 0
    endloop
  endfacet
  facet normal 0 -1 0
    outer loop
      vertex 108 11.3 4.758333333333334
      vertex 108.03 11.3 4.758333333333334
      vertex 108 11.3 5.7
    endloop
  endfacet
  facet normal 0 0 -1
    outer loop
      vertex 95.97 12 0
      vertex 96 23.50684931506848 0
      vertex 96 12 0
    endloop
  endfacet
  facet normal 0 0 -1
    outer loop
      vertex 96 12 0
      vertex 96 23.50684931506848 0
      vertex 96.35 12.350000000000001 0
    endloop
  endfacet
  facet normal 0 0 -1
    outer loop
      vertex 96.35 12.350000000000001 0
      vertex 96 23.50684931506848 0
      vertex 96.7 12.700000000000003 0
    endloop
  endfacet
  facet normal 0 0 -1
    outer loop
      vertex 96.7 12.700000000000003 0
      vertex 96 23.50684931506848 0
      vertex 96 23.97 0
    endloop
  endfacet
  facet normal 0 0 -1
    outer loop
      vertex 96 11.303482587064677 0
      vertex 95.97 11.97 0
      vertex 108 12.696517412935325 0
    endloop
  endfacet
  facet normal 0 0 -1
    outer loop
      vertex 95.97 11.97 0
      vertex 96 12 0
      vertex 108 12.69818407960199 0
    endloop
  endfacet
  facet normal 0 0 -1
    outer loop
      vertex 96 12 0
      vertex 96.35 12.350000000000001 0
      vertex 108 12.69818407960199 0
    endloop
  endfacet
  facet normal 0 0 -1
    outer loop
      vertex 96 11.303482587064677 0
      vertex 108.03 12.030000000000001 0
      vertex 108 11.3 0
    endloop
  endfacet
  facet normal 0 0 -1
    outer loop
      vertex 96 11.303482587064677 0
      vertex 108 12.696517412935325 0
      vertex 108.03 12.030000000000001 0
    endloop
  endfacet
  facet normal 0 0 -1
    outer loop
      vertex 95.97 11.97 0
      vertex 108 12.69818407960199 0
      vertex 108 12.696517412935325 0
    endloop
  endfacet
  facet normal 0 0 -1
    outer loop
      vertex 108 11.3 0
      vertex 108.03 12.030000000000001 0
      vertex 108.03 12 0
    endloop
  endfacet
  facet normal 0 1 0
    outer loop
      vertex 96.7 12.700000000000001 3.6416666666666666
      vertex 108 12.700000000000001 3.7
      vertex 108 12.700000000000001 3.6416666666666666
    endloop
  endfacet
  facet normal 0 -1 0
    outer loop
      vertex 108 23.3 2.7583333333333333
      vertex 108 23.3 3.7
      vertex 107.97 23.3 2.7583333333333333
    endloop
  endfacet
  facet normal -1 0 0
    outer loop
      vertex 95.3 12 6.758333333333334
      vertex 95.3 11.97 6.758333333333334
      vertex 95.3 12 7.7
    endloop
  endfacet
  facet normal 1 0 0
    outer loop
      vertex 108.03 12 3.7025
      vertex 108.03 12.700000000000001 3.7025
      vertex 108.03 12 4.7
    endloop
  endfacet
  facet normal 0 -1 0
    outer loop
      vertex 71.97 -0.7 0
      vertex 84.03 -0.7 0
      vertex 84.03 -0.7 32.2
    endloop
  endfacet
  facet normal 1 0 0
    outer loop
      vertex 84.7 0.7 7.641666666666667
      vertex 84.7 12 7.7
      vertex 84.7 12.030000000000001 32.2
    endloop
  endfacet
  facet normal 1 0 0
    outer loop
      vertex 72.7 12.700000000000001 9.641666666666666
      vertex 72.7 24 9.641666666666666
      vertex 72.7 24 9.7
    endloop
  endfacet
  facet normal 0 1 0
    outer loop
      vertex 84 12.700000000000001 7.758333333333334
      vertex 84 12.700000000000001 8.7
      vertex 84.03 12.700000000000001 7.758333333333334
    endloop
  endfacet
  facet normal 0 -1 0
    outer loop
      vertex 84 23.3 8.641666666666666
      vertex 95.3 23.3 8.641666666666666
      vertex 84 23.3 8.7
    endloop
  endfacet
  facet normal 0 1 0
    outer loop
      vertex 84.03 12.030000000000001 7.702500000000001
      vertex 84.03 12.030000000000001 32.2
      vertex 84.7 12.030000000000001 7.702500000000001
    endloop
  endfacet
  facet normal 1 0 0
    outer loop
      vertex 84.03 12.030000000000001 7.702500000000001
      vertex 84.03 12.700000000000001 7.758333333333334
      vertex 84.03 12.030000000000001 32.2
    endloop
  endfacet
  facet normal 1 0 0
    outer loop
      vertex 84.7 12 7.7
      vertex 84.7 12.030000000000001 7.702500000000001
      vertex 84.7 12.030000000000001 32.2
    endloop
  endfacet
  facet normal 0 -1 0
    outer loop
      vertex 84.03 -0.7 0
      vertex 95.97 -0.7 0
      vertex 95.97 -0.7 32.2
    endloop
  endfacet
  facet normal 0 -1 0
    outer loop
      vertex 95.97 -0.7 0
      vertex 108.03 -0.7 0
      vertex 108.03 -0.7 32.2
    endloop
  endfacet
  facet normal 0 1 0
    outer loop
      vertex 84.7 0.7 7.641666666666667
      vertex 95.97 0.7 32.2
      vertex 96 0.7 6.7
    endloop
  endfacet
  facet normal 0 -1 0
    outer loop
      vertex 95.97 11.3 6.702500000000001
      vertex 96 11.3 6.7
      vertex 95.97 11.3 32.2
    endloop
  endfacet
  facet normal 0 1 0
    outer loop
      vertex 96 0.7 6.7
      vertex 95.97 0.7 32.2
      vertex 108 0.7 5.7
    endloop
  endfacet
  facet normal 0 -1 0
    outer loop
      vertex 96 11.3 6.7
      vertex 108 11.3 5.7
      vertex 108.03 11.3 32.2
    endloop
  endfacet
  facet normal 0 -1 0
    outer loop
      vertex 108.03 11.3 4.758333333333334
      vertex 108.03 11.3 32.2
      vertex 108 11.3 5.7
    endloop
  endfacet
  facet normal 0 -1 0
    outer loop
      vertex 95.3 11.97 6.758333333333334
      vertex 95.97 11.97 6.702500000000001
      vertex 95.97 11.97 32.2
    endloop
  endfacet
  facet normal -1 0 0
    outer loop
      vertex 95.3 11.97 6.758333333333334
      vertex 95.3 11.97 32.2
      vertex 95.3 12 7.7
    endloop
  endfacet
  facet normal -1 0 0
    outer loop
      vertex 95.97 11.3 6.702500000000001
      vertex 95.97 11.3 32.2
      vertex 95.97 11.97 6.702500000000001
    endloop
  endfacet
  facet normal 1 0 0
    outer loop
      vertex 96.7 12.700000000000001 3.6416666666666666
      vertex 96.7 24 2.7
      vertex 96.7 23.97 32.2
    endloop
  endfacet
  facet normal 0 1 0
    outer loop
      vertex 96.7 12.700000000000001 3.6416666666666666
      vertex 108.03 12.700000000000001 32.2
      vertex 108 12.700000000000001 3.7
    endloop
  endfacet
  facet normal 1 0 0
    outer loop
      vertex 108.03 12.700000000000001 3.7025
      vertex 108.03 11.3 32.2
      vertex 108.03 12 4.7
    endloop
  endfacet
  facet normal 0 1 0
    outer loop
      vertex 108 12.700000000000001 3.7
      vertex 108.03 12.700000000000001 32.2
      vertex 108.03 12.700000000000001 3.7025
    endloop
  endfacet
  facet normal 1 0 0
    outer loop
      vertex 108.03 11.3 4.758333333333334
      vertex 108.03 12 4.7
      vertex 108.03 11.3 32.2
    endloop
  endfacet
  facet normal -1 0 0
    outer loop
      vertex 107.97 23.3 2.7583333333333333
      vertex 107.97 23.3 32.2
      vertex 107.97 23.97 2.7025
    endloop
  endfacet
  facet normal 0 -1 0
    outer loop
      vertex 107.97 23.3 2.7583333333333333
      vertex 108 23.3 3.7
      vertex 107.97 23.3 32.2
    endloop
  endfacet
  facet normal 0 0 -1
    outer loop
      vertex 72 35.3 0
      vertex 72 36 0
      vertex 83.3 35.3 0
    endloop
  endfacet
  facet normal 0 0 -1
    outer loop
      vertex 83.3 35.3 0
      vertex 72 36 0
      vertex 83.97 35.97 0
    endloop
  endfacet
  facet normal 0 0 -1
    outer loop
      vertex 83.97 23.97 0
      vertex 83.97 24 0
      vertex 84.69488807381701 24.694888073817015 0
    endloop
  endfacet
  facet normal 0 0 -1
    outer loop
      vertex 83.97 24 0
      vertex 84 24.699788439359082 0
      vertex 84.69488807381701 24.694888073817015 0
    endloop
  endfacet
  facet normal 0 0 -1
    outer loop
      vertex 84 23.30348258706468 0
      vertex 83.97 23.97 0
      vertex 90 24 0
    endloop
  endfacet
  facet normal 0 0 -1
    outer loop
      vertex 83.97 23.97 0
      vertex 84.69488807381701 24.694888073817015 0
      vertex 90 24 0
    endloop
  endfacet
  facet normal 0 0 -1
    outer loop
      vertex 84 23.3 0
      vertex 90 24 0
      vertex 95.32086186115826 24 0
    endloop
  endfacet
  facet normal 0 0 -1
    outer loop
      vertex 84 35.30348258706468 0
      vertex 83.97 35.97 0
      vertex 84 36 0
    endloop
  endfacet
  facet normal 0 0 -1
    outer loop
      vertex 72 36 0
      vertex 72 36.43561643835618 0
      vertex 72.7 36.7 0
    endloop
  endfacet
  facet normal 0 0 -1
    outer loop
      vertex 72 36 0
      vertex 84 36 0
      vertex 83.97 35.97 0
    endloop
  endfacet
  facet normal 0 0 -1
    outer loop
      vertex 84 36 0
      vertex 84 36.699999999999996 0
      vertex 84.69999999999999 36.699999999999996 0
    endloop
  endfacet
  facet normal 0 0 -1
    outer loop
      vertex 84 36 0
      vertex 84.69999999999999 36.699999999999996 0
      vertex 95.53209867198785 36 0
    endloop
  endfacet
  facet normal 0 0 -1
    outer loop
      vertex 83.30541951361961 47.305419513619604 0
      vertex 78.00000000000003 48 0
      vertex 84.03 48.03 0
    endloop
  endfacet
  facet normal 0 0 -1
    outer loop
      vertex 83.3 47.3 0
      vertex 83.30541951361961 47.305419513619604 0
      vertex 84 47.3 0
    endloop
  endfacet
  facet normal 0 0 -1
    outer loop
      vertex 83.30541951361961 47.305419513619604 0
      vertex 84 47.30022438557433 0
      vertex 84 47.3 0
    endloop
  endfacet
  facet normal 0 0 -1
    outer loop
      vertex 83.30541951361961 47.305419513619604 0
      vertex 84.03 48 0
      vertex 84 47.30022438557433 0
    endloop
  endfacet
  facet normal 0 0 -1
    outer loop
      vertex 83.30541951361961 47.305419513619604 0
      vertex 84.03 48.03 0
      vertex 84.03 48 0
    endloop
  endfacet
  facet normal 1 0 0
    outer loop
      vertex 84.03 47.3 4.6975
      vertex 84.03 48 4.6975
      vertex 84.03 48 4.7
    endloop
  endfacet
  facet normal 0 0 -1
    outer loop
      vertex 96 23.97 0
      vertex 96 23.972465753424657 0
      vertex 96.335 24 0
    endloop
  endfacet
  facet normal 0 0 -1
    outer loop
      vertex 96 23.97 0
      vertex 96.335 24 0
      vertex 96.7 24 0
    endloop
  endfacet
  facet normal 0 0 -1
    outer loop
      vertex 95.65197068230277 24 0
      vertex 95.636815920398 24 0
      vertex 96 29.99999999999998 0
    endloop
  endfacet
  facet normal 0 0 -1
    outer loop
      vertex 95.65197068230277 24 0
      vertex 96.7 36 0
      vertex 95.97 23.97 0
    endloop
  endfacet
  facet normal 0 0 -1
    outer loop
      vertex 95.97 23.97 0
      vertex 96.7 36 0
      vertex 96 23.972465753424657 0
    endloop
  endfacet
  facet normal 0 0 -1
    outer loop
      vertex 96 23.972465753424657 0
      vertex 96.7 36 0
      vertex 96.335 24 0
    endloop
  endfacet
  facet normal 0 0 -1
    outer loop
      vertex 96.335 24 0
      vertex 96.7 36 0
      vertex 96.7 24.700000000000003 0
    endloop
  endfacet
  facet normal 1 0 0
    outer loop
      vertex 96.7 24 2.2
      vertex 96.7 24.025900621118012 2.2
      vertex 96.7 24 2.7
    endloop
  endfacet
  facet normal 0 0 -1
    outer loop
      vertex 95.65197068230277 24 0
      vertex 96 29.99999999999998 0
      vertex 96.7 36 0
    endloop
  endfacet
  facet normal 0 0 -1
    outer loop
      vertex 96 29.99999999999998 0
      vertex 96 36 0
      vertex 96.7 36 0
    endloop
  endfacet
  facet normal 0 0 -1
    outer loop
      vertex 95.3 35.3 0
      vertex 95.53209867198785 36 0
      vertex 96 36 0
    endloop
  endfacet
  facet normal 1 0 0
    outer loop
      vertex 96.7 24.025900621118012 2.2
      vertex 96.7 36 2.2
      vertex 96.7 36 2.7
    endloop
  endfacet
  facet normal 0 0 -1
    outer loop
      vertex 107.30348258706468 24 0
      vertex 108.69651741293532 36 0
      vertex 107.97 23.97 0
    endloop
  endfacet
  facet normal 0 0 -1
    outer loop
      vertex 108 24 0
      vertex 107.97 23.97 0
      vertex 108.69651741293532 36 0
    endloop
  endfacet
  facet normal 0 0 -1
    outer loop
      vertex 107.30348258706468 24 0
      vertex 107.3 35.3 0
      vertex 108.03 36.03 0
    endloop
  endfacet
  facet normal 0 0 -1
    outer loop
      vertex 107.30348258706468 24 0
      vertex 108.03 36.03 0
      vertex 108.69651741293532 36 0
    endloop
  endfacet
  facet normal 0 0 -1
    outer loop
      vertex 107.3 35.3 0
      vertex 107.3 36 0
      vertex 108 36.03 0
    endloop
  endfacet
  facet normal 0 0 -1
    outer loop
      vertex 107.3 35.3 0
      vertex 108 36.03 0
      vertex 108.03 36.03 0
    endloop
  endfacet
  facet normal -1 0 0
    outer loop
      vertex 107.3 24 2.2
      vertex 107.3 36 2.7
      vertex 107.3 36 2.2
    endloop
  endfacet
  facet normal 0 0 -1
    outer loop
      vertex 84.69999999999999 36.699999999999996 0
      vertex 96 36.69651741293532 0
      vertex 95.53209867198785 36 0
    endloop
  endfacet
  facet normal 0 0 -1
    outer loop
      vertex 95.53209867198785 36 0
      vertex 96.03 36.03 0
      vertex 96 36 0
    endloop
  endfacet
  facet normal 0 0 -1
    outer loop
      vertex 95.53209867198785 36 0
      vertex 96 36.69651741293532 0
      vertex 96.03 36.03 0
    endloop
  endfacet
  facet normal 0 1 0
    outer loop
      vertex 96 36.699999999999996 2.7583333333333333
      vertex 96 36.699999999999996 3.7
      vertex 96.03 36.699999999999996 2.7583333333333333
    endloop
  endfacet
  facet normal 0 1 0
    outer loop
      vertex 107.3 36.03 2.7025
      vertex 108 36.03 3.7
      vertex 108 36.03 2.7025
    endloop
  endfacet
  facet normal 0 -1 0
    outer loop
      vertex 107.3 47.97 3.6975000000000002
      vertex 108 47.97 3.6975000000000002
      vertex 108 47.97 3.7
    endloop
  endfacet
  facet normal -1 0 0
    outer loop
      vertex 95.3 47.97 3.7583333333333337
      vertex 95.3 48 4.7
      vertex 95.3 48 3.7583333333333337
    endloop
  endfacet
  facet normal 0 1 0
    outer loop
      vertex 72 24.03 9.702499999999999
      vertex 72 24.03 10.7
      vertex 72.7 24.03 9.702499999999999
    endloop
  endfacet
  facet normal 0 -1 0
    outer loop
      vertex 72 35.3 10.641666666666666
      vertex 84 35.3 10.641666666666666
      vertex 72 35.3 10.7
    endloop
  endfacet
  facet normal -1 0 0
    outer loop
      vertex 83.97 23.3 8.702499999999999
      vertex 83.97 24 9.7
      vertex 83.97 24 8.702499999999999
    endloop
  endfacet
  facet normal 0 1 0
    outer loop
      vertex 84 24.7 9.758333333333333
      vertex 83.97 24.7 9.758333333333333
      vertex 84 24.7 10.7
    endloop
  endfacet
  facet normal 0 1 0
    outer loop
      vertex 72.7 36.699999999999996 5.641666666666667
      vertex 72.7 36.699999999999996 32.2
      vertex 84 36.699999999999996 4.7
    endloop
  endfacet
  facet normal 1 0 0
    outer loop
      vertex 72.7 36.699999999999996 5.641666666666667
      vertex 72.7 47.3 5.641666666666667
      vertex 72.7 47.3 32.2
    endloop
  endfacet
  facet normal 0 -1 0
    outer loop
      vertex 72.7 47.3 5.641666666666667
      vertex 84 47.3 4.7
      vertex 84.03 47.3 32.2
    endloop
  endfacet
  facet normal 0 1 0
    outer loop
      vertex 84 36.699999999999996 4.7
      vertex 83.97 36.699999999999996 32.2
      vertex 96 36.699999999999996 3.7
    endloop
  endfacet
  facet normal 0 -1 0
    outer loop
      vertex 84 47.3 4.7
      vertex 84.03 47.3 4.6975
      vertex 84.03 47.3 32.2
    endloop
  endfacet
  facet normal 1 0 0
    outer loop
      vertex 84.03 47.3 4.6975
      vertex 84.03 48 4.7
      vertex 84.03 47.3 32.2
    endloop
  endfacet
  facet normal 1 0 0
    outer loop
      vertex 96.7 24.025900621118012 2.2
      vertex 96.7 23.97 32.2
      vertex 96.7 24 2.7
    endloop
  endfacet
  facet normal 1 0 0
    outer loop
      vertex 96.7 24.025900621118012 2.2
      vertex 96.7 36 2.7
      vertex 96.7 36.03 32.2
    endloop
  endfacet
  facet normal 0 -1 0
    outer loop
      vertex 107.3 23.97 2.7025
      vertex 107.97 23.97 2.7025
      vertex 107.97 23.97 32.2
    endloop
  endfacet
  facet normal -1 0 0
    outer loop
      vertex 107.3 24 2.2
      vertex 107.3 24 2.7
      vertex 107.3 36.03 32.2
    endloop
  endfacet
  facet normal -1 0 0
    outer loop
      vertex 107.3 24 2.7
      vertex 107.3 23.97 2.7025
      vertex 107.3 36.03 32.2
    endloop
  endfacet
  facet normal -1 0 0
    outer loop
      vertex 107.3 24 2.2
      vertex 107.3 36.03 32.2
      vertex 107.3 36 2.7
    endloop
  endfacet
  facet normal 0 1 0
    outer loop
      vertex 96.03 36.03 2.7025
      vertex 96.03 36.03 32.2
      vertex 96.7 36.03 2.7025
    endloop
  endfacet
  facet normal 1 0 0
    outer loop
      vertex 96.03 36.03 2.7025
      vertex 96.03 36.699999999999996 2.7583333333333333
      vertex 96.03 36.699999999999996 32.2
    endloop
  endfacet
  facet normal 1 0 0
    outer loop
      vertex 96.7 36 2.7
      vertex 96.7 36.03 2.7025
      vertex 96.7 36.03 32.2
    endloop
  endfacet
  facet normal 0 1 0
    outer loop
      vertex 96.03 36.699999999999996 2.7583333333333333
      vertex 96 36.699999999999996 3.7
      vertex 96.03 36.699999999999996 32.2
    endloop
  endfacet
  facet normal -1 0 0
    outer loop
      vertex 95.3 47.97 3.7583333333333337
      vertex 95.3 47.97 32.2
      vertex 95.3 48 4.7
    endloop
  endfacet
  facet normal 0 -1 0
    outer loop
      vertex 96 47.97 3.6975000000000002
      vertex 96.7 47.97 32.2
      vertex 96 47.97 3.7
    endloop
  endfacet
  facet normal 0 -1 0
    outer loop
      vertex 95.3 47.97 3.7583333333333337
      vertex 96 47.97 3.7
      vertex 96.7 47.97 32.2
    endloop
  endfacet
  facet normal 0 -1 0
    outer loop
      vertex 96 47.97 3.6975000000000002
      vertex 96.7 47.97 3.6975000000000002
      vertex 96.7 47.97 32.2
    endloop
  endfacet
  facet normal 1 0 0
    outer loop
      vertex 96.7 47.97 3.6975000000000002
      vertex 96.7 48 3.7
      vertex 96.7 47.97 32.2
    endloop
  endfacet
  facet normal -1 0 0
    outer loop
      vertex 107.3 36 2.7
      vertex 107.3 36.03 32.2
      vertex 107.3 36.03 2.7025
    endloop
  endfacet
  facet normal 0 1 0
    outer loop
      vertex 107.3 36.03 2.7025
      vertex 107.3 36.03 32.2
      vertex 108 36.03 3.7
    endloop
  endfacet
  facet normal 0 1 0
    outer loop
      vertex 108 36.03 3.7
      vertex 107.3 36.03 32.2
      vertex 108.7 36.03 3.7583333333333337
    endloop
  endfacet
  facet normal -1 0 0
    outer loop
      vertex 107.3 47.97 3.6975000000000002
      vertex 107.3 47.97 32.2
      vertex 107.3 48 3.7
    endloop
  endfacet
  facet normal 0 -1 0
    outer loop
      vertex 107.3 47.97 3.6975000000000002
      vertex 108 47.97 3.7
      vertex 108.7 47.97 32.2
    endloop
  endfacet
  facet normal 0 0 -1
    outer loop
      vertex 108.03 -0.6930348258706465 0
      vertex 108.03 0.030000000000001137 0
      vertex 114 0 0
    endloop
  endfacet
  facet normal 0 0 -1
    outer loop
      vertex 108.03 0.030000000000001137 0
      vertex 108.69554606467358 0.6955460646735814 0
      vertex 114 0 0
    endloop
  endfacet
  facet normal 0 0 -1
    outer loop
      vertex 108.03 -0.7 0
      vertex 108.03 -0.6930348258706465 0
      vertex 119.97 -0.7 0
    endloop
  endfacet
  facet normal 0 0 -1
    outer loop
      vertex 108.03 -0.6930348258706465 0
      vertex 114 0 0
      vertex 119.97 -0.7 0
    endloop
  endfacet
  facet normal 0 0 -1
    outer loop
      vertex 114 0 0
      vertex 119.97 -0.03 0
      vertex 119.97 -0.7 0
    endloop
  endfacet
  facet normal 0 0 -1
    outer loop
      vertex 114 0 0
      vertex 119.94275199345736 0 0
      vertex 119.97 -0.03 0
    endloop
  endfacet
  facet normal 0 0 -1
    outer loop
      vertex 119.97 -0.7 0
      vertex 119.97 -0.03 0
      vertex 120.03 -0.6930348258706465 0
    endloop
  endfacet
  facet normal 0 0 -1
    outer loop
      vertex 119.97 -0.03 0
      vertex 120.00028899745406 0 0
      vertex 120.00129863603733 -0.03 0
    endloop
  endfacet
  facet normal 0 0 -1
    outer loop
      vertex 119.97 -0.03 0
      vertex 119.94275199345736 0 0
      vertex 120.00028899745406 0 0
    endloop
  endfacet
  facet normal 0 0 -1
    outer loop
      vertex 120.03 -0.6930348258706465 0
      vertex 119.97 -0.03 0
      vertex 120.00129863603733 -0.03 0
    endloop
  endfacet
  facet normal 0 0 -1
    outer loop
      vertex 120.03 -0.6930348258706465 0
      vertex 120.00129863603733 -0.03 0
      vertex 120.00028899745406 0 0
    endloop
  endfacet
  facet normal 0 0 -1
    outer loop
      vertex 119.94275199345736 0 0
      vertex 120 0.6565757231126375 0
      vertex 120.00028899745406 0 0
    endloop
  endfacet
  facet normal 0 0 -1
    outer loop
      vertex 120.00028899745406 0 0
      vertex 120 0.6565757231126375 0
      vertex 120.692652115475 0.6926521154750022 0
    endloop
  endfacet
  facet normal 0 0 -1
    outer loop
      vertex 120 0.6565757231126375 0
      vertex 120.7 0.7 0
      vertex 120.692652115475 0.6926521154750022 0
    endloop
  endfacet
  facet normal 0 0 -1
    outer loop
      vertex 120 0.6565757231126375 0
      vertex 120 6.000000000000002 0
      vertex 120.7 0.7 0
    endloop
  endfacet
  facet normal 0 0 -1
    outer loop
      vertex 119.97 -0.7 0
      vertex 120.03 -0.6930348258706465 0
      vertex 132.03 -0.7 0
    endloop
  endfacet
  facet normal 0 0 -1
    outer loop
      vertex 120.03 -0.6930348258706465 0
      vertex 120.00028899745406 0 0
      vertex 132.03 -0.6930348258706465 0
    endloop
  endfacet
  facet normal 0 0 -1
    outer loop
      vertex 120.7 0.7 0
      vertex 120 6.000000000000002 0
      vertex 120.7 12 0
    endloop
  endfacet
  facet normal 0 0 -1
    outer loop
      vertex 120 6.000000000000002 0
      vertex 119.30541951361961 11.305419513619608 0
      vertex 120.03 12.030000000000001 0
    endloop
  endfacet
  facet normal 0 0 -1
    outer loop
      vertex 120 6.000000000000002 0
      vertex 120.03 12.030000000000001 0
      vertex 120.69651741293532 12 0
    endloop
  endfacet
  facet normal 0 0 -1
    outer loop
      vertex 120 6.000000000000002 0
      vertex 120.69651741293532 12 0
      vertex 120.7 12 0
    endloop
  endfacet
  facet normal -2.554495454889741e-16 1 0
    outer loop
      vertex 108 0.7 5.641666666666667
      vertex 108 0.7 5.7
      vertex 119.3 0.7000000000000028 5.641666666666667
    endloop
  endfacet
  facet normal 0 0 -1
    outer loop
      vertex 108 23.3 0
      vertex 108 24 0
      vertex 119.3 23.3 0
    endloop
  endfacet
  facet normal 0 0 -1
    outer loop
      vertex 119.30541951361961 11.305419513619608 0
      vertex 119.30022438557434 12 0
      vertex 120 12.030000000000001 0
    endloop
  endfacet
  facet normal 0 0 -1
    outer loop
      vertex 119.30541951361961 11.305419513619608 0
      vertex 120 12.030000000000001 0
      vertex 120.03 12.030000000000001 0
    endloop
  endfacet
  facet normal -1 0 0
    outer loop
      vertex 119.3 12 4.641666666666667
      vertex 119.3 12 4.7
      vertex 119.3 12.030000000000001 4.641666666666667
    endloop
  endfacet
  facet normal 1 0 0
    outer loop
      vertex 120.7 12 4.758333333333334
      vertex 120.7 12.030000000000001 4.758333333333334
      vertex 120.7 12 5.7
    endloop
  endfacet
  facet normal 0 0 -1
    outer loop
      vertex 120.03 -0.6930348258706465 0
      vertex 132.03 -0.6930348258706465 0
      vertex 132.03 -0.7 0
    endloop
  endfacet
  facet normal 0 0 -1
    outer loop
      vertex 120.00028899745406 0 0
      vertex 132.00129863603732 -0.03 0
      vertex 132.03 -0.6930348258706465 0
    endloop
  endfacet
  facet normal 0 0 -1
    outer loop
      vertex 120.00028899745406 0 0
      vertex 131.97263467870076 0 0
      vertex 132.00129863603732 -0.03 0
    endloop
  endfacet
  facet normal 0 0 -1
    outer loop
      vertex 132.03 -0.6930348258706465 0
      vertex 132.00129863603732 -0.03 0
      vertex 132.03 -0.03 0
    endloop
  endfacet
  facet normal 0 0 -1
    outer loop
      vertex 132.03 -0.6930348258706465 0
      vertex 132.03 -0.03 0
      vertex 132.0300123907207 0 0
    endloop
  endfacet
  facet normal 0 0 -1
    outer loop
      vertex 132.00129863603732 -0.03 0
      vertex 131.97263467870076 0 0
      vertex 132.0300123907207 0 0
    endloop
  endfacet
  facet normal 0 0 -1
    outer loop
      vertex 132.00129863603732 -0.03 0
      vertex 132.0300123907207 0 0
      vertex 132.03 -0.03 0
    endloop
  endfacet
  facet normal 0 0 -1
    outer loop
      vertex 131.97263467870076 0 0
      vertex 132 0.65987055687511 0
      vertex 132.0300123907207 0 0
    endloop
  endfacet
  facet normal 0 0 -1
    outer loop
      vertex 132.0300123907207 0 0
      vertex 132 0.65987055687511 0
      vertex 132.7 0.7 0
    endloop
  endfacet
  facet normal 0 0 -1
    outer loop
      vertex 132 0.65987055687511 0
      vertex 132 5.9699999999998195 0
      vertex 132.7 0.7 0
    endloop
  endfacet
  facet normal 0 0 -1
    outer loop
      vertex 132 5.9699999999998195 0
      vertex 131.30502517209496 11.305025172094947 0
      vertex 132 11.97 0
    endloop
  endfacet
  facet normal 0 0 -1
    outer loop
      vertex 132.03 -0.7 0
      vertex 132.03 -0.6930348258706465 0
      vertex 144.03 -0.7 0
    endloop
  endfacet
  facet normal 0 0 -1
    outer loop
      vertex 132.03 -0.6930348258706465 0
      vertex 132.0300123907207 0 0
      vertex 144.03 -0.7 0
    endloop
  endfacet
  facet normal 0 0 -1
    outer loop
      vertex 132.0300123907207 0 0
      vertex 144.03 -0.03 0
      vertex 144.03 -0.7 0
    endloop
  endfacet
  facet normal 0 0 -1
    outer loop
      vertex 132.0300123907207 0 0
      vertex 144 1.897787482718627e-15 0
      vertex 144.03 -0.03 0
    endloop
  endfacet
  facet normal 0 0 -1
    outer loop
      vertex 144.03 -0.03 0
      vertex 144 1.897787482718627e-15 0
      vertex 144 5.999999999999981 0
    endloop
  endfacet
  facet normal 0 0 -1
    outer loop
      vertex 144.03 -0.03 0
      vertex 144.69303482587065 11.97 0
      vertex 144.70000000000002 -0.03 0
    endloop
  endfacet
  facet normal 0 0 -1
    outer loop
      vertex 144.03 -0.03 0
      vertex 144 5.999999999999981 0
      vertex 144.69303482587065 11.97 0
    endloop
  endfacet
  facet normal 0 0 -1
    outer loop
      vertex 144.70000000000002 -0.03 0
      vertex 144.69303482587065 11.97 0
      vertex 144.70000000000002 12.030000000000001 0
    endloop
  endfacet
  facet normal 0 0 -1
    outer loop
      vertex 144 5.999999999999981 0
      vertex 143.30500035782566 11.305000357825657 0
      vertex 144.69303482587065 11.97 0
    endloop
  endfacet
  facet normal 0 0 -1
    outer loop
      vertex 131.30502517209496 11.305025172094947 0
      vertex 131.97 11.97 0
      vertex 132 11.97 0
    endloop
  endfacet
  facet normal 0 0 -1
    outer loop
      vertex 131.30348258706468 12 0
      vertex 131.301815920398 12 0
      vertex 132.70000000000002 24 0
    endloop
  endfacet
  facet normal 0 0 -1
    outer loop
      vertex 131.30348258706468 12 0
      vertex 132.70000000000002 24 0
      vertex 131.97 11.97 0
    endloop
  endfacet
  facet normal 0 0 -1
    outer loop
      vertex 131.97 11.97 0
      vertex 132.70000000000002 24 0
      vertex 132 11.97 0
    endloop
  endfacet
  facet normal 0 0 -1
    outer loop
      vertex 132 11.97 0
      vertex 132.70000000000002 24 0
      vertex 132.70000000000002 12 0
    endloop
  endfacet
  facet normal 0 0 -1
    outer loop
      vertex 131.301815920398 12 0
      vertex 132 23.53684931506847 0
      vertex 132.70000000000002 24 0
    endloop
  endfacet
  facet normal 0 0 -1
    outer loop
      vertex 143.30500035782566 11.305000357825657 0
      vertex 144 12 0
      vertex 144.69303482587065 11.97 0
    endloop
  endfacet
  facet normal 0 0 -1
    outer loop
      vertex 144 12 0
      vertex 144.70000000000002 12.030000000000001 0
      vertex 144.69303482587065 11.97 0
    endloop
  endfacet
  facet normal 0 0 -1
    outer loop
      vertex 143.30001732630382 12 0
      vertex 143.30694784782557 24 0
      vertex 144 12 0
    endloop
  endfacet
  facet normal 0 0 -1
    outer loop
      vertex 144 12 0
      vertex 144.69303482587065 23.97 0
      vertex 144.70000000000002 12.030000000000001 0
    endloop
  endfacet
  facet normal 0 0 -1
    outer loop
      vertex 144 12 0
      vertex 143.30694784782557 24 0
      vertex 144 24 0
    endloop
  endfacet
  facet normal 0 0 -1
    outer loop
      vertex 144 12 0
      vertex 144 24 0
      vertex 144.69303482587065 23.97 0
    endloop
  endfacet
  facet normal 0 0 -1
    outer loop
      vertex 144.70000000000002 12.030000000000001 0
      vertex 144.69303482587065 23.97 0
      vertex 144.70000000000002 23.97 0
    endloop
  endfacet
  facet normal -1 0 0
    outer loop
      vertex 131.3 12 5.6416666666666675
      vertex 131.3 12 5.7
      vertex 131.3 23.3 5.6416666666666675
    endloop
  endfacet
  facet normal 0 -1 0
    outer loop
      vertex 108.03 -0.7 0
      vertex 119.97 -0.7 0
      vertex 119.97 -0.7 32.2
    endloop
  endfacet
  facet normal -2.5544805263844114e-16 1 2.8918647468503858e-19
    outer loop
      vertex 108 0.7 5.7
      vertex 108.03 0.7 32.2
      vertex 119.3 0.7000000000000028 5.641666666666667
    endloop
  endfacet
  facet normal -1 0 0
    outer loop
      vertex 119.3 0.7000000000000028 5.641666666666667
      vertex 119.3 0.7 32.2
      vertex 119.3 12 4.7
    endloop
  endfacet
  facet normal 0 1 0
    outer loop
      vertex 120.7 0.7 6.641666666666667
      vertex 120.7 0.7 32.2
      vertex 131.3 0.7 6.641666666666667
    endloop
  endfacet
  facet normal 1 0 0
    outer loop
      vertex 120.7 0.7 6.641666666666667
      vertex 120.7 12 5.7
      vertex 120.7 12.030000000000001 32.2
    endloop
  endfacet
  facet normal 0 -1 0
    outer loop
      vertex 108 23.3 3.7
      vertex 120 23.3 4.7
      vertex 119.97 23.3 32.2
    endloop
  endfacet
  facet normal -1 0 0
    outer loop
      vertex 119.3 12.030000000000001 4.641666666666667
      vertex 119.3 12 4.7
      vertex 119.3 12.030000000000001 32.2
    endloop
  endfacet
  facet normal 0 1 0
    outer loop
      vertex 119.3 12.030000000000001 4.641666666666667
      vertex 119.3 12.030000000000001 32.2
      vertex 120 12.030000000000001 4.7
    endloop
  endfacet
  facet normal 0 1 0
    outer loop
      vertex 120 12.030000000000001 4.7
      vertex 119.3 12.030000000000001 32.2
      vertex 120.7 12.030000000000001 4.758333333333334
    endloop
  endfacet
  facet normal 1 0 0
    outer loop
      vertex 120.7 12.030000000000001 4.758333333333334
      vertex 120.7 12.030000000000001 32.2
      vertex 120.7 12 5.7
    endloop
  endfacet
  facet normal 0 -1 0
    outer loop
      vertex 119.97 -0.7 0
      vertex 132.03 -0.7 0
      vertex 132.03 -0.7 32.2
    endloop
  endfacet
  facet normal 0 -1 0
    outer loop
      vertex 132.03 -0.7 0
      vertex 144.03 -0.7 0
      vertex 144.03 -0.7 32.2
    endloop
  endfacet
  facet normal 1 0 0
    outer loop
      vertex 144.03 -0.7 0
      vertex 144.03 -0.03 0
      vertex 144.03 -0.7 32.2
    endloop
  endfacet
  facet normal 0 -1 0
    outer loop
      vertex 144.03 -0.03 0
      vertex 144.70000000000002 -0.03 0
      vertex 144.70000000000002 -0.03 32.2
    endloop
  endfacet
  facet normal 1 0 0
    outer loop
      vertex 144.70000000000002 -0.03 0
      vertex 144.70000000000002 12.030000000000001 0
      vertex 144.70000000000002 -0.03 32.2
    endloop
  endfacet
  facet normal -1 0 0
    outer loop
      vertex 131.3 0.7 6.641666666666667
      vertex 131.3 0.7 32.2
      vertex 131.3 12 5.7
    endloop
  endfacet
  facet normal 1 0 0
    outer loop
      vertex 144.70000000000002 12.030000000000001 0
      vertex 144.70000000000002 23.97 0
      vertex 144.70000000000002 12.030000000000001 32.2
    endloop
  endfacet
  facet normal 1 0 0
    outer loop
      vertex 144.70000000000002 23.97 0
      vertex 144.70000000000002 24.03 0
      vertex 144.70000000000002 12.030000000000001 32.2
    endloop
  endfacet
  facet normal -1 0 0
    outer loop
      vertex 131.3 12 5.7
      vertex 131.3 12.030000000000001 32.2
      vertex 131.3 23.3 5.6416666666666675
    endloop
  endfacet
  facet normal 0 -1 0
    outer loop
      vertex 120 23.3 4.7
      vertex 131.3 23.3 5.6416666666666675
      vertex 131.3 23.3 32.2
    endloop
  endfacet
  facet normal 0 0 -1
    outer loop
      vertex 108 24 0
      vertex 108.69651741293532 36 0
      vertex 108.7 24.700000000000003 0
    endloop
  endfacet
  facet normal 0 0 -1
    outer loop
      vertex 108 24 0
      vertex 119.97 23.97 0
      vertex 119.3 23.3 0
    endloop
  endfacet
  facet normal 0 0 -1
    outer loop
      vertex 108 24 0
      vertex 120 24 0
      vertex 119.97 23.97 0
    endloop
  endfacet
  facet normal 0 0 -1
    outer loop
      vertex 108.7 24.700000000000003 0
      vertex 108.69651741293532 36 0
      vertex 108.7 36 0
    endloop
  endfacet
  facet normal 0 0 -1
    outer loop
      vertex 120 23.30348258706468 0
      vertex 119.97 23.97 0
      vertex 120 24 0
    endloop
  endfacet
  facet normal 0 0 -1
    outer loop
      vertex 120 24 0
      vertex 120 24.7 0
      vertex 120.7 24.7 0
    endloop
  endfacet
  facet normal 0 0 -1
    outer loop
      vertex 120 24 0
      vertex 120.7 24.7 0
      vertex 131.53209867198785 24 0
    endloop
  endfacet
  facet normal 0 0 -1
    outer loop
      vertex 120 35.3 0
      vertex 120 35.30348258706467 0
      vertex 126.00000000000006 36 0
    endloop
  endfacet
  facet normal 0 0 -1
    outer loop
      vertex 120 35.30348258706467 0
      vertex 119.97 35.97 0
      vertex 126.00000000000006 36 0
    endloop
  endfacet
  facet normal 0 0 -1
    outer loop
      vertex 120 35.3 0
      vertex 126.00000000000006 36 0
      vertex 131.3 35.3 0
    endloop
  endfacet
  facet normal 0 -1 0
    outer loop
      vertex 119.97 35.3 4.758333333333334
      vertex 120 35.3 4.758333333333334
      vertex 120 35.3 5.7
    endloop
  endfacet
  facet normal 0 0 -1
    outer loop
      vertex 119.97 35.97 0
      vertex 119.97 36 0
      vertex 120.69957653103505 36.69957653103505 0
    endloop
  endfacet
  facet normal 0 0 -1
    outer loop
      vertex 119.97 36 0
      vertex 120 36.699982587064675 0
      vertex 120.69957653103505 36.69957653103505 0
    endloop
  endfacet
  facet normal 0 0 -1
    outer loop
      vertex 119.97 35.97 0
      vertex 120.69957653103505 36.69957653103505 0
      vertex 126.00000000000006 36 0
    endloop
  endfacet
  facet normal 1 0 0
    outer loop
      vertex 108.7 36 3.7583333333333337
      vertex 108.7 36.03 3.7583333333333337
      vertex 108.7 36 4.7
    endloop
  endfacet
  facet normal 1 0 0
    outer loop
      vertex 108.7 47.97 3.7583333333333337
      vertex 108.7 48 3.7583333333333337
      vertex 108.7 48 4.7
    endloop
  endfacet
  facet normal -1 0 0
    outer loop
      vertex 119.97 36 4.7
      vertex 119.97 36.699999999999996 4.6975
      vertex 119.97 36 4.6975
    endloop
  endfacet
  facet normal -1 0 0
    outer loop
      vertex 119.3 47.97 4.641666666666667
      vertex 119.3 48 4.7
      vertex 119.3 48 4.641666666666667
    endloop
  endfacet
  facet normal 1 0 0
    outer loop
      vertex 120.7 47.97 4.758333333333334
      vertex 120.7 48 4.758333333333334
      vertex 120.7 48 5.7
    endloop
  endfacet
  facet normal 0 0 -1
    outer loop
      vertex 120.7 24.7 0
      vertex 132 24.69651741293532 0
      vertex 131.53209867198785 24 0
    endloop
  endfacet
  facet normal 0 0 -1
    outer loop
      vertex 131.3 23.3 0
      vertex 131.53209867198785 24 0
      vertex 132 24 0
    endloop
  endfacet
  facet normal 0 0 -1
    outer loop
      vertex 131.53209867198785 24 0
      vertex 132.03 24.03 0
      vertex 132 24 0
    endloop
  endfacet
  facet normal 0 0 -1
    outer loop
      vertex 131.53209867198785 24 0
      vertex 132 24.69651741293532 0
      vertex 132.03 24.03 0
    endloop
  endfacet
  facet normal 0 0 -1
    outer loop
      vertex 132 23.53684931506847 0
      vertex 132 24 0
      vertex 132.70000000000002 24 0
    endloop
  endfacet
  facet normal 0 0 -1
    outer loop
      vertex 126.00000000000006 36 0
      vertex 131.97 35.97 0
      vertex 131.3 35.3 0
    endloop
  endfacet
  facet normal 0 0 -1
    outer loop
      vertex 132 35.30348258706468 0
      vertex 131.97 35.97 0
      vertex 132 36 0
    endloop
  endfacet
  facet normal 0 0 -1
    outer loop
      vertex 144.69303482587065 23.97 0
      vertex 144.70000000000002 24.03 0
      vertex 144.70000000000002 23.97 0
    endloop
  endfacet
  facet normal 0 0 -1
    outer loop
      vertex 144 24 0
      vertex 144.70000000000002 36.03 0
      vertex 144.69303482587065 23.97 0
    endloop
  endfacet
  facet normal 0 0 -1
    outer loop
      vertex 144.69303482587065 23.97 0
      vertex 144.70000000000002 36.03 0
      vertex 144.70000000000002 24.03 0
    endloop
  endfacet
  facet normal 0 0 -1
    outer loop
      vertex 144 24 0
      vertex 144 35.97 0
      vertex 144.02636815920397 35.97 0
    endloop
  endfacet
  facet normal 0 0 -1
    outer loop
      vertex 144 24 0
      vertex 144.02636815920397 35.97 0
      vertex 144.70000000000002 36.03 0
    endloop
  endfacet
  facet normal 1 0 0
    outer loop
      vertex 132.70000000000002 24 6.758333333333335
      vertex 132.70000000000002 24.03 6.758333333333335
      vertex 132.70000000000002 24 7.7
    endloop
  endfacet
  facet normal -1 0 0
    outer loop
      vertex 143.3 24 7.6416666666666675
      vertex 143.3 24 7.7
      vertex 143.3 35.3 7.6416666666666675
    endloop
  endfacet
  facet normal 0 0 -1
    outer loop
      vertex 126.00000000000006 36 0
      vertex 132 36 0
      vertex 131.97 35.97 0
    endloop
  endfacet
  facet normal 0 0 -1
    outer loop
      vertex 132 36 0
      vertex 132 36.69977561442566 0
      vertex 132.69458048638037 36.69458048638039 0
    endloop
  endfacet
  facet normal 0 0 -1
    outer loop
      vertex 132 36 0
      vertex 132.69458048638037 36.69458048638039 0
      vertex 138.00000000000003 36 0
    endloop
  endfacet
  facet normal 0 0 -1
    outer loop
      vertex 132 47.3 0
      vertex 132 47.30348258706467 0
      vertex 138.00000000000003 48 0
    endloop
  endfacet
  facet normal 0 0 -1
    outer loop
      vertex 132 47.30348258706467 0
      vertex 131.97 47.97 0
      vertex 138.00000000000003 48 0
    endloop
  endfacet
  facet normal 0 0 -1
    outer loop
      vertex 143.30349064953145 36 0
      vertex 143.30181592039804 36 0
      vertex 144 42.13085567068121 0
    endloop
  endfacet
  facet normal 0 0 -1
    outer loop
      vertex 143.30349064953145 36 0
      vertex 144.70000000000002 47.97 0
      vertex 143.97 35.97 0
    endloop
  endfacet
  facet normal 0 0 -1
    outer loop
      vertex 144.02636815920397 35.97 0
      vertex 144 35.97 0
      vertex 144.70000000000002 47.97 0
    endloop
  endfacet
  facet normal 0 0 -1
    outer loop
      vertex 143.97 35.97 0
      vertex 144.70000000000002 47.97 0
      vertex 144 35.97 0
    endloop
  endfacet
  facet normal 0 0 -1
    outer loop
      vertex 144.02636815920397 35.97 0
      vertex 144.70000000000002 47.97 0
      vertex 144.70000000000002 36.03 0
    endloop
  endfacet
  facet normal 0 0 -1
    outer loop
      vertex 132 47.3 0
      vertex 138.00000000000003 48 0
      vertex 143.30000000000004 47.300000000000026 0
    endloop
  endfacet
  facet normal 0 0 -1
    outer loop
      vertex 143.30349064953145 36 0
      vertex 144 42.13085567068121 0
      vertex 144.70000000000002 47.97 0
    endloop
  endfacet
  facet normal 0 0 -1
    outer loop
      vertex 143.30000000000004 47.300000000000026 0
      vertex 138.00000000000003 48 0
      vertex 143.63681592039802 48 0
    endloop
  endfacet
  facet normal 0 0 -1
    outer loop
      vertex 144 42.13085567068121 0
      vertex 144 47.97 0
      vertex 144.70000000000002 47.97 0
    endloop
  endfacet
  facet normal -1 0 0
    outer loop
      vertex 131.97 47.3 5.6975
      vertex 131.97 48 5.7
      vertex 131.97 48 5.6975
    endloop
  endfacet
  facet normal 0 1 0
    outer loop
      vertex 108.7 24.7 5.641666666666667
      vertex 108.7 24.7 32.2
      vertex 120 24.7 5.641666666666667
    endloop
  endfacet
  facet normal 1 0 0
    outer loop
      vertex 108.7 24.7 5.641666666666667
      vertex 108.7 36 4.7
      vertex 108.7 36.03 32.2
    endloop
  endfacet
  facet normal 0 1 0
    outer loop
      vertex 120 24.7 5.641666666666667
      vertex 119.97 24.7 32.2
      vertex 120 24.7 5.7
    endloop
  endfacet
  facet normal 0 1 0
    outer loop
      vertex 120 24.7 5.7
      vertex 119.97 24.7 32.2
      vertex 132 24.7 6.7
    endloop
  endfacet
  facet normal -1 0 0
    outer loop
      vertex 119.97 35.3 4.758333333333334
      vertex 119.97 35.3 32.2
      vertex 119.97 36 4.7
    endloop
  endfacet
  facet normal 0 -1 0
    outer loop
      vertex 119.97 35.3 4.758333333333334
      vertex 120 35.3 5.7
      vertex 119.97 35.3 32.2
    endloop
  endfacet
  facet normal 1 0 0
    outer loop
      vertex 108.7 36.03 3.7583333333333337
      vertex 108.7 36.03 32.2
      vertex 108.7 36 4.7
    endloop
  endfacet
  facet normal 0 -1 0
    outer loop
      vertex 108 47.97 3.7
      vertex 108.7 47.97 3.7583333333333337
      vertex 108.7 47.97 32.2
    endloop
  endfacet
  facet normal 1 0 0
    outer loop
      vertex 108.7 47.97 3.7583333333333337
      vertex 108.7 48 4.7
      vertex 108.7 47.97 32.2
    endloop
  endfacet
  facet normal -1 0 0
    outer loop
      vertex 119.97 36 4.7
      vertex 119.97 36.699999999999996 32.2
      vertex 119.97 36.699999999999996 4.6975
    endloop
  endfacet
  facet normal 0 1 0
    outer loop
      vertex 119.97 36.699999999999996 4.6975
      vertex 119.97 36.699999999999996 32.2
      vertex 120 36.699999999999996 4.7
    endloop
  endfacet
  facet normal 0 1 0
    outer loop
      vertex 120 36.699999999999996 4.7
      vertex 119.97 36.699999999999996 32.2
      vertex 132 36.699999999999996 5.7
    endloop
  endfacet
  facet normal -1 0 0
    outer loop
      vertex 119.3 47.97 4.641666666666667
      vertex 119.3 47.97 32.2
      vertex 119.3 48 4.7
    endloop
  endfacet
  facet normal 0 -1 0
    outer loop
      vertex 119.3 47.97 4.641666666666667
      vertex 120 47.97 4.7
      vertex 120.7 47.97 32.2
    endloop
  endfacet
  facet normal 0 -1 0
    outer loop
      vertex 120 47.97 4.7
      vertex 120.7 47.97 4.758333333333334
      vertex 120.7 47.97 32.2
    endloop
  endfacet
  facet normal 1 0 0
    outer loop
      vertex 120.7 47.97 4.758333333333334
      vertex 120.7 48 5.7
      vertex 120.7 47.97 32.2
    endloop
  endfacet
  facet normal 1 0 0
    outer loop
      vertex 144.70000000000002 24.03 0
      vertex 144.70000000000002 36.03 0
      vertex 144.70000000000002 24.03 32.03980099502487
    endloop
  endfacet
  facet normal 1 0 0
    outer loop
      vertex 132.03 24.03 6.702500000000001
      vertex 132.03 24.7 6.702500000000001
      vertex 132.03 24.7 32.2
    endloop
  endfacet
  facet normal 0 1 0
    outer loop
      vertex 132 24.7 6.7
      vertex 132.03 24.7 32.2
      vertex 132.03 24.7 6.702500000000001
    endloop
  endfacet
  facet normal 0 1 0
    outer loop
      vertex 132.03 24.03 6.702500000000001
      vertex 132.03 24.03 32.2
      vertex 132.70000000000002 24.03 6.758333333333335
    endloop
  endfacet
  facet normal 1 0 0
    outer loop
      vertex 132.70000000000002 24.03 6.758333333333335
      vertex 132.70000000000002 24.03 32.2
      vertex 132.70000000000002 24 7.7
    endloop
  endfacet
  facet normal 0 -1 0
    outer loop
      vertex 120 35.3 5.7
      vertex 132 35.3 6.7
      vertex 131.97 35.3 32.2
    endloop
  endfacet
  facet normal -1 0 0
    outer loop
      vertex 143.3 24 7.7
      vertex 143.3 24.03 32.2
      vertex 143.3 35.3 7.6416666666666675
    endloop
  endfacet
  facet normal 0 -1 0
    outer loop
      vertex 132 35.3 6.7
      vertex 143.3 35.3 7.6416666666666675
      vertex 131.97 35.3 32.2
    endloop
  endfacet
  facet normal 1 0 0
    outer loop
      vertex 144.70000000000002 36.03 0
      vertex 144.70000000000002 47.97 0
      vertex 144.70000000000002 36.03 32.2
    endloop
  endfacet
  facet normal 0 -1 0
    outer loop
      vertex 132 47.3 5.7
      vertex 131.97 47.3 32.2
      vertex 131.97 47.3 5.6975
    endloop
  endfacet
  facet normal 0 1 0
    outer loop
      vertex 132 36.699999999999996 5.7
      vertex 131.97 36.699999999999996 32.2
      vertex 143.3 36.699999999999996 6.6416666666666675
    endloop
  endfacet
  facet normal -1 0 0
    outer loop
      vertex 143.3 36.699999999999996 6.6416666666666675
      vertex 143.3 36.699999999999996 32.2
      vertex 143.3 47.3 6.6416666666666675
    endloop
  endfacet
  facet normal 0 -1 0
    outer loop
      vertex 132 47.3 5.7
      vertex 143.3 47.3 6.6416666666666675
      vertex 143.3 47.3 32.2
    endloop
  endfacet
  facet normal 0 -1 0
    outer loop
      vertex 71.97 -0.7 0
      vertex 84.03 -0.7 32.2
      vertex 71.97 -0.7 32.2
    endloop
  endfacet
  facet normal -2.5541084687581113e-16 1 -4.643833579560377e-19
    outer loop
      vertex 71.97 0.7 32.2
      vertex 83.3 0.7000000000000028 16.641666666666666
      vertex 72 0.7 15.7
    endloop
  endfacet
  facet normal 0 -1 0
    outer loop
      vertex 72 11.3 15.7
      vertex 83.3 11.3 16.641666666666666
      vertex 83.3 11.3 32.2
    endloop
  endfacet
  facet normal -1 0 0
    outer loop
      vertex 83.3 0.7000000000000028 16.641666666666666
      vertex 83.3 0.7 32.2
      vertex 83.3 11.3 16.641666666666666
    endloop
  endfacet
  facet normal 0 -1 0
    outer loop
      vertex 84.03 -0.7 0
      vertex 95.97 -0.7 32.2
      vertex 84.03 -0.7 32.2
    endloop
  endfacet
  facet normal 1 0 0
    outer loop
      vertex 84.7 0.7 7.641666666666667
      vertex 84.7 12.030000000000001 32.2
      vertex 84.7 0.7 32.2
    endloop
  endfacet
  facet normal 0 1 0
    outer loop
      vertex 84.7 0.7 7.641666666666667
      vertex 84.7 0.7 32.2
      vertex 95.97 0.7 32.2
    endloop
  endfacet
  facet normal 0 1 0
    outer loop
      vertex 72.7 12.700000000000001 9.641666666666666
      vertex 72.7 12.700000000000001 32.2
      vertex 84 12.700000000000001 8.7
    endloop
  endfacet
  facet normal 1 0 0
    outer loop
      vertex 72.7 12.700000000000001 9.641666666666666
      vertex 72.7 24 9.7
      vertex 72.7 24.03 32.2
    endloop
  endfacet
  facet normal 0 1 0
    outer loop
      vertex 84.03 12.700000000000001 7.758333333333334
      vertex 84 12.700000000000001 8.7
      vertex 84.03 12.700000000000001 32.2
    endloop
  endfacet
  facet normal 0 -1 0
    outer loop
      vertex 84 23.3 8.7
      vertex 83.97 23.3 32.2
      vertex 83.97 23.3 8.702499999999999
    endloop
  endfacet
  facet normal 0 -1 0
    outer loop
      vertex 84 23.3 8.7
      vertex 95.3 23.3 8.641666666666666
      vertex 83.97 23.3 32.2
    endloop
  endfacet
  facet normal 0 1 0
    outer loop
      vertex 84.7 12.030000000000001 7.702500000000001
      vertex 84.03 12.030000000000001 32.2
      vertex 84.7 12.030000000000001 32.2
    endloop
  endfacet
  facet normal 1 0 0
    outer loop
      vertex 84.03 12.700000000000001 7.758333333333334
      vertex 84.03 12.700000000000001 32.2
      vertex 84.03 12.030000000000001 32.2
    endloop
  endfacet
  facet normal 0 -1 0
    outer loop
      vertex 95.97 -0.7 0
      vertex 108.03 -0.7 32.2
      vertex 95.97 -0.7 32.2
    endloop
  endfacet
  facet normal 0 1 0
    outer loop
      vertex 108 0.7 5.7
      vertex 95.97 0.7 32.2
      vertex 108.03 0.7 32.2
    endloop
  endfacet
  facet normal 0 -1 0
    outer loop
      vertex 96 11.3 6.7
      vertex 108.03 11.3 32.2
      vertex 95.97 11.3 32.2
    endloop
  endfacet
  facet normal -1 0 0
    outer loop
      vertex 95.3 12 7.7
      vertex 95.3 11.97 32.2
      vertex 95.3 23.3 8.641666666666666
    endloop
  endfacet
  facet normal 0 -1 0
    outer loop
      vertex 95.3 11.97 6.758333333333334
      vertex 95.97 11.97 32.2
      vertex 95.3 11.97 32.2
    endloop
  endfacet
  facet normal -1 0 0
    outer loop
      vertex 95.97 11.97 6.702500000000001
      vertex 95.97 11.3 32.2
      vertex 95.97 11.97 32.2
    endloop
  endfacet
  facet normal 1 0 0
    outer loop
      vertex 96.7 12.700000000000001 3.6416666666666666
      vertex 96.7 23.97 32.2
      vertex 96.7 12.700000000000001 32.2
    endloop
  endfacet
  facet normal 0 1 0
    outer loop
      vertex 96.7 12.700000000000001 3.6416666666666666
      vertex 96.7 12.700000000000001 32.2
      vertex 108.03 12.700000000000001 32.2
    endloop
  endfacet
  facet normal 1 0 0
    outer loop
      vertex 108.03 12.700000000000001 3.7025
      vertex 108.03 12.700000000000001 32.2
      vertex 108.03 11.3 32.2
    endloop
  endfacet
  facet normal 0 1 1.8553271755921196e-16
    outer loop
      vertex 71.97 0.7 32.2
      vertex 83.3 0.7 32.2
      vertex 83.3 0.7000000000000028 16.641666666666666
    endloop
  endfacet
  facet normal 0 -1 0
    outer loop
      vertex 71.97 11.3 32.2
      vertex 72 11.3 15.7
      vertex 83.3 11.3 32.2
    endloop
  endfacet
  facet normal -1 0 0
    outer loop
      vertex 83.3 11.3 16.641666666666666
      vertex 83.3 0.7 32.2
      vertex 83.3 11.3 32.2
    endloop
  endfacet
  facet normal 0 0 1
    outer loop
      vertex 71.97 -0.7 32.2
      vertex 83.97 -0.6930348258706465 32.2
      vertex 71.97 -0.6930348258706465 32.2
    endloop
  endfacet
  facet normal 0 0 1
    outer loop
      vertex 71.97 -0.6930348258706465 32.2
      vertex 83.97 -0.6930348258706465 32.2
      vertex 72.03 0.6930348258706465 32.2
    endloop
  endfacet
  facet normal 0 0 1
    outer loop
      vertex 71.97 0.7 32.2
      vertex 72.03 0.6930348258706465 32.2
      vertex 83.3 0.7 32.2
    endloop
  endfacet
  facet normal 0 0 1
    outer loop
      vertex 72.03 0.6930348258706465 32.2
      vertex 83.97 -0.6930348258706465 32.2
      vertex 83.3 0.6930348258706465 32.2
    endloop
  endfacet
  facet normal 0 0 1
    outer loop
      vertex 72.03 0.6930348258706465 32.2
      vertex 83.3 0.6930348258706465 32.2
      vertex 83.3 0.7 32.2
    endloop
  endfacet
  facet normal 0 0 1
    outer loop
      vertex 71.97 -0.7 32.2
      vertex 84.03 -0.7 32.2
      vertex 83.97 -0.6930348258706465 32.2
    endloop
  endfacet
  facet normal 0 0 1
    outer loop
      vertex 71.97 11.3 32.2
      vertex 83.3 11.3 32.2
      vertex 71.97 11.306965174129354 32.2
    endloop
  endfacet
  facet normal 0 0 1
    outer loop
      vertex 71.97 11.306965174129354 32.2
      vertex 83.3 11.3 32.2
      vertex 83.3 11.384742951907132 32.2
    endloop
  endfacet
  facet normal 0 0 1
    outer loop
      vertex 83.3 0.6930348258706465 32.2
      vertex 83.97 -0.6930348258706465 32.2
      vertex 83.99870136396267 -0.03 32.2
    endloop
  endfacet
  facet normal 0 0 1
    outer loop
      vertex 84.03 -0.7 32.2
      vertex 84.03 -0.03 32.2
      vertex 83.97 -0.6930348258706465 32.2
    endloop
  endfacet
  facet normal 0 0 1
    outer loop
      vertex 83.97 -0.6930348258706465 32.2
      vertex 84.03 -0.03 32.2
      vertex 83.99870136396267 -0.03 32.2
    endloop
  endfacet
  facet normal 0 0 1
    outer loop
      vertex 83.3 0.6930348258706465 32.2
      vertex 83.99870136396267 -0.03 32.2
      vertex 84.03 -0.03 32.2
    endloop
  endfacet
  facet normal 0 0 1
    outer loop
      vertex 83.3 0.7 32.2
      vertex 83.3 0.6930348258706465 32.2
      vertex 84.61910798798336 0.6246474972490302 32.2
    endloop
  endfacet
  facet normal 0 0 1
    outer loop
      vertex 83.3 0.6930348258706465 32.2
      vertex 84.03 -0.03 32.2
      vertex 84.61910798798336 0.6246474972490302 32.2
    endloop
  endfacet
  facet normal 0 0 1
    outer loop
      vertex 84.03 -0.03 32.2
      vertex 84.62407132243685 0.6240713224368495 32.2
      vertex 84.61910798798336 0.6246474972490302 32.2
    endloop
  endfacet
  facet normal 0 0 1
    outer loop
      vertex 83.3 0.7 32.2
      vertex 84.61910798798336 0.6246474972490302 32.2
      vertex 83.3 11.3 32.2
    endloop
  endfacet
  facet normal 0 0 1
    outer loop
      vertex 84.61910798798336 0.6246474972490302 32.2
      vertex 84.62407132243685 0.6240713224368495 32.2
      vertex 83.3 11.3 32.2
    endloop
  endfacet
  facet normal 0 0 1
    outer loop
      vertex 84.62407132243685 0.6240713224368495 32.2
      vertex 84.61602592404462 0.6933766828727642 32.2
      vertex 83.3 11.3 32.2
    endloop
  endfacet
  facet normal 0 0 1
    outer loop
      vertex 84.61602592404462 0.6933766828727642 32.2
      vertex 84.7 0.7 32.2
      vertex 83.37592867756315 11.37592867756315 32.2
    endloop
  endfacet
  facet normal 0 0 1
    outer loop
      vertex 84.03 -0.7 32.2
      vertex 95.97 -0.6930348258706465 32.2
      vertex 84.03 -0.03 32.2
    endloop
  endfacet
  facet normal 0 0 1
    outer loop
      vertex 84.03 -0.03 32.2
      vertex 95.97 -0.6930348258706465 32.2
      vertex 84.62407132243685 0.6240713224368495 32.2
    endloop
  endfacet
  facet normal 0 0 1
    outer loop
      vertex 84.62407132243685 0.6240713224368495 32.2
      vertex 95.97 0.7 32.2
      vertex 84.61602592404462 0.6933766828727642 32.2
    endloop
  endfacet
  facet normal 0 0 1
    outer loop
      vertex 84.61602592404462 0.6933766828727642 32.2
      vertex 95.97 0.7 32.2
      vertex 84.7 0.7 32.2
    endloop
  endfacet
  facet normal 0 0 1
    outer loop
      vertex 84.61602592404462 0.6933766828727642 32.2
      vertex 83.37592867756315 11.37592867756315 32.2
      vertex 83.3 11.3 32.2
    endloop
  endfacet
  facet normal 0 0 1
    outer loop
      vertex 84.7 0.7 32.2
      vertex 84.7 12.030000000000001 32.2
      vertex 83.37592867756315 11.37592867756315 32.2
    endloop
  endfacet
  facet normal 0 0 1
    outer loop
      vertex 83.3 11.3 32.2
      vertex 83.37592867756315 11.37592867756315 32.2
      vertex 83.3 11.384742951907132 32.2
    endloop
  endfacet
  facet normal 1 0 0
    outer loop
      vertex 72.7 12.700000000000001 9.641666666666666
      vertex 72.7 24.03 32.2
      vertex 72.7 12.700000000000001 32.2
    endloop
  endfacet
  facet normal 0 1 0
    outer loop
      vertex 84 12.700000000000001 8.7
      vertex 72.7 12.700000000000001 32.2
      vertex 84.03 12.700000000000001 32.2
    endloop
  endfacet
  facet normal 0 0 1
    outer loop
      vertex 71.97 11.306965174129354 32.2
      vertex 72.62407132243685 12.624071322436851 32.2
      vertex 71.99870136396267 11.97 32.2
    endloop
  endfacet
  facet normal 0 0 1
    outer loop
      vertex 71.97 11.97 32.2
      vertex 71.99870136396267 11.97 32.2
      vertex 72.62407132243685 12.624071322436851 32.2
    endloop
  endfacet
  facet normal 0 0 1
    outer loop
      vertex 71.3 12.700000000000001 32.2
      vertex 72.62407132243685 12.624071322436851 32.2
      vertex 72.61525704809287 12.700000000000001 32.2
    endloop
  endfacet
  facet normal 0 0 1
    outer loop
      vertex 72.61525704809287 12.700000000000001 32.2
      vertex 72.62407132243685 12.624071322436851 32.2
      vertex 72.7 12.700000000000001 32.2
    endloop
  endfacet
  facet normal 0 0 1
    outer loop
      vertex 71.97 11.306965174129354 32.2
      vertex 83.3 11.384742951907132 32.2
      vertex 72.62407132243685 12.624071322436851 32.2
    endloop
  endfacet
  facet normal 0 0 1
    outer loop
      vertex 72.62407132243685 12.624071322436851 32.2
      vertex 84.03 12.700000000000001 32.2
      vertex 72.7 12.700000000000001 32.2
    endloop
  endfacet
  facet normal 0 0 1
    outer loop
      vertex 72.61525704809287 12.700000000000001 32.2
      vertex 72.7 12.700000000000001 32.2
      vertex 72.7 24.03 32.2
    endloop
  endfacet
  facet normal 0 0 1
    outer loop
      vertex 83.3 11.384742951907132 32.2
      vertex 84.03 12.030000000000001 32.2
      vertex 72.62407132243685 12.624071322436851 32.2
    endloop
  endfacet
  facet normal 0 0 1
    outer loop
      vertex 72.62407132243685 12.624071322436851 32.2
      vertex 84.03 12.030000000000001 32.2
      vertex 84.03 12.700000000000001 32.2
    endloop
  endfacet
  facet normal 0 0 1
    outer loop
      vertex 71.3 24.03 32.2
      vertex 72.61525704809287 12.700000000000001 32.2
      vertex 72.7 24.03 32.2
    endloop
  endfacet
  facet normal 0 0 1
    outer loop
      vertex 83.3 11.384742951907132 32.2
      vertex 83.37592867756315 11.37592867756315 32.2
      vertex 84.03 12.030000000000001 32.2
    endloop
  endfacet
  facet normal 0 0 1
    outer loop
      vertex 83.37592867756315 11.37592867756315 32.2
      vertex 84.7 12.030000000000001 32.2
      vertex 84.03 12.030000000000001 32.2
    endloop
  endfacet
  facet normal 0 0 1
    outer loop
      vertex 84.03 -0.7 32.2
      vertex 95.97 -0.7 32.2
      vertex 95.97 -0.6930348258706465 32.2
    endloop
  endfacet
  facet normal 0 0 1
    outer loop
      vertex 84.62407132243685 0.6240713224368495 32.2
      vertex 95.97 -0.6930348258706465 32.2
      vertex 95.97 0.7 32.2
    endloop
  endfacet
  facet normal 0 0 1
    outer loop
      vertex 95.97 -0.6930348258706465 32.2
      vertex 96.03 0.6930348258706465 32.2
      vertex 95.97 0.7 32.2
    endloop
  endfacet
  facet normal 0 0 1
    outer loop
      vertex 95.97 -0.7 32.2
      vertex 107.97 -0.6930348258706465 32.2
      vertex 95.97 -0.6930348258706465 32.2
    endloop
  endfacet
  facet normal 0 0 1
    outer loop
      vertex 95.97 -0.6930348258706465 32.2
      vertex 107.97 -0.6930348258706465 32.2
      vertex 96.03 0.6930348258706465 32.2
    endloop
  endfacet
  facet normal 0 0 1
    outer loop
      vertex 95.97 0.7 32.2
      vertex 96.03 0.6930348258706465 32.2
      vertex 108.03 0.7 32.2
    endloop
  endfacet
  facet normal 0 0 1
    outer loop
      vertex 95.97 -0.7 32.2
      vertex 108.03 -0.7 32.2
      vertex 107.97 -0.6930348258706465 32.2
    endloop
  endfacet
  facet normal 0 0 1
    outer loop
      vertex 96.03 0.6930348258706465 32.2
      vertex 107.97 -0.6930348258706465 32.2
      vertex 108.03 0.6930348258706465 32.2
    endloop
  endfacet
  facet normal 0 0 1
    outer loop
      vertex 96.03 0.6930348258706465 32.2
      vertex 108.03 0.6930348258706465 32.2
      vertex 108.03 0.7 32.2
    endloop
  endfacet
  facet normal 0 0 1
    outer loop
      vertex 107.97 -0.6930348258706465 32.2
      vertex 108.03 -0.7 32.2
      vertex 108.03 0.6930348258706465 32.2
    endloop
  endfacet
  facet normal 0 -1 0
    outer loop
      vertex 95.3 23.3 8.641666666666666
      vertex 95.3 23.3 32.2
      vertex 83.97 23.3 32.2
    endloop
  endfacet
  facet normal -1 0 0
    outer loop
      vertex 95.3 23.3 8.641666666666666
      vertex 95.3 11.97 32.2
      vertex 95.3 23.3 32.2
    endloop
  endfacet
  facet normal 0 0 1
    outer loop
      vertex 95.97 11.3 32.2
      vertex 96.61910798798336 12.62464749724903 32.2
      vertex 95.97 11.97 32.2
    endloop
  endfacet
  facet normal 0 0 1
    outer loop
      vertex 95.97 11.3 32.2
      vertex 96.62407132243685 12.624071322436851 32.2
      vertex 96.61910798798336 12.62464749724903 32.2
    endloop
  endfacet
  facet normal 0 0 1
    outer loop
      vertex 96.62407132243685 12.624071322436851 32.2
      vertex 96.7 12.700000000000001 32.2
      vertex 96.61525704809287 12.700000000000001 32.2
    endloop
  endfacet
  facet normal 0 0 1
    outer loop
      vertex 95.3 11.97 32.2
      vertex 95.97 11.97 32.2
      vertex 95.3 23.3 32.2
    endloop
  endfacet
  facet normal 0 0 1
    outer loop
      vertex 95.97 11.97 32.2
      vertex 96.61910798798336 12.62464749724903 32.2
      vertex 95.3 23.3 32.2
    endloop
  endfacet
  facet normal 0 0 1
    outer loop
      vertex 96.61910798798336 12.62464749724903 32.2
      vertex 96.62407132243685 12.624071322436851 32.2
      vertex 95.3 23.3 32.2
    endloop
  endfacet
  facet normal 0 0 1
    outer loop
      vertex 96.62407132243685 12.624071322436851 32.2
      vertex 96.61525704809287 12.700000000000001 32.2
      vertex 95.3 23.3 32.2
    endloop
  endfacet
  facet normal 0 0 1
    outer loop
      vertex 96.61525704809287 12.700000000000001 32.2
      vertex 96.7 12.700000000000001 32.2
      vertex 95.37592867756315 23.375928677563152 32.2
    endloop
  endfacet
  facet normal 0 0 1
    outer loop
      vertex 83.97 23.3 32.2
      vertex 95.3 23.3 32.2
      vertex 95.3 23.384742951907132 32.2
    endloop
  endfacet
  facet normal 0 0 1
    outer loop
      vertex 96.61525704809287 12.700000000000001 32.2
      vertex 95.37592867756315 23.375928677563152 32.2
      vertex 95.3 23.3 32.2
    endloop
  endfacet
  facet normal 0 0 1
    outer loop
      vertex 96.7 12.700000000000001 32.2
      vertex 96.7 23.97 32.2
      vertex 95.37592867756315 23.375928677563152 32.2
    endloop
  endfacet
  facet normal 0 0 1
    outer loop
      vertex 95.3 23.3 32.2
      vertex 95.37592867756315 23.375928677563152 32.2
      vertex 95.3 23.384742951907132 32.2
    endloop
  endfacet
  facet normal 0 0 1
    outer loop
      vertex 95.3 23.384742951907132 32.2
      vertex 95.37592867756315 23.375928677563152 32.2
      vertex 95.9621200750469 23.97 32.2
    endloop
  endfacet
  facet normal 0 0 1
    outer loop
      vertex 95.97 11.3 32.2
      vertex 108.03 11.3 32.2
      vertex 96.62407132243685 12.624071322436851 32.2
    endloop
  endfacet
  facet normal 0 0 1
    outer loop
      vertex 96.62407132243685 12.624071322436851 32.2
      vertex 108.03 12.700000000000001 32.2
      vertex 96.7 12.700000000000001 32.2
    endloop
  endfacet
  facet normal 0 0 1
    outer loop
      vertex 108.03 11.3 32.2
      vertex 108.03 12.700000000000001 32.2
      vertex 96.62407132243685 12.624071322436851 32.2
    endloop
  endfacet
  facet normal 1 0 0
    outer loop
      vertex 72.7 24 9.7
      vertex 72.7 24.03 9.702499999999999
      vertex 72.7 24.03 32.2
    endloop
  endfacet
  facet normal 0 1 0
    outer loop
      vertex 71.3 24.03 32.2
      vertex 72.7 24.03 9.702499999999999
      vertex 72 24.03 10.7
    endloop
  endfacet
  facet normal 0 -1 0
    outer loop
      vertex 71.97 35.3 32.2
      vertex 72 35.3 10.7
      vertex 84 35.3 10.641666666666666
    endloop
  endfacet
  facet normal -1 0 0
    outer loop
      vertex 83.97 23.3 8.702499999999999
      vertex 83.97 24.7 32.2
      vertex 83.97 24 9.7
    endloop
  endfacet
  facet normal -1 0 0
    outer loop
      vertex 83.97 24 9.7
      vertex 83.97 24.7 32.2
      vertex 83.97 24.7 9.758333333333333
    endloop
  endfacet
  facet normal 0 1 0
    outer loop
      vertex 83.97 24.7 9.758333333333333
      vertex 83.97 24.7 32.2
      vertex 84 24.7 10.7
    endloop
  endfacet
  facet normal -3.143628867777704e-16 1 -4.38645888527138e-19
    outer loop
      vertex 84 24.7 10.7
      vertex 83.97 24.7 32.2
      vertex 95.3 24.700000000000003 11.641666666666666
    endloop
  endfacet
  facet normal 0 -1 0
    outer loop
      vertex 84 35.3 10.641666666666666
      vertex 84 35.3 10.7
      vertex 83.97 35.3 32.2
    endloop
  endfacet
  facet normal 1 0 0
    outer loop
      vertex 72.7 36.699999999999996 5.641666666666667
      vertex 72.7 47.3 32.2
      vertex 72.7 36.699999999999996 32.2
    endloop
  endfacet
  facet normal 0 1 0
    outer loop
      vertex 84 36.699999999999996 4.7
      vertex 72.7 36.699999999999996 32.2
      vertex 83.97 36.699999999999996 32.2
    endloop
  endfacet
  facet normal 0 -1 0
    outer loop
      vertex 72.7 47.3 5.641666666666667
      vertex 84.03 47.3 32.2
      vertex 72.7 47.3 32.2
    endloop
  endfacet
  facet normal -1 0 0
    outer loop
      vertex 95.3 24.700000000000003 11.641666666666666
      vertex 95.3 24.7 32.2
      vertex 95.3 35.3 11.641666666666666
    endloop
  endfacet
  facet normal 0 -1 0
    outer loop
      vertex 84 35.3 10.7
      vertex 95.3 35.3 11.641666666666666
      vertex 95.3 35.3 32.2
    endloop
  endfacet
  facet normal 1 0 0
    outer loop
      vertex 96.7 24.025900621118012 2.2
      vertex 96.7 24.03 32.11990049751243
      vertex 96.7 23.97 32.2
    endloop
  endfacet
  facet normal 1 0 0
    outer loop
      vertex 96.7 24.025900621118012 2.2
      vertex 96.7 36.03 32.2
      vertex 96.7 24.03 32.11990049751243
    endloop
  endfacet
  facet normal 0 -1 0
    outer loop
      vertex 107.3 23.97 2.7025
      vertex 107.97 23.97 32.2
      vertex 107.3 23.97 32.2
    endloop
  endfacet
  facet normal -1 0 0
    outer loop
      vertex 107.97 23.97 2.7025
      vertex 107.97 23.3 32.2
      vertex 107.97 23.97 32.2
    endloop
  endfacet
  facet normal -1 0 0
    outer loop
      vertex 107.3 23.97 2.7025
      vertex 107.3 23.97 32.2
      vertex 107.3 36.03 32.2
    endloop
  endfacet
  facet normal 0 1 0
    outer loop
      vertex 96 36.699999999999996 3.7
      vertex 83.97 36.699999999999996 32.2
      vertex 96.03 36.699999999999996 32.2
    endloop
  endfacet
  facet normal 1 0 0
    outer loop
      vertex 96.03 36.03 2.7025
      vertex 96.03 36.699999999999996 32.2
      vertex 96.03 36.03 32.2
    endloop
  endfacet
  facet normal 0 1 0
    outer loop
      vertex 96.7 36.03 2.7025
      vertex 96.03 36.03 32.2
      vertex 96.7 36.03 32.2
    endloop
  endfacet
  facet normal 0 -1 0
    outer loop
      vertex 95.3 47.97 3.7583333333333337
      vertex 96.7 47.97 32.2
      vertex 95.3 47.97 32.2
    endloop
  endfacet
  facet normal 0 1 0
    outer loop
      vertex 108.7 36.03 3.7583333333333337
      vertex 107.3 36.03 32.2
      vertex 108.7 36.03 32.2
    endloop
  endfacet
  facet normal 0 -1 0
    outer loop
      vertex 107.3 47.97 3.6975000000000002
      vertex 108.7 47.97 32.2
      vertex 107.3 47.97 32.2
    endloop
  endfacet
  facet normal 0 1 0
    outer loop
      vertex 71.3 24.03 32.2
      vertex 72.7 24.03 32.2
      vertex 72.7 24.03 9.702499999999999
    endloop
  endfacet
  facet normal 0 -1 0
    outer loop
      vertex 71.97 35.3 32.2
      vertex 84 35.3 10.641666666666666
      vertex 83.97 35.3 32.2
    endloop
  endfacet
  facet normal -1 0 0
    outer loop
      vertex 83.97 23.3 8.702499999999999
      vertex 83.97 23.3 32.2
      vertex 83.97 24.7 32.2
    endloop
  endfacet
  facet normal 0 -1 0
    outer loop
      vertex 84 35.3 10.7
      vertex 95.3 35.3 32.2
      vertex 83.97 35.3 32.2
    endloop
  endfacet
  facet normal 0 0 1
    outer loop
      vertex 71.97 35.3 32.2
      vertex 83.97 35.30696517412935 32.2
      vertex 72.62407132243685 36.62407132243685 32.2
    endloop
  endfacet
  facet normal 0 0 1
    outer loop
      vertex 71.97 35.3 32.2
      vertex 83.97 35.3 32.2
      vertex 83.97 35.30696517412935 32.2
    endloop
  endfacet
  facet normal 0 0 1
    outer loop
      vertex 83.97 23.3 32.2
      vertex 95.3 23.384742951907132 32.2
      vertex 83.97 24.7 32.2
    endloop
  endfacet
  facet normal 0 0 1
    outer loop
      vertex 83.97 35.3 32.2
      vertex 95.3 35.3 32.2
      vertex 83.97 35.30696517412935 32.2
    endloop
  endfacet
  facet normal 0 0 1
    outer loop
      vertex 83.97 35.30696517412935 32.2
      vertex 95.3 35.38474295190713 32.2
      vertex 84.03 36.69303482587064 32.2
    endloop
  endfacet
  facet normal 0 0 1
    outer loop
      vertex 71.97 35.3 32.2
      vertex 72.62407132243685 36.62407132243685 32.2
      vertex 71.97 35.97 32.2
    endloop
  endfacet
  facet normal 0 0 1
    outer loop
      vertex 72.62407132243685 36.62407132243685 32.2
      vertex 72.65581260364843 36.699999999999996 32.2
      vertex 72.61525704809287 36.699999999999996 32.2
    endloop
  endfacet
  facet normal 0 0 1
    outer loop
      vertex 83.97 35.30696517412935 32.2
      vertex 72.65581260364843 36.699999999999996 32.2
      vertex 72.62407132243685 36.62407132243685 32.2
    endloop
  endfacet
  facet normal 0 0 1
    outer loop
      vertex 83.97 35.30696517412935 32.2
      vertex 72.7 36.699999999999996 32.2
      vertex 72.65581260364843 36.699999999999996 32.2
    endloop
  endfacet
  facet normal 0 0 1
    outer loop
      vertex 72.7 36.699999999999996 32.2
      vertex 72.7 47.3 32.2
      vertex 72.65581260364843 36.699999999999996 32.2
    endloop
  endfacet
  facet normal 0 0 1
    outer loop
      vertex 71.3 47.97 32.2
      vertex 72.62407132243685 36.62407132243685 32.2
      vertex 72.61525704809287 36.699999999999996 32.2
    endloop
  endfacet
  facet normal 0 0 1
    outer loop
      vertex 71.97363184079602 47.97 32.2
      vertex 72.61525704809287 36.699999999999996 32.2
      vertex 72.65581260364843 36.699999999999996 32.2
    endloop
  endfacet
  facet normal 0 0 1
    outer loop
      vertex 83.97 35.30696517412935 32.2
      vertex 83.97 36.699999999999996 32.2
      vertex 72.7 36.699999999999996 32.2
    endloop
  endfacet
  facet normal 0 0 1
    outer loop
      vertex 71.97363184079602 47.97 32.2
      vertex 72.65581260364843 36.699999999999996 32.2
      vertex 72.7 47.3 32.2
    endloop
  endfacet
  facet normal 0 0 1
    outer loop
      vertex 71.97363184079602 47.97 32.2
      vertex 72.7 47.3 32.2
      vertex 72.03 47.97 32.2
    endloop
  endfacet
  facet normal 0 0 1
    outer loop
      vertex 72.03 47.97 32.2
      vertex 72.7 47.3 32.2
      vertex 72.35064285714286 47.97 32.2
    endloop
  endfacet
  facet normal 0 0 1
    outer loop
      vertex 72.35064285714286 47.97 32.2
      vertex 72.7 47.3 32.2
      vertex 84.03 47.3 32.2
    endloop
  endfacet
  facet normal 0 0 1
    outer loop
      vertex 72.35064285714286 47.97 32.2
      vertex 84.03 47.3 32.2
      vertex 72.66066575913852 48.6198232120403 32.2
    endloop
  endfacet
  facet normal 0 0 1
    outer loop
      vertex 83.97 35.30696517412935 32.2
      vertex 84.03 36.69303482587064 32.2
      vertex 83.97 36.699999999999996 32.2
    endloop
  endfacet
  facet normal 0 0 1
    outer loop
      vertex 84.03 36.69303482587064 32.2
      vertex 96.03 36.699999999999996 32.2
      vertex 83.97 36.699999999999996 32.2
    endloop
  endfacet
  facet normal 0 1 1.728113666218322e-16
    outer loop
      vertex 95.3 24.700000000000003 11.641666666666666
      vertex 83.97 24.7 32.2
      vertex 95.3 24.7 32.2
    endloop
  endfacet
  facet normal -1 0 0
    outer loop
      vertex 95.3 35.3 11.641666666666666
      vertex 95.3 24.7 32.2
      vertex 95.3 35.3 32.2
    endloop
  endfacet
  facet normal 0 0 1
    outer loop
      vertex 95.3 23.384742951907132 32.2
      vertex 95.3 24.070555555555558 32.2
      vertex 83.97 24.7 32.2
    endloop
  endfacet
  facet normal 0 0 1
    outer loop
      vertex 83.97 24.7 32.2
      vertex 95.3 24.070555555555558 32.2
      vertex 95.3 24.7 32.2
    endloop
  endfacet
  facet normal 0 0 1
    outer loop
      vertex 95.3 23.384742951907132 32.2
      vertex 95.9621200750469 23.97 32.2
      vertex 95.3 24.070555555555558 32.2
    endloop
  endfacet
  facet normal 0 0 1
    outer loop
      vertex 95.37592867756315 23.375928677563152 32.2
      vertex 95.97 23.97 32.2
      vertex 95.9621200750469 23.97 32.2
    endloop
  endfacet
  facet normal 0 0 1
    outer loop
      vertex 95.3 24.070555555555558 32.2
      vertex 95.9621200750469 23.97 32.2
      vertex 95.3 24.7 32.2
    endloop
  endfacet
  facet normal 0 0 1
    outer loop
      vertex 95.3 24.7 32.2
      vertex 95.9621200750469 23.97 32.2
      vertex 95.97 23.97 32.2
    endloop
  endfacet
  facet normal 0 0 1
    outer loop
      vertex 95.37592867756315 23.375928677563152 32.2
      vertex 96.69301256512412 24.026548312245524 32.2
      vertex 95.97 23.97 32.2
    endloop
  endfacet
  facet normal 0 0 1
    outer loop
      vertex 95.37592867756315 23.375928677563152 32.2
      vertex 96.7 23.97 32.2
      vertex 96.69301256512412 24.026548312245524 32.2
    endloop
  endfacet
  facet normal 0 0 1
    outer loop
      vertex 96.69301256512412 24.026548312245524 32.2
      vertex 96.7 23.97 32.2
      vertex 96.69341258048539 24.026745913818722 32.2
    endloop
  endfacet
  facet normal 0 0 1
    outer loop
      vertex 95.3 24.7 32.2
      vertex 95.97 23.97 32.2
      vertex 95.3 35.3 32.2
    endloop
  endfacet
  facet normal 0 0 1
    outer loop
      vertex 95.97 23.97 32.2
      vertex 96.69301256512412 24.026548312245524 32.2
      vertex 95.3 35.3 32.2
    endloop
  endfacet
  facet normal 0 0 1
    outer loop
      vertex 96.69301256512412 24.026548312245524 32.2
      vertex 96.69341258048539 24.026745913818722 32.2
      vertex 95.3 35.3 32.2
    endloop
  endfacet
  facet normal 1 0 0
    outer loop
      vertex 96.7 24.03 32.11990049751243
      vertex 96.7 36.03 32.2
      vertex 96.7 23.97 32.2
    endloop
  endfacet
  facet normal 0 0 1
    outer loop
      vertex 96.69341258048539 24.026745913818722 32.2
      vertex 96.7 23.97 32.2
      vertex 96.7 36.03 32.2
    endloop
  endfacet
  facet normal 0 0 1
    outer loop
      vertex 83.97 35.30696517412935 32.2
      vertex 95.3 35.3 32.2
      vertex 95.3 35.38474295190713 32.2
    endloop
  endfacet
  facet normal 0 0 1
    outer loop
      vertex 96.69341258048539 24.026745913818722 32.2
      vertex 95.37592867756315 35.375928677563145 32.2
      vertex 95.3 35.3 32.2
    endloop
  endfacet
  facet normal 0 0 1
    outer loop
      vertex 96.69341258048539 24.026745913818722 32.2
      vertex 96.7 36.03 32.2
      vertex 95.37592867756315 35.375928677563145 32.2
    endloop
  endfacet
  facet normal 0 0 1
    outer loop
      vertex 95.3 35.3 32.2
      vertex 95.37592867756315 35.375928677563145 32.2
      vertex 95.3 35.38474295190713 32.2
    endloop
  endfacet
  facet normal 0 0 1
    outer loop
      vertex 95.3 35.38474295190713 32.2
      vertex 95.37592867756315 35.375928677563145 32.2
      vertex 96.03 36.03 32.2
    endloop
  endfacet
  facet normal 0 0 1
    outer loop
      vertex 95.37592867756315 35.375928677563145 32.2
      vertex 96.7 36.03 32.2
      vertex 96.03 36.03 32.2
    endloop
  endfacet
  facet normal 0 0 1
    outer loop
      vertex 107.3 23.97 32.2
      vertex 107.97 23.97 32.2
      vertex 108.62407132243685 24.624071322436848 32.2
    endloop
  endfacet
  facet normal 0 0 1
    outer loop
      vertex 107.3 23.97 32.2
      vertex 108.62407132243685 24.624071322436848 32.2
      vertex 107.3 36.03 32.2
    endloop
  endfacet
  facet normal 0 0 1
    outer loop
      vertex 107.3 36.03 32.2
      vertex 108.62407132243685 24.624071322436848 32.2
      vertex 108.7 24.7 32.2
    endloop
  endfacet
  facet normal 0 0 1
    outer loop
      vertex 107.3 36.03 32.2
      vertex 108.7 24.7 32.2
      vertex 108.7 36.03 32.2
    endloop
  endfacet
  facet normal 0 0 1
    outer loop
      vertex 84.03 36.69303482587064 32.2
      vertex 95.3 35.38474295190713 32.2
      vertex 96.03 36.03 32.2
    endloop
  endfacet
  facet normal 0 0 1
    outer loop
      vertex 84.03 36.69303482587064 32.2
      vertex 96.03 36.03 32.2
      vertex 96.03 36.699999999999996 32.2
    endloop
  endfacet
  facet normal 0 -1 0
    outer loop
      vertex 108.03 -0.7 0
      vertex 119.97 -0.7 32.2
      vertex 108.03 -0.7 32.2
    endloop
  endfacet
  facet normal 0 1 1.0868829108347937e-16
    outer loop
      vertex 119.3 0.7000000000000028 5.641666666666667
      vertex 108.03 0.7 32.2
      vertex 119.3 0.7 32.2
    endloop
  endfacet
  facet normal 0 -1 0
    outer loop
      vertex 119.97 -0.7 0
      vertex 132.03 -0.7 32.2
      vertex 119.97 -0.7 32.2
    endloop
  endfacet
  facet normal 1 0 0
    outer loop
      vertex 120.7 0.7 6.641666666666667
      vertex 120.7 12.030000000000001 32.2
      vertex 120.7 0.7 32.2
    endloop
  endfacet
  facet normal -1 0 0
    outer loop
      vertex 119.3 12 4.7
      vertex 119.3 0.7 32.2
      vertex 119.3 12.030000000000001 32.2
    endloop
  endfacet
  facet normal 0 -1 0
    outer loop
      vertex 108 23.3 3.7
      vertex 119.97 23.3 32.2
      vertex 107.97 23.3 32.2
    endloop
  endfacet
  facet normal 0 1 0
    outer loop
      vertex 120.7 12.030000000000001 4.758333333333334
      vertex 119.3 12.030000000000001 32.2
      vertex 120.7 12.030000000000001 32.2
    endloop
  endfacet
  facet normal 0 -1 0
    outer loop
      vertex 120 23.3 4.7
      vertex 131.3 23.3 32.2
      vertex 119.97 23.3 32.2
    endloop
  endfacet
  facet normal 1 0 0
    outer loop
      vertex 132.70000000000002 0.7 9.641666666666666
      vertex 132.70000000000002 12 8.7
      vertex 132.70000000000002 12.030000000000001 32.039800995024876
    endloop
  endfacet
  facet normal 0 1 0
    outer loop
      vertex 132.70000000000002 0.7 9.641666666666666
      vertex 132.70000000000002 0.7 32.2
      vertex 143.3 0.7 9.641666666666666
    endloop
  endfacet
  facet normal -1 0 0
    outer loop
      vertex 143.3 0.7 9.641666666666666
      vertex 143.3 0.7 32.2
      vertex 143.3 12 8.7
    endloop
  endfacet
  facet normal 0 1 0
    outer loop
      vertex 131.3 0.7 6.641666666666667
      vertex 120.7 0.7 32.2
      vertex 131.3 0.7 32.2
    endloop
  endfacet
  facet normal -1 0 0
    outer loop
      vertex 131.3 12 5.7
      vertex 131.3 0.7 32.2
      vertex 131.3 12.030000000000001 32.2
    endloop
  endfacet
  facet normal 0 -1 0
    outer loop
      vertex 132.03 -0.7 0
      vertex 144.03 -0.7 32.2
      vertex 132.03 -0.7 32.2
    endloop
  endfacet
  facet normal 1 0 0
    outer loop
      vertex 144.03 -0.03 0
      vertex 144.03 -0.03 32.2
      vertex 144.03 -0.7 32.2
    endloop
  endfacet
  facet normal 0 -1 0
    outer loop
      vertex 144.03 -0.03 0
      vertex 144.70000000000002 -0.03 32.2
      vertex 144.03 -0.03 32.2
    endloop
  endfacet
  facet normal 1 0 0
    outer loop
      vertex 144.70000000000002 12.030000000000001 0
      vertex 144.70000000000002 12.030000000000001 32.2
      vertex 144.70000000000002 -0.03 32.2
    endloop
  endfacet
  facet normal 1 0 0
    outer loop
      vertex 132.70000000000002 12 8.7
      vertex 132.70000000000002 24 7.7
      vertex 132.70000000000002 24.03 32.2
    endloop
  endfacet
  facet normal -1 0 0
    outer loop
      vertex 143.3 12 8.7
      vertex 143.3 11.97 32.2
      vertex 143.3 24 7.7
    endloop
  endfacet
  facet normal -1 0 0
    outer loop
      vertex 131.3 23.3 5.6416666666666675
      vertex 131.3 12.030000000000001 32.2
      vertex 131.3 23.3 32.2
    endloop
  endfacet
  facet normal 1 0 0
    outer loop
      vertex 144.70000000000002 24.03 0
      vertex 144.70000000000002 24.03 32.03980099502487
      vertex 144.70000000000002 12.030000000000001 32.2
    endloop
  endfacet
  facet normal -1 0 0
    outer loop
      vertex 143.3 24 7.7
      vertex 143.3 11.97 32.2
      vertex 143.3 24.03 32.2
    endloop
  endfacet
  facet normal 0 0 1
    outer loop
      vertex 108.03 -0.7 32.2
      vertex 119.97 -0.6930348258706465 32.2
      vertex 108.03 0.6930348258706465 32.2
    endloop
  endfacet
  facet normal 0 0 1
    outer loop
      vertex 108.03 0.6930348258706465 32.2
      vertex 119.3 0.699609156895589 32.2
      vertex 108.03 0.7 32.2
    endloop
  endfacet
  facet normal 0 0 1
    outer loop
      vertex 108.03 -0.7 32.2
      vertex 119.97 -0.7 32.2
      vertex 119.97 -0.6930348258706465 32.2
    endloop
  endfacet
  facet normal 0 0 1
    outer loop
      vertex 108.03 0.7 32.2
      vertex 119.3 0.699609156895589 32.2
      vertex 119.3 0.7 32.2
    endloop
  endfacet
  facet normal 0 0 1
    outer loop
      vertex 108.03 0.6930348258706465 32.2
      vertex 119.97 -0.6930348258706465 32.2
      vertex 119.3 0.699609156895589 32.2
    endloop
  endfacet
  facet normal 0 0 1
    outer loop
      vertex 119.97 -0.6930348258706465 32.2
      vertex 119.99870136396267 -0.03 32.2
      vertex 119.97 -0.03 32.2
    endloop
  endfacet
  facet normal 0 0 1
    outer loop
      vertex 119.3 0.699609156895589 32.2
      vertex 119.97 -0.6930348258706465 32.2
      vertex 119.97 -0.03 32.2
    endloop
  endfacet
  facet normal 0 0 1
    outer loop
      vertex 119.3 0.699609156895589 32.2
      vertex 119.97 -0.03 32.2
      vertex 119.99870136396267 -0.03 32.2
    endloop
  endfacet
  facet normal 0 0 1
    outer loop
      vertex 119.3 0.699609156895589 32.2
      vertex 119.99870136396267 -0.03 32.2
      vertex 120.62407132243685 0.6240713224368495 32.2
    endloop
  endfacet
  facet normal 0 0 1
    outer loop
      vertex 119.3 0.7 32.2
      vertex 119.3 0.699609156895589 32.2
      vertex 120.62407132243685 0.6240713224368495 32.2
    endloop
  endfacet
  facet normal 0 0 1
    outer loop
      vertex 119.3 0.7 32.2
      vertex 120.62407132243685 0.6240713224368495 32.2
      vertex 120.61602612245572 0.6933749737029176 32.2
    endloop
  endfacet
  facet normal 0 0 1
    outer loop
      vertex 119.3 0.7 32.2
      vertex 120.61602612245572 0.6933749737029176 32.2
      vertex 119.3 12.030000000000001 32.2
    endloop
  endfacet
  facet normal 0 0 1
    outer loop
      vertex 120.61602612245572 0.6933749737029176 32.2
      vertex 120.7 0.7 32.2
      vertex 119.3 12.030000000000001 32.2
    endloop
  endfacet
  facet normal 0 0 1
    outer loop
      vertex 119.97 -0.7 32.2
      vertex 131.97 -0.6930348258706465 32.2
      vertex 119.97 -0.6930348258706465 32.2
    endloop
  endfacet
  facet normal 0 0 1
    outer loop
      vertex 119.97 -0.6930348258706465 32.2
      vertex 131.97 -0.6930348258706465 32.2
      vertex 119.99870136396267 -0.03 32.2
    endloop
  endfacet
  facet normal 0 0 1
    outer loop
      vertex 119.99870136396267 -0.03 32.2
      vertex 131.97 -0.6930348258706465 32.2
      vertex 120.62407132243685 0.6240713224368495 32.2
    endloop
  endfacet
  facet normal 0 0 1
    outer loop
      vertex 120.62407132243685 0.6240713224368495 32.2
      vertex 131.3 0.6930348258706465 32.2
      vertex 120.61602612245572 0.6933749737029176 32.2
    endloop
  endfacet
  facet normal 0 0 1
    outer loop
      vertex 120.61602612245572 0.6933749737029176 32.2
      vertex 131.3 0.6930348258706465 32.2
      vertex 120.7 0.7 32.2
    endloop
  endfacet
  facet normal 0 0 1
    outer loop
      vertex 120.7 0.7 32.2
      vertex 120.7 12.030000000000001 32.2
      vertex 119.3 12.030000000000001 32.2
    endloop
  endfacet
  facet normal 0 0 1
    outer loop
      vertex 107.97 23.3 32.2
      vertex 119.97 23.306965174129353 32.2
      vertex 107.97 23.97 32.2
    endloop
  endfacet
  facet normal 0 0 1
    outer loop
      vertex 107.97 23.3 32.2
      vertex 119.97 23.3 32.2
      vertex 119.97 23.306965174129353 32.2
    endloop
  endfacet
  facet normal 0 0 1
    outer loop
      vertex 119.97 23.3 32.2
      vertex 131.3 23.3 32.2
      vertex 119.97 23.306965174129353 32.2
    endloop
  endfacet
  facet normal 1 0 0
    outer loop
      vertex 132.70000000000002 0.7 9.641666666666666
      vertex 132.70000000000002 11.97 32.2
      vertex 132.70000000000002 0.7 32.2
    endloop
  endfacet
  facet normal 1 0 0
    outer loop
      vertex 132.70000000000002 0.7 9.641666666666666
      vertex 132.70000000000002 12.030000000000001 32.039800995024876
      vertex 132.70000000000002 11.97 32.2
    endloop
  endfacet
  facet normal 0 1 0
    outer loop
      vertex 143.3 0.7 9.641666666666666
      vertex 132.70000000000002 0.7 32.2
      vertex 143.3 0.7 32.2
    endloop
  endfacet
  facet normal -1 0 0
    outer loop
      vertex 143.3 12 8.7
      vertex 143.3 0.7 32.2
      vertex 143.3 11.97 32.2
    endloop
  endfacet
  facet normal 0 0 1
    outer loop
      vertex 119.97 -0.7 32.2
      vertex 132.03 -0.7 32.2
      vertex 131.97 -0.6930348258706465 32.2
    endloop
  endfacet
  facet normal 0 0 1
    outer loop
      vertex 120.62407132243685 0.6240713224368495 32.2
      vertex 131.97 -0.6930348258706465 32.2
      vertex 131.99870136396268 -0.03 32.2
    endloop
  endfacet
  facet normal 0 0 1
    outer loop
      vertex 120.62407132243685 0.6240713224368495 32.2
      vertex 131.99870136396268 -0.03 32.2
      vertex 131.3 0.6930348258706465 32.2
    endloop
  endfacet
  facet normal 0 0 1
    outer loop
      vertex 120.7 0.7 32.2
      vertex 131.3 0.6930348258706465 32.2
      vertex 131.3 0.7 32.2
    endloop
  endfacet
  facet normal 0 0 1
    outer loop
      vertex 131.97 -0.6930348258706465 32.2
      vertex 132.03 -0.7 32.2
      vertex 132.03 -0.03 32.2
    endloop
  endfacet
  facet normal 0 0 1
    outer loop
      vertex 131.97 -0.6930348258706465 32.2
      vertex 132.03 -0.03 32.2
      vertex 131.99870136396268 -0.03 32.2
    endloop
  endfacet
  facet normal 0 0 1
    outer loop
      vertex 132.03 -0.03 32.2
      vertex 131.3 0.6930348258706465 32.2
      vertex 131.99870136396268 -0.03 32.2
    endloop
  endfacet
  facet normal 0 0 1
    outer loop
      vertex 132.03 -0.03 32.2
      vertex 132.62407132243686 0.6240713224368478 32.2
      vertex 131.3 0.6930348258706465 32.2
    endloop
  endfacet
  facet normal 0 0 1
    outer loop
      vertex 131.3 0.7 32.2
      vertex 131.3 0.6930348258706465 32.2
      vertex 132.62407132243686 0.6240713224368478 32.2
    endloop
  endfacet
  facet normal 0 0 1
    outer loop
      vertex 131.3 0.7 32.2
      vertex 132.62407132243686 0.6240713224368478 32.2
      vertex 132.61602612245574 0.6933749737029176 32.2
    endloop
  endfacet
  facet normal 0 0 1
    outer loop
      vertex 131.3 0.7 32.2
      vertex 132.61602612245574 0.6933749737029176 32.2
      vertex 131.3 12.030000000000001 32.2
    endloop
  endfacet
  facet normal 0 0 1
    outer loop
      vertex 132.61602612245574 0.6933749737029176 32.2
      vertex 132.70000000000002 0.7 32.2
      vertex 132.70000000000002 11.97 32.2
    endloop
  endfacet
  facet normal 0 0 1
    outer loop
      vertex 132.61602612245574 0.6933749737029176 32.2
      vertex 132.70000000000002 11.97 32.2
      vertex 131.3 12.030000000000001 32.2
    endloop
  endfacet
  facet normal 0 0 1
    outer loop
      vertex 132.03 -0.7 32.2
      vertex 144.03 -0.7 32.2
      vertex 132.03 -0.03 32.2
    endloop
  endfacet
  facet normal 0 0 1
    outer loop
      vertex 132.03 -0.03 32.2
      vertex 144.03 -0.7 32.2
      vertex 132.62407132243686 0.6240713224368478 32.2
    endloop
  endfacet
  facet normal 0 0 1
    outer loop
      vertex 132.62407132243686 0.6240713224368478 32.2
      vertex 143.3 0.6995762852404643 32.2
      vertex 132.61602612245574 0.6933749737029176 32.2
    endloop
  endfacet
  facet normal 0 0 1
    outer loop
      vertex 132.61602612245574 0.6933749737029176 32.2
      vertex 143.3 0.6995762852404643 32.2
      vertex 132.70000000000002 0.7 32.2
    endloop
  endfacet
  facet normal 0 0 1
    outer loop
      vertex 132.62407132243686 0.6240713224368478 32.2
      vertex 144.03 -0.03 32.2
      vertex 143.30042346896496 0.6995765310350542 32.2
    endloop
  endfacet
  facet normal 0 0 1
    outer loop
      vertex 132.62407132243686 0.6240713224368478 32.2
      vertex 143.30042346896496 0.6995765310350542 32.2
      vertex 143.3 0.6995762852404643 32.2
    endloop
  endfacet
  facet normal 0 0 1
    outer loop
      vertex 132.70000000000002 0.7 32.2
      vertex 143.3 0.6995762852404643 32.2
      vertex 143.3 0.7 32.2
    endloop
  endfacet
  facet normal 0 0 1
    outer loop
      vertex 132.62407132243686 0.6240713224368478 32.2
      vertex 144.03 -0.7 32.2
      vertex 144.03 -0.03 32.2
    endloop
  endfacet
  facet normal 0 0 1
    outer loop
      vertex 143.3 0.7 32.2
      vertex 143.3 0.6995762852404643 32.2
      vertex 143.30042346896496 0.6995765310350542 32.2
    endloop
  endfacet
  facet normal 0 0 1
    outer loop
      vertex 143.30042346896496 0.6995765310350542 32.2
      vertex 144.03 -0.03 32.2
      vertex 144.70000000000002 -0.03 32.2
    endloop
  endfacet
  facet normal 0 0 1
    outer loop
      vertex 143.3 0.7 32.2
      vertex 143.30042346896496 0.6995765310350542 32.2
      vertex 143.30696517412937 11.97 32.2
    endloop
  endfacet
  facet normal 0 0 1
    outer loop
      vertex 143.30042346896496 0.6995765310350542 32.2
      vertex 144.70000000000002 -0.03 32.2
      vertex 143.30696517412937 11.97 32.2
    endloop
  endfacet
  facet normal 0 0 1
    outer loop
      vertex 143.3 0.7 32.2
      vertex 143.30696517412937 11.97 32.2
      vertex 143.3 11.97 32.2
    endloop
  endfacet
  facet normal 0 0 1
    outer loop
      vertex 144.70000000000002 -0.03 32.2
      vertex 144.69303482587065 12.030000000000001 32.2
      vertex 143.30696517412937 11.97 32.2
    endloop
  endfacet
  facet normal 0 0 1
    outer loop
      vertex 144.70000000000002 -0.03 32.2
      vertex 144.70000000000002 12.030000000000001 32.2
      vertex 144.69303482587065 12.030000000000001 32.2
    endloop
  endfacet
  facet normal 1 0 0
    outer loop
      vertex 132.70000000000002 12 8.7
      vertex 132.70000000000002 24.03 32.2
      vertex 132.70000000000002 12.030000000000001 32.039800995024876
    endloop
  endfacet
  facet normal 0 0 1
    outer loop
      vertex 131.3 12.030000000000001 32.2
      vertex 132.70000000000002 11.97 32.2
      vertex 132.70000000000002 12.030000000000001 32.2
    endloop
  endfacet
  facet normal 1 0 0
    outer loop
      vertex 132.70000000000002 12.030000000000001 32.039800995024876
      vertex 132.70000000000002 12.030000000000001 32.2
      vertex 132.70000000000002 11.97 32.2
    endloop
  endfacet
  facet normal 0 0 1
    outer loop
      vertex 131.3 12.030000000000001 32.2
      vertex 132.70000000000002 12.030000000000001 32.2
      vertex 131.37592867756317 23.375928677563152 32.2
    endloop
  endfacet
  facet normal 1 0 0
    outer loop
      vertex 132.70000000000002 12.030000000000001 32.039800995024876
      vertex 132.70000000000002 24.03 32.2
      vertex 132.70000000000002 12.030000000000001 32.2
    endloop
  endfacet
  facet normal 0 0 1
    outer loop
      vertex 119.97 23.306965174129353 32.2
      vertex 131.3 23.3 32.2
      vertex 131.3 23.384742951907132 32.2
    endloop
  endfacet
  facet normal 0 0 1
    outer loop
      vertex 131.3 12.030000000000001 32.2
      vertex 131.37592867756317 23.375928677563152 32.2
      vertex 131.3 23.3 32.2
    endloop
  endfacet
  facet normal 0 0 1
    outer loop
      vertex 132.70000000000002 12.030000000000001 32.2
      vertex 132.70000000000002 24.03 32.2
      vertex 131.37592867756317 23.375928677563152 32.2
    endloop
  endfacet
  facet normal 0 0 1
    outer loop
      vertex 131.3 23.3 32.2
      vertex 131.37592867756317 23.375928677563152 32.2
      vertex 131.3 23.384742951907132 32.2
    endloop
  endfacet
  facet normal 0 0 1
    outer loop
      vertex 131.3 23.384742951907132 32.2
      vertex 131.37592867756317 23.375928677563152 32.2
      vertex 132.03 24.03 32.2
    endloop
  endfacet
  facet normal 0 0 1
    outer loop
      vertex 143.3 11.97 32.2
      vertex 143.30696517412937 11.97 32.2
      vertex 143.3 24.03 32.2
    endloop
  endfacet
  facet normal 0 0 1
    outer loop
      vertex 143.30696517412937 11.97 32.2
      vertex 144.69303482587065 12.030000000000001 32.2
      vertex 143.3 24.03 32.2
    endloop
  endfacet
  facet normal 0 0 1
    outer loop
      vertex 144.70000000000002 12.030000000000001 32.2
      vertex 144.70000000000002 23.97 32.2
      vertex 144.69303482587065 12.030000000000001 32.2
    endloop
  endfacet
  facet normal 0 0 1
    outer loop
      vertex 144.69303482587065 12.030000000000001 32.2
      vertex 144.69303482587065 24.03 32.2
      vertex 143.3 24.03 32.2
    endloop
  endfacet
  facet normal 1 0 0
    outer loop
      vertex 144.70000000000002 12.030000000000001 32.2
      vertex 144.70000000000002 24.03 32.03980099502487
      vertex 144.70000000000002 23.97 32.2
    endloop
  endfacet
  facet normal 0 0 1
    outer loop
      vertex 144.69303482587065 12.030000000000001 32.2
      vertex 144.70000000000002 23.97 32.2
      vertex 144.69303482587065 24.03 32.2
    endloop
  endfacet
  facet normal 1 0 0
    outer loop
      vertex 108.7 24.7 5.641666666666667
      vertex 108.7 36.03 32.2
      vertex 108.7 24.7 32.2
    endloop
  endfacet
  facet normal 0 1 0
    outer loop
      vertex 120 24.7 5.641666666666667
      vertex 108.7 24.7 32.2
      vertex 119.97 24.7 32.2
    endloop
  endfacet
  facet normal 0 -1 0
    outer loop
      vertex 120 35.3 5.7
      vertex 131.97 35.3 32.2
      vertex 119.97 35.3 32.2
    endloop
  endfacet
  facet normal -1 0 0
    outer loop
      vertex 119.97 36 4.7
      vertex 119.97 35.3 32.2
      vertex 119.97 36.699999999999996 32.2
    endloop
  endfacet
  facet normal 0 -1 0
    outer loop
      vertex 119.3 47.97 4.641666666666667
      vertex 120.7 47.97 32.2
      vertex 119.3 47.97 32.2
    endloop
  endfacet
  facet normal 0 1 0
    outer loop
      vertex 132 24.7 6.7
      vertex 119.97 24.7 32.2
      vertex 132.03 24.7 32.2
    endloop
  endfacet
  facet normal 1 0 0
    outer loop
      vertex 132.03 24.03 6.702500000000001
      vertex 132.03 24.7 32.2
      vertex 132.03 24.03 32.2
    endloop
  endfacet
  facet normal 0 1 0
    outer loop
      vertex 132.70000000000002 24.03 6.758333333333335
      vertex 132.03 24.03 32.2
      vertex 132.70000000000002 24.03 32.2
    endloop
  endfacet
  facet normal 1 0 0
    outer loop
      vertex 144.70000000000002 36.03 0
      vertex 144.70000000000002 36.03 32.2
      vertex 144.70000000000002 24.03 32.03980099502487
    endloop
  endfacet
  facet normal 0 -1 0
    outer loop
      vertex 143.3 35.3 7.6416666666666675
      vertex 143.3 35.3 32.2
      vertex 131.97 35.3 32.2
    endloop
  endfacet
  facet normal -1 0 0
    outer loop
      vertex 143.3 35.3 7.6416666666666675
      vertex 143.3 24.03 32.2
      vertex 143.3 35.3 32.2
    endloop
  endfacet
  facet normal 0 1 0
    outer loop
      vertex 132 36.699999999999996 5.7
      vertex 119.97 36.699999999999996 32.2
      vertex 131.97 36.699999999999996 32.2
    endloop
  endfacet
  facet normal -1 0 0
    outer loop
      vertex 131.97 47.3 5.6975
      vertex 131.97 47.3 32.2
      vertex 131.97 48.699999999999996 32.2
    endloop
  endfacet
  facet normal 0 1 0
    outer loop
      vertex 143.3 36.699999999999996 6.6416666666666675
      vertex 131.97 36.699999999999996 32.2
      vertex 143.3 36.699999999999996 32.2
    endloop
  endfacet
  facet normal 1 0 0
    outer loop
      vertex 144.70000000000002 47.97 0
      vertex 144.70000000000002 47.97 32.2
      vertex 144.70000000000002 36.03 32.2
    endloop
  endfacet
  facet normal 0 -1 0
    outer loop
      vertex 132 47.3 5.7
      vertex 143.3 47.3 32.2
      vertex 131.97 47.3 32.2
    endloop
  endfacet
  facet normal -1 0 0
    outer loop
      vertex 143.3 47.3 6.6416666666666675
      vertex 143.3 36.699999999999996 32.2
      vertex 143.3 47.3 32.2
    endloop
  endfacet
  facet normal 0 0 1
    outer loop
      vertex 107.97 23.97 32.2
      vertex 108.7 24.615257048092868 32.2
      vertex 108.62407132243685 24.624071322436848 32.2
    endloop
  endfacet
  facet normal 0 0 1
    outer loop
      vertex 108.62407132243685 24.624071322436848 32.2
      vertex 108.7 24.615257048092868 32.2
      vertex 108.7 24.7 32.2
    endloop
  endfacet
  facet normal 0 0 1
    outer loop
      vertex 107.97 23.97 32.2
      vertex 119.97 23.306965174129353 32.2
      vertex 108.7 24.615257048092868 32.2
    endloop
  endfacet
  facet normal 0 0 1
    outer loop
      vertex 108.7 24.615257048092868 32.2
      vertex 119.97 24.7 32.2
      vertex 108.7 24.7 32.2
    endloop
  endfacet
  facet normal 0 0 1
    outer loop
      vertex 119.97 23.306965174129353 32.2
      vertex 119.97 24.7 32.2
      vertex 108.7 24.615257048092868 32.2
    endloop
  endfacet
  facet normal 0 0 1
    outer loop
      vertex 119.97 23.306965174129353 32.2
      vertex 120.03 24.693034825870647 32.2
      vertex 119.97 24.7 32.2
    endloop
  endfacet
  facet normal 0 0 1
    outer loop
      vertex 119.97 23.306965174129353 32.2
      vertex 131.3 23.384742951907132 32.2
      vertex 120.03 24.693034825870647 32.2
    endloop
  endfacet
  facet normal 0 0 1
    outer loop
      vertex 119.97 24.7 32.2
      vertex 120.03 24.693034825870647 32.2
      vertex 132.03 24.7 32.2
    endloop
  endfacet
  facet normal 0 0 1
    outer loop
      vertex 119.97 35.3 32.2
      vertex 131.97 35.30696517412935 32.2
      vertex 119.97 36.699999999999996 32.2
    endloop
  endfacet
  facet normal 0 0 1
    outer loop
      vertex 131.3 23.384742951907132 32.2
      vertex 132.03 24.03 32.2
      vertex 120.03 24.693034825870647 32.2
    endloop
  endfacet
  facet normal 0 0 1
    outer loop
      vertex 120.03 24.693034825870647 32.2
      vertex 132.03 24.03 32.2
      vertex 132.03 24.7 32.2
    endloop
  endfacet
  facet normal 0 0 1
    outer loop
      vertex 131.37592867756317 23.375928677563152 32.2
      vertex 132.70000000000002 24.03 32.2
      vertex 132.03 24.03 32.2
    endloop
  endfacet
  facet normal 0 0 1
    outer loop
      vertex 119.97 35.3 32.2
      vertex 131.97 35.3 32.2
      vertex 131.97 35.30696517412935 32.2
    endloop
  endfacet
  facet normal 0 0 1
    outer loop
      vertex 143.3 24.03 32.2
      vertex 144.69303482587065 24.03 32.2
      vertex 143.3 35.3 32.2
    endloop
  endfacet
  facet normal 1 0 0
    outer loop
      vertex 144.70000000000002 24.03 32.03980099502487
      vertex 144.70000000000002 36.03 32.2
      vertex 144.70000000000002 23.97 32.2
    endloop
  endfacet
  facet normal 0 0 1
    outer loop
      vertex 144.69303482587065 24.03 32.2
      vertex 144.70000000000002 23.97 32.2
      vertex 144.70000000000002 36.03 32.2
    endloop
  endfacet
  facet normal 0 0 1
    outer loop
      vertex 131.97 35.3 32.2
      vertex 143.3 35.3 32.2
      vertex 131.97 35.30696517412935 32.2
    endloop
  endfacet
  facet normal 0 0 1
    outer loop
      vertex 131.97 35.30696517412935 32.2
      vertex 143.3 35.38474295190713 32.2
      vertex 132.03 36.69303482587064 32.2
    endloop
  endfacet
  facet normal 0 0 1
    outer loop
      vertex 131.97 35.30696517412935 32.2
      vertex 143.3 35.3 32.2
      vertex 143.3 35.38474295190713 32.2
    endloop
  endfacet
  facet normal 0 0 1
    outer loop
      vertex 144.69303482587065 24.03 32.2
      vertex 143.37592867756317 35.375928677563145 32.2
      vertex 143.3 35.3 32.2
    endloop
  endfacet
  facet normal 0 0 1
    outer loop
      vertex 144.69303482587065 24.03 32.2
      vertex 144.70000000000002 36.03 32.2
      vertex 143.37592867756317 35.375928677563145 32.2
    endloop
  endfacet
  facet normal 0 0 1
    outer loop
      vertex 143.3 35.3 32.2
      vertex 143.37592867756317 35.375928677563145 32.2
      vertex 143.3 35.38474295190713 32.2
    endloop
  endfacet
  facet normal 0 0 1
    outer loop
      vertex 143.37592867756317 35.375928677563145 32.2
      vertex 143.9621200750469 35.97 32.2
      vertex 143.3 35.38474295190713 32.2
    endloop
  endfacet
  facet normal 0 0 1
    outer loop
      vertex 143.3 35.38474295190713 32.2
      vertex 143.9621200750469 35.97 32.2
      vertex 143.3 36.070334618573796 32.2
    endloop
  endfacet
  facet normal 0 0 1
    outer loop
      vertex 143.37592867756317 35.375928677563145 32.2
      vertex 143.97 35.97 32.2
      vertex 143.9621200750469 35.97 32.2
    endloop
  endfacet
  facet normal 0 0 1
    outer loop
      vertex 143.37592867756317 35.375928677563145 32.2
      vertex 144.70000000000002 36.03 32.2
      vertex 143.97 35.97 32.2
    endloop
  endfacet
  facet normal 0 0 1
    outer loop
      vertex 119.97 36.699999999999996 32.2
      vertex 131.97 35.30696517412935 32.2
      vertex 131.97 36.699999999999996 32.2
    endloop
  endfacet
  facet normal 0 0 1
    outer loop
      vertex 131.97 35.30696517412935 32.2
      vertex 132.03 36.69303482587064 32.2
      vertex 131.97 36.699999999999996 32.2
    endloop
  endfacet
  facet normal 0 0 1
    outer loop
      vertex 131.97 36.699999999999996 32.2
      vertex 132.03 36.69303482587064 32.2
      vertex 143.3 36.699999999999996 32.2
    endloop
  endfacet
  facet normal 0 0 1
    outer loop
      vertex 143.3 35.38474295190713 32.2
      vertex 143.3 36.070334618573796 32.2
      vertex 132.03 36.69303482587064 32.2
    endloop
  endfacet
  facet normal 0 0 1
    outer loop
      vertex 132.03 36.69303482587064 32.2
      vertex 143.3 36.070334618573796 32.2
      vertex 143.3 36.699999999999996 32.2
    endloop
  endfacet
  facet normal 0 0 1
    outer loop
      vertex 143.3 36.070334618573796 32.2
      vertex 143.9621200750469 35.97 32.2
      vertex 143.3 36.699999999999996 32.2
    endloop
  endfacet
  facet normal 0 0 1
    outer loop
      vertex 143.3 36.699999999999996 32.2
      vertex 143.9621200750469 35.97 32.2
      vertex 143.97 35.97 32.2
    endloop
  endfacet
  facet normal 0 0 1
    outer loop
      vertex 143.97 35.97 32.2
      vertex 144.70000000000002 36.03 32.2
      vertex 144.692586054722 36.03 32.2
    endloop
  endfacet
  facet normal 0 0 1
    outer loop
      vertex 143.3 36.699999999999996 32.2
      vertex 143.97 35.97 32.2
      vertex 143.3 47.3 32.2
    endloop
  endfacet
  facet normal 0 0 1
    outer loop
      vertex 143.97 35.97 32.2
      vertex 144.692586054722 36.03 32.2
      vertex 143.3 47.3 32.2
    endloop
  endfacet
  facet normal 0 0 1
    outer loop
      vertex 144.70000000000002 36.03 32.2
      vertex 143.37592867756317 47.375928677563145 32.2
      vertex 144.692586054722 36.03 32.2
    endloop
  endfacet
  facet normal 0 0 1
    outer loop
      vertex 131.97 47.3 32.2
      vertex 143.3 47.38474295190713 32.2
      vertex 131.97 48.699999999999996 32.2
    endloop
  endfacet
  facet normal 0 0 1
    outer loop
      vertex 131.97 47.3 32.2
      vertex 143.3 47.3 32.2
      vertex 143.3 47.38474295190713 32.2
    endloop
  endfacet
  facet normal 0 0 1
    outer loop
      vertex 144.692586054722 36.03 32.2
      vertex 143.37592867756317 47.375928677563145 32.2
      vertex 143.3 47.3 32.2
    endloop
  endfacet
  facet normal 0 0 1
    outer loop
      vertex 144.70000000000002 36.03 32.2
      vertex 144.70000000000002 47.97 32.2
      vertex 143.37592867756317 47.375928677563145 32.2
    endloop
  endfacet
  facet normal 0 0 1
    outer loop
      vertex 143.3 47.3 32.2
      vertex 143.37592867756317 47.375928677563145 32.2
      vertex 143.3 47.38474295190713 32.2
    endloop
  endfacet
  facet normal 0 0 1
    outer loop
      vertex 143.37592867756317 47.375928677563145 32.2
      vertex 143.9621200750469 47.97 32.2
      vertex 143.3 47.38474295190713 32.2
    endloop
  endfacet
  facet normal 0 0 1
    outer loop
      vertex 143.3 47.38474295190713 32.2
      vertex 143.9621200750469 47.97 32.2
      vertex 143.3 48.07055555555556 32.2
    endloop
  endfacet
  facet normal 0 0 1
    outer loop
      vertex 143.37592867756317 47.375928677563145 32.2
      vertex 143.97 47.97 32.2
      vertex 143.9621200750469 47.97 32.2
    endloop
  endfacet
  facet normal 0 0 1
    outer loop
      vertex 143.37592867756317 47.375928677563145 32.2
      vertex 144.69301256512415 48.026548312245524 32.2
      vertex 143.97 47.97 32.2
    endloop
  endfacet
  facet normal 0 0 1
    outer loop
      vertex 143.37592867756317 47.375928677563145 32.2
      vertex 144.70000000000002 47.97 32.2
      vertex 144.69301256512415 48.026548312245524 32.2
    endloop
  endfacet
  facet normal 0 0 -1
    outer loop
      vertex 72.05753424657534 48 0
      vertex 72.03177405119153 48 0
      vertex 72.03377110694184 48.03377110694184 0
    endloop
  endfacet
  facet normal 0 0 -1
    outer loop
      vertex 72.05753424657534 48 0
      vertex 72.03377110694184 48.03377110694184 0
      vertex 72.7 48.7 0
    endloop
  endfacet
  facet normal 0 0 -1
    outer loop
      vertex 72 47.97234636221996 0
      vertex 72 53.635 0
      vertex 72.03177405119153 48 0
    endloop
  endfacet
  facet normal 0 0 -1
    outer loop
      vertex 72.03177405119153 48 0
      vertex 72 53.635 0
      vertex 72.03377110694184 48.03377110694184 0
    endloop
  endfacet
  facet normal 0 0 -1
    outer loop
      vertex 72.7 48 0
      vertex 84 48.69833333333333 0
      vertex 78.00000000000003 48 0
    endloop
  endfacet
  facet normal 0 0 -1
    outer loop
      vertex 72 60 0
      vertex 72.0335294117647 60.033529411764704 0
      vertex 77.8162760442077 60 0
    endloop
  endfacet
  facet normal 0 0 -1
    outer loop
      vertex 78.00000000000003 48 0
      vertex 84 48.69651741293532 0
      vertex 84.03 48.03 0
    endloop
  endfacet
  facet normal 0 0 -1
    outer loop
      vertex 78.00000000000003 48 0
      vertex 84 48.69833333333333 0
      vertex 84 48.69651741293532 0
    endloop
  endfacet
  facet normal 0 0 -1
    outer loop
      vertex 78.00000000000003 60 0
      vertex 84 60 0
      vertex 83.96673185081832 59.96673185081833 0
    endloop
  endfacet
  facet normal 0 0 -1
    outer loop
      vertex 83.3 59.3 0
      vertex 83.96673185081832 59.96673185081833 0
      vertex 84 59.3 0
    endloop
  endfacet
  facet normal 0 0 -1
    outer loop
      vertex 84 59.3 0
      vertex 83.96673185081832 59.96673185081833 0
      vertex 84 60 0
    endloop
  endfacet
  facet normal 0 1 0
    outer loop
      vertex 84 48.699999999999996 4.758333333333333
      vertex 84 48.699999999999996 5.7
      vertex 84.03 48.699999999999996 4.758333333333333
    endloop
  endfacet
  facet normal 0 -1 0
    outer loop
      vertex 84 59.3 5.641666666666667
      vertex 84.03 59.3 5.641666666666667
      vertex 84 59.3 5.7
    endloop
  endfacet
  facet normal 0 0 -1
    outer loop
      vertex 72 60 0
      vertex 72 60.699892615475136 0
      vertex 72.0335294117647 60.033529411764704 0
    endloop
  endfacet
  facet normal 0 0 -1
    outer loop
      vertex 72.0335294117647 60.033529411764704 0
      vertex 72 60.699892615475136 0
      vertex 72.69739629647725 60.69739629647725 0
    endloop
  endfacet
  facet normal 0 0 -1
    outer loop
      vertex 71.97 71.97 0
      vertex 71.97 72 0
      vertex 72.69486269944932 72.69486269944932 0
    endloop
  endfacet
  facet normal 0 0 -1
    outer loop
      vertex 72 71.3 0
      vertex 72 71.30348258706468 0
      vertex 77.99999999999997 72 0
    endloop
  endfacet
  facet normal 0 0 -1
    outer loop
      vertex 71.97 71.97 0
      vertex 77.99999999999997 72 0
      vertex 72 71.30348258706468 0
    endloop
  endfacet
  facet normal 0 0 -1
    outer loop
      vertex 71.97 71.97 0
      vertex 72.69486269944932 72.69486269944932 0
      vertex 77.99999999999997 72 0
    endloop
  endfacet
  facet normal 0 0 -1
    outer loop
      vertex 72 71.3 0
      vertex 77.99999999999997 72 0
      vertex 83.3 71.3 0
    endloop
  endfacet
  facet normal 0 0 -1
    outer loop
      vertex 84 60 0
      vertex 84.38466098457403 72 0
      vertex 84.7 60 0
    endloop
  endfacet
  facet normal 0 0 -1
    outer loop
      vertex 84 60 0
      vertex 84 71.51004751843735 0
      vertex 84.38466098457403 72 0
    endloop
  endfacet
  facet normal 0 0 -1
    outer loop
      vertex 84.7 60 0
      vertex 84.38466098457403 72 0
      vertex 84.7 72 0
    endloop
  endfacet
  facet normal 0 0 -1
    outer loop
      vertex 77.99999999999997 72 0
      vertex 83.636815920398 72 0
      vertex 83.3 71.3 0
    endloop
  endfacet
  facet normal 0 0 -1
    outer loop
      vertex 83.65191468894338 72 0
      vertex 84 72.49676681487576 0
      vertex 83.97 71.97 0
    endloop
  endfacet
  facet normal 0 0 -1
    outer loop
      vertex 84 71.97 0
      vertex 83.97 71.97 0
      vertex 84 72.49676681487576 0
    endloop
  endfacet
  facet normal 0 0 -1
    outer loop
      vertex 84 71.97 0
      vertex 84 72.49676681487576 0
      vertex 84.0279274413458 72 0
    endloop
  endfacet
  facet normal 0 0 -1
    outer loop
      vertex 84.0279274413458 72 0
      vertex 84.02945858274573 72.02945858274573 0
      vertex 84.38466098457403 72 0
    endloop
  endfacet
  facet normal 0 0 -1
    outer loop
      vertex 84.0279274413458 72 0
      vertex 84 72.49676681487576 0
      vertex 84.02945858274573 72.02945858274573 0
    endloop
  endfacet
  facet normal 0 0 -1
    outer loop
      vertex 84.02945858274573 72.02945858274573 0
      vertex 84.69458048638039 72.69458048638039 0
      vertex 84.38466098457403 72 0
    endloop
  endfacet
  facet normal 0 0 -1
    outer loop
      vertex 95.97 47.97 0
      vertex 96.69458048638039 48.694580486380396 0
      vertex 96 47.97 0
    endloop
  endfacet
  facet normal 0 0 -1
    outer loop
      vertex 96 47.97 0
      vertex 96.69458048638039 48.694580486380396 0
      vertex 96.69977561442566 48 0
    endloop
  endfacet
  facet normal 0 0 -1
    outer loop
      vertex 96.7 48 0
      vertex 96.69977561442566 48 0
      vertex 96.69458048638039 48.694580486380396 0
    endloop
  endfacet
  facet normal 0 0 -1
    outer loop
      vertex 96.7 48 0
      vertex 96.69458048638039 48.694580486380396 0
      vertex 96.7 48.7 0
    endloop
  endfacet
  facet normal 0 0 -1
    outer loop
      vertex 95.30348258706468 48 0
      vertex 95.30166666666666 48 0
      vertex 96 54 0
    endloop
  endfacet
  facet normal 0 0 -1
    outer loop
      vertex 95.97 47.97 0
      vertex 95.30348258706468 48 0
      vertex 96 54 0
    endloop
  endfacet
  facet normal 0 0 -1
    outer loop
      vertex 95.97 47.97 0
      vertex 96 54 0
      vertex 96.69458048638039 48.694580486380396 0
    endloop
  endfacet
  facet normal 0 0 -1
    outer loop
      vertex 95.30166666666666 48 0
      vertex 95.96833333333333 60 0
      vertex 96 54 0
    endloop
  endfacet
  facet normal 0 0 -1
    outer loop
      vertex 96 54 0
      vertex 95.96833333333333 60 0
      vertex 96 60 0
    endloop
  endfacet
  facet normal 0 0 -1
    outer loop
      vertex 96.03260000068273 60.032600000682734 0
      vertex 102.56894692444791 60 0
      vertex 96 60 0
    endloop
  endfacet
  facet normal 0 0 -1
    outer loop
      vertex 107.97 47.97 0
      vertex 108.69458048638039 48.694580486380396 0
      vertex 108 47.97 0
    endloop
  endfacet
  facet normal 0 0 -1
    outer loop
      vertex 107.30348258706468 48 0
      vertex 107.30166666666666 48 0
      vertex 108 54 0
    endloop
  endfacet
  facet normal 0 0 -1
    outer loop
      vertex 107.97 47.97 0
      vertex 107.30348258706468 48 0
      vertex 108 54 0
    endloop
  endfacet
  facet normal 0 0 -1
    outer loop
      vertex 107.97 47.97 0
      vertex 108 54 0
      vertex 108.69458048638039 48.694580486380396 0
    endloop
  endfacet
  facet normal 0 0 -1
    outer loop
      vertex 107.30166666666666 48 0
      vertex 108 59.3 0
      vertex 108 54 0
    endloop
  endfacet
  facet normal 0 0 -1
    outer loop
      vertex 102.90317500000003 60 0
      vertex 108 59.994106166915245 0
      vertex 107.96622889305816 59.966228893058165 0
    endloop
  endfacet
  facet normal 0 0 -1
    outer loop
      vertex 102.90317500000003 60 0
      vertex 107.99266515522089 60 0
      vertex 108 59.994106166915245 0
    endloop
  endfacet
  facet normal 0 0 -1
    outer loop
      vertex 107.3 59.3 0
      vertex 108 59.994106166915245 0
      vertex 108 59.93490966100388 0
    endloop
  endfacet
  facet normal 0 0 -1
    outer loop
      vertex 107.3 59.3 0
      vertex 107.96622889305816 59.966228893058165 0
      vertex 108 59.994106166915245 0
    endloop
  endfacet
  facet normal 0 0 -1
    outer loop
      vertex 96.03260000068273 60.032600000682734 0
      vertex 96 60 0
      vertex 96 60.69998353591584 0
    endloop
  endfacet
  facet normal 0 0 -1
    outer loop
      vertex 96.03260000068273 60.032600000682734 0
      vertex 96 60.69998353591584 0
      vertex 96.69959959369626 60.69959959369627 0
    endloop
  endfacet
  facet normal 0 0 -1
    outer loop
      vertex 108 59.994106166915245 0
      vertex 108 60.54244182230508 0
      vertex 108.06266590891383 60 0
    endloop
  endfacet
  facet normal 0 0 -1
    outer loop
      vertex 107.99266515522089 60 0
      vertex 108 60.54244182230508 0
      vertex 108 59.994106166915245 0
    endloop
  endfacet
  facet normal 0 0 -1
    outer loop
      vertex 108.06266590891383 60 0
      vertex 108 60.54244182230508 0
      vertex 108.57783730717371 60.577837307173716 0
    endloop
  endfacet
  facet normal 0 0 -1
    outer loop
      vertex 108 60.54244182230508 0
      vertex 108 65.63500000000002 0
      vertex 108.69999999999999 60.699999999999996 0
    endloop
  endfacet
  facet normal 0 0 -1
    outer loop
      vertex 108 66.34113844346422 0
      vertex 107.306168575399 71.306168575399 0
      vertex 108 71.97248950664006 0
    endloop
  endfacet
  facet normal 0 0 -1
    outer loop
      vertex 107.30616834533633 71.30616834533633 0
      vertex 107.30348258706468 72 0
      vertex 107.306168575399 71.306168575399 0
    endloop
  endfacet
  facet normal 0 0 -1
    outer loop
      vertex 107.306168575399 71.306168575399 0
      vertex 107.30348258706468 72 0
      vertex 108 71.97248950664006 0
    endloop
  endfacet
  facet normal 0 0 -1
    outer loop
      vertex 107.30348258706468 72 0
      vertex 107.66848258706467 72 0
      vertex 108 71.97248950664006 0
    endloop
  endfacet
  facet normal 0 0 -1
    outer loop
      vertex 108.05753424657534 72 0
      vertex 108.03166666666667 72 0
      vertex 108.7 72.7 0
    endloop
  endfacet
  facet normal 0 1 0
    outer loop
      vertex 95.97 60.699999999999996 5.758333333333334
      vertex 96 60.699999999999996 6.7
      vertex 96 60.699999999999996 5.758333333333333
    endloop
  endfacet
  facet normal 0 -1 0
    outer loop
      vertex 95.3 71.97 6.6975
      vertex 96 71.97 6.6975
      vertex 96 71.97 6.7
    endloop
  endfacet
  facet normal 1 0 0
    outer loop
      vertex 96.7 72 6.758333333333334
      vertex 96.7 72 7.7
      vertex 96.7 71.97 6.758333333333334
    endloop
  endfacet
  facet normal 0 1 0
    outer loop
      vertex 72.7 48.699999999999996 6.641666666666667
      vertex 72.7 48.699999999999996 32.2
      vertex 84 48.699999999999996 5.7
    endloop
  endfacet
  facet normal 1 0 0
    outer loop
      vertex 72.7 48.699999999999996 6.641666666666667
      vertex 72.7 59.3 6.641666666666667
      vertex 72.7 59.3 32.2
    endloop
  endfacet
  facet normal 0 -1 0
    outer loop
      vertex 72.7 59.3 6.641666666666667
      vertex 84 59.3 5.7
      vertex 84.03 59.3 32.2
    endloop
  endfacet
  facet normal 1 0 0
    outer loop
      vertex 84.03 48 4.7
      vertex 84.03 48.699999999999996 4.758333333333333
      vertex 84.03 48.699999999999996 32.2
    endloop
  endfacet
  facet normal 0 1 0
    outer loop
      vertex 84.03 48.699999999999996 4.758333333333333
      vertex 84 48.699999999999996 5.7
      vertex 84.03 48.699999999999996 32.2
    endloop
  endfacet
  facet normal 0 -1 0
    outer loop
      vertex 84.03 59.3 5.641666666666667
      vertex 84.03 59.3 32.2
      vertex 84 59.3 5.7
    endloop
  endfacet
  facet normal 1 0 0
    outer loop
      vertex 84.03 59.3 5.641666666666667
      vertex 84.03 59.97 5.6975
      vertex 84.03 59.97 32.2
    endloop
  endfacet
  facet normal 0 -1 0
    outer loop
      vertex 84.03 59.97 5.6975
      vertex 84.7 59.97 5.6975
      vertex 84.7 59.97 32.2
    endloop
  endfacet
  facet normal 1 0 0
    outer loop
      vertex 84.7 59.97 5.6975
      vertex 84.7 60 5.7
      vertex 84.7 59.97 32.2
    endloop
  endfacet
  facet normal 1 0 0
    outer loop
      vertex 84.7 60 5.7
      vertex 84.7 72 6.7
      vertex 84.7 59.97 32.2
    endloop
  endfacet
  facet normal 1 0 0
    outer loop
      vertex 96.7 48 3.7
      vertex 96.7 59.3 4.641666666666667
      vertex 96.7 59.3 32.2
    endloop
  endfacet
  facet normal -1 0 0
    outer loop
      vertex 95.3 48 4.7
      vertex 95.3 60.03 32.2
      vertex 95.3 60 5.7
    endloop
  endfacet
  facet normal -1 0 0
    outer loop
      vertex 95.3 60 5.7
      vertex 95.3 60.03 32.2
      vertex 95.3 60.03 5.702500000000001
    endloop
  endfacet
  facet normal 0 1 0
    outer loop
      vertex 95.3 60.03 5.702500000000001
      vertex 95.3 60.03 32.2
      vertex 95.97 60.03 5.702500000000001
    endloop
  endfacet
  facet normal -1 0 0
    outer loop
      vertex 107.3 47.97 32.2
      vertex 107.3 59.3 4.641666666666667
      vertex 107.3 48 3.7
    endloop
  endfacet
  facet normal 0 -1 0
    outer loop
      vertex 96.7 59.3 4.641666666666667
      vertex 107.3 59.3 4.641666666666667
      vertex 107.3 59.3 32.2
    endloop
  endfacet
  facet normal -1 0 0
    outer loop
      vertex 95.97 60.03 5.702500000000001
      vertex 95.97 60.03 32.2
      vertex 95.97 60.699999999999996 5.758333333333334
    endloop
  endfacet
  facet normal 0 1 0
    outer loop
      vertex 95.97 60.699999999999996 5.758333333333334
      vertex 95.97 60.699999999999996 32.2
      vertex 96 60.699999999999996 6.7
    endloop
  endfacet
  facet normal -1 0 0
    outer loop
      vertex 95.3 71.97 6.6975
      vertex 95.3 71.97 32.2
      vertex 95.3 72 6.7
    endloop
  endfacet
  facet normal 0 -1 0
    outer loop
      vertex 95.3 71.97 6.6975
      vertex 96 71.97 6.7
      vertex 96.7 71.97 32.2
    endloop
  endfacet
  facet normal 0 -1 0
    outer loop
      vertex 96 71.97 6.7
      vertex 96.7 71.97 6.758333333333334
      vertex 96.7 71.97 32.2
    endloop
  endfacet
  facet normal 1 0 0
    outer loop
      vertex 96.7 71.97 6.758333333333334
      vertex 96.7 72 7.7
      vertex 96.7 71.97 32.2
    endloop
  endfacet
  facet normal -6.28737240297717e-16 1 -7.3969087093851855e-19
    outer loop
      vertex 96 60.699999999999996 6.7
      vertex 95.97 60.699999999999996 32.2
      vertex 107.3 60.7 7.641666666666667
    endloop
  endfacet
  facet normal -1 0 0
    outer loop
      vertex 107.3 60.7 7.641666666666667
      vertex 107.3 71.97 32.2
      vertex 107.3 72 7.641666666666667
    endloop
  endfacet
  facet normal -1 0 0
    outer loop
      vertex 107.3 72 7.641666666666667
      vertex 107.3 71.97 32.2
      vertex 107.3 72 7.7
    endloop
  endfacet
  facet normal 0 0 -1
    outer loop
      vertex 71.97 72 0
      vertex 72 72.69978738178052 0
      vertex 72.69486269944932 72.69486269944932 0
    endloop
  endfacet
  facet normal 0 0 -1
    outer loop
      vertex 71.97 83.97 0
      vertex 71.97 84 0
      vertex 72.69959959369628 84.69959959369628 0
    endloop
  endfacet
  facet normal 0 0 -1
    outer loop
      vertex 71.97 84 0
      vertex 72 84.69998353591585 0
      vertex 72.69959959369628 84.69959959369628 0
    endloop
  endfacet
  facet normal 0 0 -1
    outer loop
      vertex 72 83.3 0
      vertex 72 83.30351732589425 0
      vertex 77.99985070540023 84 0
    endloop
  endfacet
  facet normal 0 0 -1
    outer loop
      vertex 71.97 83.97 0
      vertex 77.99985070540023 84 0
      vertex 72 83.30351732589425 0
    endloop
  endfacet
  facet normal 0 0 -1
    outer loop
      vertex 71.97 83.97 0
      vertex 72.69959959369628 84.69959959369628 0
      vertex 77.99985070540023 84 0
    endloop
  endfacet
  facet normal 0 0 -1
    outer loop
      vertex 72 83.3 0
      vertex 77.99985070540023 84 0
      vertex 77.99999999999994 84 0
    endloop
  endfacet
  facet normal 0 0 -1
    outer loop
      vertex 72 83.3 0
      vertex 77.99999999999994 84 0
      vertex 84 84.57535837545623 0
    endloop
  endfacet
  facet normal 0 0 -1
    outer loop
      vertex 72 83.3 0
      vertex 83.30000182386169 83.30000182386169 0
      vertex 83.3 83.3 0
    endloop
  endfacet
  facet normal 0 0 -1
    outer loop
      vertex 72 83.3 0
      vertex 84 83.7645814891213 0
      vertex 83.30000182386169 83.30000182386169 0
    endloop
  endfacet
  facet normal 0 0 -1
    outer loop
      vertex 72 83.3 0
      vertex 84 83.96833337828186 0
      vertex 84 83.7645814891213 0
    endloop
  endfacet
  facet normal 0 0 -1
    outer loop
      vertex 72 83.3 0
      vertex 84.03 84 0
      vertex 84 83.96833337828186 0
    endloop
  endfacet
  facet normal 0 0 -1
    outer loop
      vertex 72 83.3 0
      vertex 84.03 84.03 0
      vertex 84.03 84 0
    endloop
  endfacet
  facet normal 0 0 -1
    outer loop
      vertex 72 83.3 0
      vertex 84 84.57535837545623 0
      vertex 84.03 84.03 0
    endloop
  endfacet
  facet normal 0 0 -1
    outer loop
      vertex 83.636815920398 72 0
      vertex 84 77.99999999999997 0
      vertex 83.65191468894338 72 0
    endloop
  endfacet
  facet normal 0 0 -1
    outer loop
      vertex 83.65191468894338 72 0
      vertex 84 77.99999999999997 0
      vertex 84 72.49676681487576 0
    endloop
  endfacet
  facet normal 0 0 -1
    outer loop
      vertex 77.99999999999994 84 0
      vertex 84 84.63926940639269 0
      vertex 84 84.57535837545623 0
    endloop
  endfacet
  facet normal 0 0 -1
    outer loop
      vertex 84.03 84 0
      vertex 84.03 84.03 0
      vertex 95.50684931506852 84 0
    endloop
  endfacet
  facet normal 0 0 -1
    outer loop
      vertex 84.03 84.03 0
      vertex 84.58414776658722 84.58414776658722 0
      vertex 95.50684931506852 84 0
    endloop
  endfacet
  facet normal 0 0 -1
    outer loop
      vertex 71.97 96.69303482587065 0
      vertex 78 96 0
      vertex 72 96 0
    endloop
  endfacet
  facet normal 0 0 -1
    outer loop
      vertex 71.97 96.69303482587065 0
      vertex 72.03 96.7 0
      vertex 78 96 0
    endloop
  endfacet
  facet normal 0 0 -1
    outer loop
      vertex 72.03 96.7 0
      vertex 83.97 96.69303482587065 0
      vertex 78 96 0
    endloop
  endfacet
  facet normal 0 0 -1
    outer loop
      vertex 72.03 96.7 0
      vertex 83.97 96.7 0
      vertex 83.97 96.69303482587065 0
    endloop
  endfacet
  facet normal 0 0 -1
    outer loop
      vertex 78 96 0
      vertex 83.97 95.97 0
      vertex 83.30039061523982 95.30039061523982 0
    endloop
  endfacet
  facet normal 0 0 -1
    outer loop
      vertex 78 96 0
      vertex 83.97 96.69303482587065 0
      vertex 83.97 95.97 0
    endloop
  endfacet
  facet normal 0 0 -1
    outer loop
      vertex 84 95.30348258706468 0
      vertex 83.97 95.97 0
      vertex 84 96 0
    endloop
  endfacet
  facet normal 0 0 -1
    outer loop
      vertex 83.97 95.97 0
      vertex 83.97 96.69303482587065 0
      vertex 84 96 0
    endloop
  endfacet
  facet normal 0 0 -1
    outer loop
      vertex 84 96 0
      vertex 83.97 96.69303482587065 0
      vertex 90 96 0
    endloop
  endfacet
  facet normal 0 0 -1
    outer loop
      vertex 83.97 96.69303482587065 0
      vertex 83.97 96.7 0
      vertex 95.97 96.69303482587065 0
    endloop
  endfacet
  facet normal 0 0 -1
    outer loop
      vertex 83.97 96.69303482587065 0
      vertex 95.97 96.69303482587065 0
      vertex 90 96 0
    endloop
  endfacet
  facet normal 0 0 -1
    outer loop
      vertex 95.30348258706468 72 0
      vertex 95.30181592039801 72 0
      vertex 96 84 0
    endloop
  endfacet
  facet normal 0 0 -1
    outer loop
      vertex 95.30348258706468 72 0
      vertex 96 84 0
      vertex 95.97 71.97 0
    endloop
  endfacet
  facet normal 0 0 -1
    outer loop
      vertex 95.97 71.97 0
      vertex 96.7 84 0
      vertex 96 71.97 0
    endloop
  endfacet
  facet normal 0 0 -1
    outer loop
      vertex 96 71.97 0
      vertex 96.7 84 0
      vertex 96.7 72 0
    endloop
  endfacet
  facet normal 0 0 -1
    outer loop
      vertex 84.58414776658722 84.58414776658722 0
      vertex 96 84.69969634703196 0
      vertex 95.50684931506852 84 0
    endloop
  endfacet
  facet normal 0 0 -1
    outer loop
      vertex 95.97 71.97 0
      vertex 96 84 0
      vertex 96.7 84 0
    endloop
  endfacet
  facet normal 0 0 -1
    outer loop
      vertex 95.3 83.3 0
      vertex 95.50684931506852 84 0
      vertex 96 84 0
    endloop
  endfacet
  facet normal 0 0 -1
    outer loop
      vertex 95.50684931506852 84 0
      vertex 96.03 84.03 0
      vertex 96 84 0
    endloop
  endfacet
  facet normal 0 0 -1
    outer loop
      vertex 95.50684931506852 84 0
      vertex 96 84.69651741293532 0
      vertex 96.03 84.03 0
    endloop
  endfacet
  facet normal 0 0 -1
    outer loop
      vertex 95.50684931506852 84 0
      vertex 96 84.69969634703196 0
      vertex 96 84.69651741293532 0
    endloop
  endfacet
  facet normal 0 0 -1
    outer loop
      vertex 107.66848258706467 72 0
      vertex 108 78.00000000000003 0
      vertex 108 71.97248950664006 0
    endloop
  endfacet
  facet normal 0 0 -1
    outer loop
      vertex 108 71.97248950664006 0
      vertex 108 78.00000000000003 0
      vertex 108.03166666666667 72 0
    endloop
  endfacet
  facet normal 0 0 -1
    outer loop
      vertex 108.03166666666667 72 0
      vertex 108 78.00000000000003 0
      vertex 108.69651741293532 84 0
    endloop
  endfacet
  facet normal 0 0 -1
    outer loop
      vertex 108 78.00000000000003 0
      vertex 107.30042346896494 83.30042346896494 0
      vertex 108.03 84.03 0
    endloop
  endfacet
  facet normal 0 0 -1
    outer loop
      vertex 108 78.00000000000003 0
      vertex 108.03 84.03 0
      vertex 108.69651741293532 84 0
    endloop
  endfacet
  facet normal 0 0 -1
    outer loop
      vertex 107.30042346896494 83.30042346896494 0
      vertex 107.30001741293532 84 0
      vertex 108 84.03 0
    endloop
  endfacet
  facet normal 0 0 -1
    outer loop
      vertex 107.30042346896494 83.30042346896494 0
      vertex 108 84.03 0
      vertex 108.03 84.03 0
    endloop
  endfacet
  facet normal 0 0 -1
    outer loop
      vertex 83.97 96.7 0
      vertex 96.03 96.7 0
      vertex 95.97 96.69303482587065 0
    endloop
  endfacet
  facet normal 0 0 -1
    outer loop
      vertex 90 96 0
      vertex 96 96 0
      vertex 95.30696517412935 95.30696517412935 0
    endloop
  endfacet
  facet normal 0 0 -1
    outer loop
      vertex 90 96 0
      vertex 95.97 96.69303482587065 0
      vertex 96 96 0
    endloop
  endfacet
  facet normal 0 0 -1
    outer loop
      vertex 95.3 95.3 0
      vertex 95.30696517412935 95.30696517412935 0
      vertex 96 95.3 0
    endloop
  endfacet
  facet normal 0 0 -1
    outer loop
      vertex 95.30696517412935 95.30696517412935 0
      vertex 96 96 0
      vertex 96 95.3 0
    endloop
  endfacet
  facet normal 0 0 -1
    outer loop
      vertex 96 96 0
      vertex 95.97 96.69303482587065 0
      vertex 102 96 0
    endloop
  endfacet
  facet normal 0 0 -1
    outer loop
      vertex 95.97 96.69303482587065 0
      vertex 96.03 96.7 0
      vertex 102 96 0
    endloop
  endfacet
  facet normal 0 0 -1
    outer loop
      vertex 96.03 96.7 0
      vertex 107.97 96.69303482587065 0
      vertex 102 96 0
    endloop
  endfacet
  facet normal 0 0 -1
    outer loop
      vertex 96.03 96.7 0
      vertex 107.97 96.7 0
      vertex 107.97 96.69303482587065 0
    endloop
  endfacet
  facet normal 0 0 -1
    outer loop
      vertex 102 96 0
      vertex 107.97 95.97 0
      vertex 107.30039061523982 95.30039061523982 0
    endloop
  endfacet
  facet normal 0 0 -1
    outer loop
      vertex 102 96 0
      vertex 107.97 96.69303482587065 0
      vertex 107.97 95.97 0
    endloop
  endfacet
  facet normal 0 0 -1
    outer loop
      vertex 108 95.30348258706468 0
      vertex 107.97 95.97 0
      vertex 108 96 0
    endloop
  endfacet
  facet normal 0 0 -1
    outer loop
      vertex 107.97 95.97 0
      vertex 107.97 96.69303482587065 0
      vertex 108 96 0
    endloop
  endfacet
  facet normal 1 0 0
    outer loop
      vertex 84.7 72 6.7
      vertex 84.7 83.3 7.641666666666667
      vertex 84.7 83.3 32.2
    endloop
  endfacet
  facet normal 0 1 0
    outer loop
      vertex 72.03 96.7 0
      vertex 72.03 96.7 32.2
      vertex 83.97 96.7 0
    endloop
  endfacet
  facet normal 0 1 0
    outer loop
      vertex 83.97 96.7 0
      vertex 83.97 96.7 32.2
      vertex 96.03 96.7 0
    endloop
  endfacet
  facet normal 0 1 0
    outer loop
      vertex 107.3 84.03 8.702499999999999
      vertex 108 84.03 9.7
      vertex 108 84.03 8.702499999999999
    endloop
  endfacet
  facet normal -1 0 0
    outer loop
      vertex 95.3 72 6.7
      vertex 95.3 71.97 32.2
      vertex 95.3 83.3 7.641666666666667
    endloop
  endfacet
  facet normal 0 -1 0
    outer loop
      vertex 84.7 83.3 7.641666666666667
      vertex 95.3 83.3 7.641666666666667
      vertex 95.3 83.3 32.2
    endloop
  endfacet
  facet normal 0 1 0
    outer loop
      vertex 96 84.7 8.758333333333333
      vertex 96 84.7 9.7
      vertex 96.03 84.7 8.758333333333333
    endloop
  endfacet
  facet normal 0 1 0
    outer loop
      vertex 96.03 96.7 0
      vertex 96.03 96.7 32.2
      vertex 107.97 96.7 0
    endloop
  endfacet
  facet normal 0 0 -1
    outer loop
      vertex 108 47.97 0
      vertex 108.69458048638039 48.694580486380396 0
      vertex 108.69977561442566 48 0
    endloop
  endfacet
  facet normal 0 0 -1
    outer loop
      vertex 108.7 48 0
      vertex 108.69977561442566 48 0
      vertex 108.69458048638039 48.694580486380396 0
    endloop
  endfacet
  facet normal 0 0 -1
    outer loop
      vertex 108.7 48 0
      vertex 108.69458048638039 48.694580486380396 0
      vertex 108.7 48.7 0
    endloop
  endfacet
  facet normal 0 0 -1
    outer loop
      vertex 119.30348258706468 48 0
      vertex 119.30181592039801 48 0
      vertex 120 60 0
    endloop
  endfacet
  facet normal 0 0 -1
    outer loop
      vertex 119.97 47.97 0
      vertex 119.30348258706468 48 0
      vertex 120.7 60 0
    endloop
  endfacet
  facet normal 0 0 -1
    outer loop
      vertex 119.97 47.97 0
      vertex 120.7 60 0
      vertex 120 47.97 0
    endloop
  endfacet
  facet normal 0 0 -1
    outer loop
      vertex 120 47.97 0
      vertex 120.7 60 0
      vertex 120.7 48 0
    endloop
  endfacet
  facet normal 0 0 -1
    outer loop
      vertex 119.30348258706468 48 0
      vertex 120 60 0
      vertex 120.7 60 0
    endloop
  endfacet
  facet normal 0 0 -1
    outer loop
      vertex 119.3 59.3 0
      vertex 119.50684931506852 60 0
      vertex 120 60 0
    endloop
  endfacet
  facet normal 0 0 -1
    outer loop
      vertex 119.50684931506852 60 0
      vertex 120.03 60.03 0
      vertex 120 60 0
    endloop
  endfacet
  facet normal 0 0 -1
    outer loop
      vertex 108 60.54244182230508 0
      vertex 108.69999999999999 60.699999999999996 0
      vertex 108.57783730717371 60.577837307173716 0
    endloop
  endfacet
  facet normal 0 0 -1
    outer loop
      vertex 108.6632521019193 60 0
      vertex 120 60.69969634703196 0
      vertex 119.50684931506852 60 0
    endloop
  endfacet
  facet normal 0 0 -1
    outer loop
      vertex 119.50684931506852 60 0
      vertex 120 60.69651741293532 0
      vertex 120.03 60.03 0
    endloop
  endfacet
  facet normal 0 0 -1
    outer loop
      vertex 119.50684931506852 60 0
      vertex 120 60.69969634703196 0
      vertex 120 60.69651741293532 0
    endloop
  endfacet
  facet normal 0 0 -1
    outer loop
      vertex 113.99999999999999 72 0
      vertex 119.97 71.97 0
      vertex 119.30500035782565 71.30500035782565 0
    endloop
  endfacet
  facet normal 0 0 -1
    outer loop
      vertex 113.99999999999999 72 0
      vertex 120 72 0
      vertex 119.97 71.97 0
    endloop
  endfacet
  facet normal 0 0 -1
    outer loop
      vertex 120 71.30348258706468 0
      vertex 119.97 71.97 0
      vertex 120 72 0
    endloop
  endfacet
  facet normal 0 0 -1
    outer loop
      vertex 120 72 0
      vertex 120.7 72.7 0
      vertex 125.63682500000003 72 0
    endloop
  endfacet
  facet normal 0 1 0
    outer loop
      vertex 120 60.699999999999996 6.758333333333333
      vertex 120 60.699999999999996 7.7
      vertex 120.03 60.699999999999996 6.758333333333333
    endloop
  endfacet
  facet normal 0 -1 0
    outer loop
      vertex 120 71.3 7.641666666666667
      vertex 131.3 71.3 7.641666666666667
      vertex 120 71.3 7.7
    endloop
  endfacet
  facet normal 0 0 -1
    outer loop
      vertex 131.97 47.97 0
      vertex 131.97 48 0
      vertex 132.69488807381703 48.69488807381702 0
    endloop
  endfacet
  facet normal 0 0 -1
    outer loop
      vertex 131.97 48 0
      vertex 132 48.69978843935908 0
      vertex 132.69488807381703 48.69488807381702 0
    endloop
  endfacet
  facet normal 0 0 -1
    outer loop
      vertex 131.97 47.97 0
      vertex 132.69488807381703 48.69488807381702 0
      vertex 138.00000000000003 48 0
    endloop
  endfacet
  facet normal 0 0 -1
    outer loop
      vertex 131.30167500000002 60 0
      vertex 131.97 60 0
      vertex 131.97 59.97 0
    endloop
  endfacet
  facet normal 0 0 -1
    outer loop
      vertex 131.97 59.97 0
      vertex 131.97 60 0
      vertex 132 60 0
    endloop
  endfacet
  facet normal 0 0 -1
    outer loop
      vertex 143.6519706823028 48 0
      vertex 143.63681592039802 48 0
      vertex 144 53.99999999999986 0
    endloop
  endfacet
  facet normal 0 0 -1
    outer loop
      vertex 143.97 47.97 0
      vertex 143.6519706823028 48 0
      vertex 144.70000000000002 60.03 0
    endloop
  endfacet
  facet normal 0 0 -1
    outer loop
      vertex 143.97 47.97 0
      vertex 144.70000000000002 60.03 0
      vertex 144 47.97 0
    endloop
  endfacet
  facet normal 0 0 -1
    outer loop
      vertex 144 47.97 0
      vertex 144.70000000000002 60.03 0
      vertex 144.70000000000002 47.97 0
    endloop
  endfacet
  facet normal 0 0 -1
    outer loop
      vertex 143.6519706823028 48 0
      vertex 144 53.99999999999986 0
      vertex 144.70000000000002 60.03 0
    endloop
  endfacet
  facet normal 0 0 -1
    outer loop
      vertex 132 59.3017209851325 0
      vertex 132 60 0
      vertex 143.6331144465291 60 0
    endloop
  endfacet
  facet normal 1 0 0
    outer loop
      vertex 144.70000000000002 47.97 0
      vertex 144.70000000000002 60.03 0
      vertex 144.70000000000002 59.97 0.16019900497513043
    endloop
  endfacet
  facet normal 0 0 -1
    outer loop
      vertex 144 53.99999999999986 0
      vertex 144 59.97 0
      vertex 144.02636815920397 59.97 0
    endloop
  endfacet
  facet normal 0 0 -1
    outer loop
      vertex 144 53.99999999999986 0
      vertex 144.02636815920397 59.97 0
      vertex 144.70000000000002 60.03 0
    endloop
  endfacet
  facet normal 0 1 0
    outer loop
      vertex 132 48.699999999999996 5.758333333333333
      vertex 131.97 48.699999999999996 5.758333333333334
      vertex 132 48.699999999999996 6.7
    endloop
  endfacet
  facet normal 0 -1 0
    outer loop
      vertex 132 59.3 6.641666666666667
      vertex 132 59.3 6.7
      vertex 131.97 59.3 6.641666666666667
    endloop
  endfacet
  facet normal 0 0 -1
    outer loop
      vertex 131.97 60 0
      vertex 132.70000000000002 60.70000000000002 0
      vertex 132 60 0
    endloop
  endfacet
  facet normal 0 0 -1
    outer loop
      vertex 131.97 60 0
      vertex 132 71.5068493150685 0
      vertex 132.70000000000002 60.70000000000002 0
    endloop
  endfacet
  facet normal 0 0 -1
    outer loop
      vertex 132.70000000000002 60.70000000000002 0
      vertex 132 71.5068493150685 0
      vertex 132 71.97 0
    endloop
  endfacet
  facet normal 0 0 -1
    outer loop
      vertex 131.3034825870647 72 0
      vertex 131.94594834048934 72 0
      vertex 131.97 71.97 0
    endloop
  endfacet
  facet normal 0 0 -1
    outer loop
      vertex 132 71.97 0
      vertex 132 71.97246575342466 0
      vertex 132.335 72 0
    endloop
  endfacet
  facet normal 0 0 -1
    outer loop
      vertex 132 71.97 0
      vertex 132.335 72 0
      vertex 132.70000000000002 72 0
    endloop
  endfacet
  facet normal 0 0 -1
    outer loop
      vertex 143.65198375 60 0
      vertex 143.63681592039802 60 0
      vertex 144 65.97172034564008 0
    endloop
  endfacet
  facet normal 0 0 -1
    outer loop
      vertex 144.02636815920397 59.97 0
      vertex 144 59.97 0
      vertex 144.70000000000002 71.97 0
    endloop
  endfacet
  facet normal 0 0 -1
    outer loop
      vertex 143.97 59.97 0
      vertex 144.70000000000002 71.97 0
      vertex 144 59.97 0
    endloop
  endfacet
  facet normal 0 0 -1
    outer loop
      vertex 143.65198375 60 0
      vertex 144.70000000000002 71.97 0
      vertex 143.97 59.97 0
    endloop
  endfacet
  facet normal 0 0 -1
    outer loop
      vertex 144.02636815920397 59.97 0
      vertex 144.70000000000002 71.97 0
      vertex 144.70000000000002 60.03 0
    endloop
  endfacet
  facet normal 1 0 0
    outer loop
      vertex 144.70000000000002 60.03 0
      vertex 144.70000000000002 71.97 0
      vertex 144.70000000000002 59.97 0.16019900497513043
    endloop
  endfacet
  facet normal 0 0 -1
    outer loop
      vertex 143.65198375 60 0
      vertex 144 65.97172034564008 0
      vertex 144.70000000000002 71.97 0
    endloop
  endfacet
  facet normal 0 0 -1
    outer loop
      vertex 144 65.97172034564008 0
      vertex 144 65.99999999999989 0
      vertex 144.70000000000002 71.97 0
    endloop
  endfacet
  facet normal 0 0 -1
    outer loop
      vertex 144 65.99999999999989 0
      vertex 143.31131057571662 71.31131057571662 0
      vertex 144 72 0
    endloop
  endfacet
  facet normal 0 0 -1
    outer loop
      vertex 144 65.99999999999989 0
      vertex 144 72 0
      vertex 144.69303482587065 71.97 0
    endloop
  endfacet
  facet normal 0 0 -1
    outer loop
      vertex 144 65.99999999999989 0
      vertex 144.69303482587065 71.97 0
      vertex 144.70000000000002 71.97 0
    endloop
  endfacet
  facet normal 0 0 -1
    outer loop
      vertex 143.30482743626808 71.3048274362681 0
      vertex 143.30019970844913 72 0
      vertex 143.31131057571662 71.31131057571662 0
    endloop
  endfacet
  facet normal 0 0 -1
    outer loop
      vertex 143.31131057571662 71.31131057571662 0
      vertex 143.30019970844913 72 0
      vertex 144 72 0
    endloop
  endfacet
  facet normal 1 0 0
    outer loop
      vertex 108.7 48 4.7
      vertex 108.7 59.3 5.641666666666667
      vertex 108.7 59.3 32.2
    endloop
  endfacet
  facet normal 0 -1 0
    outer loop
      vertex 108.7 59.3 5.641666666666667
      vertex 119.3 59.3 5.641666666666667
      vertex 119.3 59.3 32.2
    endloop
  endfacet
  facet normal -1 0 0
    outer loop
      vertex 119.3 47.97 32.2
      vertex 119.3 59.3 5.641666666666667
      vertex 119.3 48 4.7
    endloop
  endfacet
  facet normal 1 0 0
    outer loop
      vertex 120.7 48 5.7
      vertex 120.7 60 6.7
      vertex 120.7 60.03 32.2
    endloop
  endfacet
  facet normal 0 1 0
    outer loop
      vertex 120.03 60.03 6.702500000000001
      vertex 120.03 60.03 32.2
      vertex 120.7 60.03 6.702500000000001
    endloop
  endfacet
  facet normal 1 0 0
    outer loop
      vertex 120.7 60 6.7
      vertex 120.7 60.03 6.702500000000001
      vertex 120.7 60.03 32.2
    endloop
  endfacet
  facet normal 1 0 0
    outer loop
      vertex 120.03 60.03 6.702500000000001
      vertex 120.03 60.699999999999996 6.758333333333333
      vertex 120.03 60.03 32.2
    endloop
  endfacet
  facet normal 0 1 0
    outer loop
      vertex 120.03 60.699999999999996 6.758333333333333
      vertex 120 60.699999999999996 7.7
      vertex 120.03 60.699999999999996 32.2
    endloop
  endfacet
  facet normal 0 -1 0
    outer loop
      vertex 120 71.3 7.7
      vertex 131.3 71.3 7.641666666666667
      vertex 119.97 71.3 32.2
    endloop
  endfacet
  facet normal 1 0 0
    outer loop
      vertex 144.70000000000002 47.97 0
      vertex 144.70000000000002 59.97 0.16019900497513043
      vertex 144.70000000000002 47.97 32.2
    endloop
  endfacet
  facet normal -1 0 0
    outer loop
      vertex 131.97 47.3 5.6975
      vertex 131.97 48.699999999999996 32.2
      vertex 131.97 48 5.7
    endloop
  endfacet
  facet normal -1 0 0
    outer loop
      vertex 131.97 48 5.7
      vertex 131.97 48.699999999999996 32.2
      vertex 131.97 48.699999999999996 5.758333333333334
    endloop
  endfacet
  facet normal 0 1 0
    outer loop
      vertex 131.97 48.699999999999996 5.758333333333334
      vertex 131.97 48.699999999999996 32.2
      vertex 132 48.699999999999996 6.7
    endloop
  endfacet
  facet normal 0 -1 0
    outer loop
      vertex 131.97 59.3 6.641666666666667
      vertex 132 59.3 6.7
      vertex 131.97 59.3 32.2
    endloop
  endfacet
  facet normal -1 0 0
    outer loop
      vertex 131.3 59.97 6.6975
      vertex 131.3 59.97 32.2
      vertex 131.3 60 6.7
    endloop
  endfacet
  facet normal -1 0 0
    outer loop
      vertex 131.97 59.3 6.641666666666667
      vertex 131.97 59.3 32.2
      vertex 131.97 59.97 6.6975
    endloop
  endfacet
  facet normal 0 -1 0
    outer loop
      vertex 131.3 59.97 6.6975
      vertex 131.97 59.97 6.6975
      vertex 131.97 59.97 32.2
    endloop
  endfacet
  facet normal 0 1 0
    outer loop
      vertex 132 48.699999999999996 6.7
      vertex 131.97 48.699999999999996 32.2
      vertex 143.3 48.699999999999996 7.6416666666666675
    endloop
  endfacet
  facet normal -1 0 0
    outer loop
      vertex 143.3 48.699999999999996 7.6416666666666675
      vertex 143.3 48.699999999999996 32.2
      vertex 143.3 59.3 7.6416666666666675
    endloop
  endfacet
  facet normal 0 -1 0
    outer loop
      vertex 132 59.3 6.7
      vertex 143.3 59.3 7.6416666666666675
      vertex 143.3 59.3 32.2
    endloop
  endfacet
  facet normal 1 0 0
    outer loop
      vertex 144.70000000000002 59.97 0.16019900497513043
      vertex 144.70000000000002 71.97 0
      vertex 144.70000000000002 59.97 32.2
    endloop
  endfacet
  facet normal -1 0 0
    outer loop
      vertex 131.3 60 6.7
      vertex 131.3 59.97 32.2
      vertex 131.3 71.3 7.641666666666667
    endloop
  endfacet
  facet normal 1 0 0
    outer loop
      vertex 132.70000000000002 60.699999999999996 14.641666666666666
      vertex 132.70000000000002 72 13.7
      vertex 132.70000000000002 71.97 16.18009950248757
    endloop
  endfacet
  facet normal 0 0 -1
    outer loop
      vertex 108.03166666666667 72 0
      vertex 108.69651741293532 84 0
      vertex 108.7 72.7 0
    endloop
  endfacet
  facet normal 0 0 -1
    outer loop
      vertex 108.7 72.7 0
      vertex 108.69651741293532 84 0
      vertex 108.7 84 0
    endloop
  endfacet
  facet normal 0 0 -1
    outer loop
      vertex 120 72 0
      vertex 120 72.7 0
      vertex 120.7 72.7 0
    endloop
  endfacet
  facet normal 0 0 -1
    outer loop
      vertex 119.97 83.97 0
      vertex 119.97 84 0
      vertex 120.7 84.7 0
    endloop
  endfacet
  facet normal 0 0 -1
    outer loop
      vertex 119.97 84 0
      vertex 120 84.7 0
      vertex 120.7 84.7 0
    endloop
  endfacet
  facet normal 0 0 -1
    outer loop
      vertex 120 83.3 0
      vertex 120 83.30348258706468 0
      vertex 131.30000000000004 83.30000000000003 0
    endloop
  endfacet
  facet normal 0 0 -1
    outer loop
      vertex 120 83.30348258706468 0
      vertex 119.97 83.97 0
      vertex 132 84.69651741293532 0
    endloop
  endfacet
  facet normal 0 0 -1
    outer loop
      vertex 119.97 83.97 0
      vertex 120.7 84.7 0
      vertex 132 84.69651741293532 0
    endloop
  endfacet
  facet normal 0 0 -1
    outer loop
      vertex 108 96 0
      vertex 107.97 96.69303482587065 0
      vertex 114 96 0
    endloop
  endfacet
  facet normal 0 0 -1
    outer loop
      vertex 107.97 96.69303482587065 0
      vertex 107.97 96.7 0
      vertex 119.97 96.69303482587065 0
    endloop
  endfacet
  facet normal 0 0 -1
    outer loop
      vertex 107.97 96.69303482587065 0
      vertex 119.97 96.69303482587065 0
      vertex 114 96 0
    endloop
  endfacet
  facet normal 0 0 -1
    outer loop
      vertex 107.97 96.7 0
      vertex 120.03 96.7 0
      vertex 119.97 96.69303482587065 0
    endloop
  endfacet
  facet normal 0 0 -1
    outer loop
      vertex 114 96 0
      vertex 120 96 0
      vertex 119.30696517412935 95.30696517412935 0
    endloop
  endfacet
  facet normal 0 0 -1
    outer loop
      vertex 114 96 0
      vertex 119.97 96.69303482587065 0
      vertex 120 96 0
    endloop
  endfacet
  facet normal 0 0 -1
    outer loop
      vertex 119.3 95.3 0
      vertex 119.30696517412935 95.30696517412935 0
      vertex 120 95.3 0
    endloop
  endfacet
  facet normal 0 0 -1
    outer loop
      vertex 119.30696517412935 95.30696517412935 0
      vertex 120 96 0
      vertex 120 95.3 0
    endloop
  endfacet
  facet normal 0 0 -1
    outer loop
      vertex 120 96 0
      vertex 119.97 96.69303482587065 0
      vertex 126 96 0
    endloop
  endfacet
  facet normal 0 0 -1
    outer loop
      vertex 119.97 96.69303482587065 0
      vertex 120.03 96.7 0
      vertex 126 96 0
    endloop
  endfacet
  facet normal 0 0 -1
    outer loop
      vertex 120.03 96.7 0
      vertex 131.97 96.69303482587065 0
      vertex 126 96 0
    endloop
  endfacet
  facet normal 0 0 -1
    outer loop
      vertex 131.94594834048934 72 0
      vertex 132 77.99999999999982 0
      vertex 131.97 71.97 0
    endloop
  endfacet
  facet normal 0 0 -1
    outer loop
      vertex 132 71.97246575342466 0
      vertex 131.97 71.97 0
      vertex 132.70000000000002 84 0
    endloop
  endfacet
  facet normal 0 0 -1
    outer loop
      vertex 132 71.97246575342466 0
      vertex 132.70000000000002 84 0
      vertex 132.335 72 0
    endloop
  endfacet
  facet normal 0 0 -1
    outer loop
      vertex 132.335 72 0
      vertex 132.70000000000002 84 0
      vertex 132.70000000000002 72.70000000000002 0
    endloop
  endfacet
  facet normal 0 0 -1
    outer loop
      vertex 131.97 71.97 0
      vertex 132 77.99999999999982 0
      vertex 132.70000000000002 84 0
    endloop
  endfacet
  facet normal 0 0 -1
    outer loop
      vertex 120 83.30348258706468 0
      vertex 132 84.69651741293532 0
      vertex 131.30000000000004 83.30000000000003 0
    endloop
  endfacet
  facet normal 0 0 -1
    outer loop
      vertex 132 77.99999999999982 0
      vertex 132 84 0
      vertex 132.70000000000002 84 0
    endloop
  endfacet
  facet normal 0 0 -1
    outer loop
      vertex 131.30000000000004 83.30000000000003 0
      vertex 132 84.64246575342466 0
      vertex 132 84 0
    endloop
  endfacet
  facet normal 0 0 -1
    outer loop
      vertex 131.30000000000004 83.30000000000003 0
      vertex 132 84.69651741293532 0
      vertex 132 84.64246575342466 0
    endloop
  endfacet
  facet normal 0 0 -1
    outer loop
      vertex 132.03 84.03 0
      vertex 132 84 0
      vertex 132 84.64246575342466 0
    endloop
  endfacet
  facet normal 0 0 -1
    outer loop
      vertex 144 72 0
      vertex 144 77.97014999999983 0
      vertex 144.69303482587065 71.97 0
    endloop
  endfacet
  facet normal 0 0 -1
    outer loop
      vertex 144.69303482587065 71.97 0
      vertex 144.70000000000002 83.97 0
      vertex 144.70000000000002 71.97 0
    endloop
  endfacet
  facet normal 0 0 -1
    outer loop
      vertex 144.69303482587065 71.97 0
      vertex 144 77.97014999999983 0
      vertex 144.70000000000002 83.97 0
    endloop
  endfacet
  facet normal 0 0 -1
    outer loop
      vertex 144 77.97014999999983 0
      vertex 143.30039061523985 83.30039061523983 0
      vertex 144.70000000000002 83.97 0
    endloop
  endfacet
  facet normal 0 0 -1
    outer loop
      vertex 143.30039061523985 83.30039061523983 0
      vertex 144 84 0
      vertex 144.70000000000002 83.97 0
    endloop
  endfacet
  facet normal 0 0 -1
    outer loop
      vertex 144 84 0
      vertex 144.70000000000002 84.03 0
      vertex 144.70000000000002 83.97 0
    endloop
  endfacet
  facet normal 0 0 -1
    outer loop
      vertex 120.03 96.7 0
      vertex 131.97 96.7 0
      vertex 131.97 96.69303482587065 0
    endloop
  endfacet
  facet normal 0 0 -1
    outer loop
      vertex 126 96 0
      vertex 131.97 95.97 0
      vertex 131.30039061523982 95.30039061523982 0
    endloop
  endfacet
  facet normal 0 0 -1
    outer loop
      vertex 126 96 0
      vertex 131.97 96.69303482587065 0
      vertex 131.97 95.97 0
    endloop
  endfacet
  facet normal 0 0 -1
    outer loop
      vertex 132 95.30348258706468 0
      vertex 131.97 95.97 0
      vertex 132 96 0
    endloop
  endfacet
  facet normal 0 0 -1
    outer loop
      vertex 131.97 95.97 0
      vertex 131.97 96.69303482587065 0
      vertex 132 96 0
    endloop
  endfacet
  facet normal 0 0 -1
    outer loop
      vertex 143.301815920398 84 0
      vertex 144.03 96.03 0
      vertex 144 84 0
    endloop
  endfacet
  facet normal 0 0 -1
    outer loop
      vertex 144 84 0
      vertex 144.70000000000002 96.03 0
      vertex 144.70000000000002 84.03 0
    endloop
  endfacet
  facet normal 0 0 -1
    outer loop
      vertex 132 96 0
      vertex 131.97 96.69303482587065 0
      vertex 143.53209867198785 96 0
    endloop
  endfacet
  facet normal 0 0 -1
    outer loop
      vertex 131.97 96.69303482587065 0
      vertex 131.97 96.7 0
      vertex 143.53209867198785 96 0
    endloop
  endfacet
  facet normal 0 0 -1
    outer loop
      vertex 131.97 96.7 0
      vertex 144.03 96.7 0
      vertex 143.53209867198785 96 0
    endloop
  endfacet
  facet normal 0 0 -1
    outer loop
      vertex 143.301815920398 84 0
      vertex 144 95.53684931506847 0
      vertex 144.03 96.03 0
    endloop
  endfacet
  facet normal 0 0 -1
    outer loop
      vertex 144 84 0
      vertex 144.03 96.03 0
      vertex 144.70000000000002 96.03 0
    endloop
  endfacet
  facet normal 0 0 -1
    outer loop
      vertex 143.3 95.3 0
      vertex 143.53209867198785 96 0
      vertex 144 96 0
    endloop
  endfacet
  facet normal 0 0 -1
    outer loop
      vertex 144 95.53684931506847 0
      vertex 144 96 0
      vertex 144.03 96.03 0
    endloop
  endfacet
  facet normal 0 0 -1
    outer loop
      vertex 143.53209867198785 96 0
      vertex 144.03 96.03 0
      vertex 144 96 0
    endloop
  endfacet
  facet normal 0 0 -1
    outer loop
      vertex 143.53209867198785 96 0
      vertex 144.03 96.7 0
      vertex 144.03 96.03 0
    endloop
  endfacet
  facet normal 1 0 0
    outer loop
      vertex 108.7 84 9.758333333333333
      vertex 108.7 84.03 9.758333333333333
      vertex 108.7 84 10.7
    endloop
  endfacet
  facet normal -1 0 0
    outer loop
      vertex 119.97 84 10.7
      vertex 119.97 84.7 10.6975
      vertex 119.97 84 10.6975
    endloop
  endfacet
  facet normal 0 -1 0
    outer loop
      vertex 119.97 83.3 10.758333333333333
      vertex 120 83.3 10.758333333333333
      vertex 120 83.3 11.7
    endloop
  endfacet
  facet normal 0 1 0
    outer loop
      vertex 107.97 96.7 0
      vertex 107.97 96.7 32.2
      vertex 120.03 96.7 0
    endloop
  endfacet
  facet normal 0 1 0
    outer loop
      vertex 120.03 96.7 0
      vertex 120.03 96.7 32.2
      vertex 131.97 96.7 0
    endloop
  endfacet
  facet normal 1 0 0
    outer loop
      vertex 132.70000000000002 84 11.758333333333335
      vertex 132.70000000000002 84.03 11.758333333333335
      vertex 132.70000000000002 84 12.7
    endloop
  endfacet
  facet normal 1 0 0
    outer loop
      vertex 144.70000000000002 71.97 0
      vertex 144.70000000000002 83.97 0
      vertex 144.70000000000002 71.97 32.2
    endloop
  endfacet
  facet normal 1 0 0
    outer loop
      vertex 144.70000000000002 84.03 0
      vertex 144.70000000000002 71.97 32.2
      vertex 144.70000000000002 83.97 0
    endloop
  endfacet
  facet normal 1 0 0
    outer loop
      vertex 144.70000000000002 84.03 0
      vertex 144.70000000000002 96.03 0
      vertex 144.70000000000002 84.03 32.2
    endloop
  endfacet
  facet normal 0 1 0
    outer loop
      vertex 131.97 96.7 0
      vertex 131.97 96.7 32.2
      vertex 144.03 96.7 0
    endloop
  endfacet
  facet normal 1 0 0
    outer loop
      vertex 144.03 96.03 0
      vertex 144.03 96.7 0
      vertex 144.03 96.03 32.2
    endloop
  endfacet
  facet normal 0 1 0
    outer loop
      vertex 144.03 96.03 0
      vertex 144.03 96.03 32.2
      vertex 144.70000000000002 96.03 0
    endloop
  endfacet
  facet normal -1 0 0
    outer loop
      vertex 143.3 84 12.641666666666667
      vertex 143.3 84 12.7
      vertex 143.3 95.3 12.641666666666667
    endloop
  endfacet
  facet normal 1 0 0
    outer loop
      vertex 72.7 48.699999999999996 6.641666666666667
      vertex 72.7 59.3 32.2
      vertex 72.7 48.699999999999996 32.2
    endloop
  endfacet
  facet normal 0 1 0
    outer loop
      vertex 84 48.699999999999996 5.7
      vertex 72.7 48.699999999999996 32.2
      vertex 84.03 48.699999999999996 32.2
    endloop
  endfacet
  facet normal 0 -1 0
    outer loop
      vertex 72.7 59.3 6.641666666666667
      vertex 84.03 59.3 32.2
      vertex 72.7 59.3 32.2
    endloop
  endfacet
  facet normal 1 0 0
    outer loop
      vertex 84.03 47.3 32.2
      vertex 84.03 48 4.7
      vertex 84.03 48.699999999999996 32.2
    endloop
  endfacet
  facet normal 1 0 0
    outer loop
      vertex 84.03 59.3 5.641666666666667
      vertex 84.03 59.97 32.2
      vertex 84.03 59.3 32.2
    endloop
  endfacet
  facet normal 0 -1 0
    outer loop
      vertex 84.03 59.97 5.6975
      vertex 84.7 59.97 32.2
      vertex 84.03 59.97 32.2
    endloop
  endfacet
  facet normal -6.287090656228254e-16 1 -1.0777869696391698e-18
    outer loop
      vertex 71.97 60.699999999999996 32.2
      vertex 83.3 60.7 15.641666666666666
      vertex 72 60.699999999999996 14.7
    endloop
  endfacet
  facet normal 0 -1 0
    outer loop
      vertex 72 71.3 14.7
      vertex 83.3 71.3 15.641666666666666
      vertex 83.3 71.3 32.2
    endloop
  endfacet
  facet normal -1 0 0
    outer loop
      vertex 83.3 60.7 15.641666666666666
      vertex 83.3 60.699999999999996 32.2
      vertex 83.3 71.3 15.641666666666666
    endloop
  endfacet
  facet normal 1 0 0
    outer loop
      vertex 84.7 72 6.7
      vertex 84.7 72.03 32.2
      vertex 84.7 59.97 32.2
    endloop
  endfacet
  facet normal -1 0 0
    outer loop
      vertex 95.3 47.97 32.2
      vertex 95.3 60.03 32.2
      vertex 95.3 48 4.7
    endloop
  endfacet
  facet normal 1 0 0
    outer loop
      vertex 96.7 47.97 32.2
      vertex 96.7 48 3.7
      vertex 96.7 59.3 32.2
    endloop
  endfacet
  facet normal 0 1 0
    outer loop
      vertex 95.97 60.03 5.702500000000001
      vertex 95.3 60.03 32.2
      vertex 95.97 60.03 32.2
    endloop
  endfacet
  facet normal 0 -1 0
    outer loop
      vertex 96.7 59.3 4.641666666666667
      vertex 107.3 59.3 32.2
      vertex 96.7 59.3 32.2
    endloop
  endfacet
  facet normal -1 0 0
    outer loop
      vertex 107.3 47.97 32.2
      vertex 107.3 59.3 32.2
      vertex 107.3 59.3 4.641666666666667
    endloop
  endfacet
  facet normal -1 0 0
    outer loop
      vertex 95.97 60.699999999999996 5.758333333333334
      vertex 95.97 60.03 32.2
      vertex 95.97 60.699999999999996 32.2
    endloop
  endfacet
  facet normal 0 -1 0
    outer loop
      vertex 95.3 71.97 6.6975
      vertex 96.7 71.97 32.2
      vertex 95.3 71.97 32.2
    endloop
  endfacet
  facet normal 0 1 2.893285656301731e-16
    outer loop
      vertex 107.3 60.7 7.641666666666667
      vertex 95.97 60.699999999999996 32.2
      vertex 107.3 60.699999999999996 32.2
    endloop
  endfacet
  facet normal -1 0 0
    outer loop
      vertex 107.3 60.7 7.641666666666667
      vertex 107.3 60.699999999999996 32.2
      vertex 107.3 71.97 32.2
    endloop
  endfacet
  facet normal 0 0 1
    outer loop
      vertex 72.35064285714286 47.97 32.2
      vertex 72.66066575913852 48.6198232120403 32.2
      vertex 72.62407132243685 48.62407132243685 32.2
    endloop
  endfacet
  facet normal 0 0 1
    outer loop
      vertex 84.03 47.3 32.2
      vertex 72.7 48.699999999999996 32.2
      vertex 72.66066575913852 48.6198232120403 32.2
    endloop
  endfacet
  facet normal 0 0 1
    outer loop
      vertex 71.3 60.03 32.2
      vertex 72.35064285714286 47.97 32.2
      vertex 72.62407132243685 48.62407132243685 32.2
    endloop
  endfacet
  facet normal 0 0 1
    outer loop
      vertex 71.97 60.03 32.2
      vertex 72.62407132243685 48.62407132243685 32.2
      vertex 72.66066575913852 48.6198232120403 32.2
    endloop
  endfacet
  facet normal 0 0 1
    outer loop
      vertex 72.66066575913852 48.6198232120403 32.2
      vertex 72.7 48.699999999999996 32.2
      vertex 72.7 59.3 32.2
    endloop
  endfacet
  facet normal 0 0 1
    outer loop
      vertex 84.03 47.3 32.2
      vertex 84.03 48.699999999999996 32.2
      vertex 72.7 48.699999999999996 32.2
    endloop
  endfacet
  facet normal 0 0 1
    outer loop
      vertex 71.97 60.03 32.2
      vertex 72.66066575913852 48.6198232120403 32.2
      vertex 72.7 59.3 32.2
    endloop
  endfacet
  facet normal 0 0 1
    outer loop
      vertex 71.97 60.03 32.2
      vertex 72.7 59.3 32.2
      vertex 71.97 60.699999999999996 32.2
    endloop
  endfacet
  facet normal 0 0 1
    outer loop
      vertex 71.97 60.699999999999996 32.2
      vertex 72.7 59.3 32.2
      vertex 84.03 59.3 32.2
    endloop
  endfacet
  facet normal 0 0 1
    outer loop
      vertex 84.03 59.3 32.2
      vertex 84.03 59.97 32.2
      vertex 83.3 60.699999999999996 32.2
    endloop
  endfacet
  facet normal 0 1 4.291148882295521e-16
    outer loop
      vertex 71.97 60.699999999999996 32.2
      vertex 83.3 60.699999999999996 32.2
      vertex 83.3 60.7 15.641666666666666
    endloop
  endfacet
  facet normal 0 -1 0
    outer loop
      vertex 71.97 71.3 32.2
      vertex 72 71.3 14.7
      vertex 83.3 71.3 32.2
    endloop
  endfacet
  facet normal -1 0 0
    outer loop
      vertex 83.3 71.3 15.641666666666666
      vertex 83.3 60.699999999999996 32.2
      vertex 83.3 71.3 32.2
    endloop
  endfacet
  facet normal 0 0 1
    outer loop
      vertex 71.97 60.699999999999996 32.2
      vertex 84.03 59.3 32.2
      vertex 83.3 60.699999999999996 32.2
    endloop
  endfacet
  facet normal 0 0 1
    outer loop
      vertex 71.97 71.3 32.2
      vertex 83.3 71.38474295190713 32.2
      vertex 71.97 72.7 32.2
    endloop
  endfacet
  facet normal 0 0 1
    outer loop
      vertex 71.97 71.3 32.2
      vertex 83.3 71.3 32.2
      vertex 83.3 71.38474295190713 32.2
    endloop
  endfacet
  facet normal 0 0 1
    outer loop
      vertex 71.97 72.7 32.2
      vertex 83.3 71.38474295190713 32.2
      vertex 83.3 72.07055555555556 32.2
    endloop
  endfacet
  facet normal 0 0 1
    outer loop
      vertex 84.03 59.97 32.2
      vertex 84.7 59.97 32.2
      vertex 83.3 71.3 32.2
    endloop
  endfacet
  facet normal 0 0 1
    outer loop
      vertex 84.03 59.97 32.2
      vertex 83.3 71.3 32.2
      vertex 83.3 60.699999999999996 32.2
    endloop
  endfacet
  facet normal 0 0 1
    outer loop
      vertex 84.7 59.97 32.2
      vertex 83.37592867756315 71.37592867756315 32.2
      vertex 83.3 71.3 32.2
    endloop
  endfacet
  facet normal 0 0 1
    outer loop
      vertex 84.7 59.97 32.2
      vertex 84.69301256512412 72.02654831224552 32.2
      vertex 83.37592867756315 71.37592867756315 32.2
    endloop
  endfacet
  facet normal 0 0 1
    outer loop
      vertex 84.7 59.97 32.2
      vertex 84.7 72.03 32.2
      vertex 84.69301256512412 72.02654831224552 32.2
    endloop
  endfacet
  facet normal 0 0 1
    outer loop
      vertex 83.3 71.3 32.2
      vertex 83.37592867756315 71.37592867756315 32.2
      vertex 83.3 71.38474295190713 32.2
    endloop
  endfacet
  facet normal 0 0 1
    outer loop
      vertex 83.3 71.38474295190713 32.2
      vertex 83.37592867756315 71.37592867756315 32.2
      vertex 83.9621200750469 71.97 32.2
    endloop
  endfacet
  facet normal 0 0 1
    outer loop
      vertex 83.3 71.38474295190713 32.2
      vertex 83.9621200750469 71.97 32.2
      vertex 83.3 72.07055555555556 32.2
    endloop
  endfacet
  facet normal 0 0 1
    outer loop
      vertex 83.37592867756315 71.37592867756315 32.2
      vertex 83.97 71.97 32.2
      vertex 83.9621200750469 71.97 32.2
    endloop
  endfacet
  facet normal 0 0 1
    outer loop
      vertex 83.3 72.07055555555556 32.2
      vertex 83.9621200750469 71.97 32.2
      vertex 83.3 72.7 32.2
    endloop
  endfacet
  facet normal 0 0 1
    outer loop
      vertex 83.9621200750469 71.97 32.2
      vertex 83.97 71.97 32.2
      vertex 83.3 72.7 32.2
    endloop
  endfacet
  facet normal 0 0 1
    outer loop
      vertex 83.37592867756315 71.37592867756315 32.2
      vertex 84.69301256512412 72.02654831224552 32.2
      vertex 83.97 71.97 32.2
    endloop
  endfacet
  facet normal 0 0 1
    outer loop
      vertex 95.3 47.97 32.2
      vertex 96.7 47.97 32.2
      vertex 95.3 60.03 32.2
    endloop
  endfacet
  facet normal 0 0 1
    outer loop
      vertex 96.7 47.97 32.2
      vertex 96.7 59.3 32.2
      vertex 95.3 60.03 32.2
    endloop
  endfacet
  facet normal 0 0 1
    outer loop
      vertex 95.3 60.03 32.2
      vertex 96.7 59.3 32.2
      vertex 95.97 60.03 32.2
    endloop
  endfacet
  facet normal 0 0 1
    outer loop
      vertex 107.3 47.97 32.2
      vertex 108.7 47.97 32.2
      vertex 107.3 59.3 32.2
    endloop
  endfacet
  facet normal 0 0 1
    outer loop
      vertex 95.97 60.03 32.2
      vertex 107.3 59.38474295190713 32.2
      vertex 95.97 60.699999999999996 32.2
    endloop
  endfacet
  facet normal 0 0 1
    outer loop
      vertex 96.7 59.3 32.2
      vertex 107.3 59.38474295190713 32.2
      vertex 95.97 60.03 32.2
    endloop
  endfacet
  facet normal 0 0 1
    outer loop
      vertex 96.7 59.3 32.2
      vertex 107.3 59.3 32.2
      vertex 107.3 59.38474295190713 32.2
    endloop
  endfacet
  facet normal 0 0 1
    outer loop
      vertex 107.3 59.38474295190713 32.2
      vertex 108.03 59.64935714285714 32.2
      vertex 95.97 60.699999999999996 32.2
    endloop
  endfacet
  facet normal 0 0 1
    outer loop
      vertex 107.3 60.01418739635157 32.2
      vertex 95.97 60.699999999999996 32.2
      vertex 108.03 59.64935714285714 32.2
    endloop
  endfacet
  facet normal 0 0 1
    outer loop
      vertex 108.7 47.97 32.2
      vertex 107.37592867756315 59.375928677563145 32.2
      vertex 107.3 59.3 32.2
    endloop
  endfacet
  facet normal 0 0 1
    outer loop
      vertex 108.7 47.97 32.2
      vertex 108.7 59.3 32.2
      vertex 107.37592867756315 59.375928677563145 32.2
    endloop
  endfacet
  facet normal 0 0 1
    outer loop
      vertex 107.3 59.3 32.2
      vertex 107.37592867756315 59.375928677563145 32.2
      vertex 107.3 59.38474295190713 32.2
    endloop
  endfacet
  facet normal 0 0 1
    outer loop
      vertex 107.3 59.38474295190713 32.2
      vertex 107.37592867756315 59.375928677563145 32.2
      vertex 108.03 59.64935714285714 32.2
    endloop
  endfacet
  facet normal 0 0 1
    outer loop
      vertex 107.37592867756315 59.375928677563145 32.2
      vertex 108.7 59.3 32.2
      vertex 108.03 59.64935714285714 32.2
    endloop
  endfacet
  facet normal 0 0 1
    outer loop
      vertex 108.03 59.64935714285714 32.2
      vertex 108.7 59.3 32.2
      vertex 108.03 59.97 32.2
    endloop
  endfacet
  facet normal 0 0 1
    outer loop
      vertex 107.3 60.01418739635157 32.2
      vertex 108.03 59.64935714285714 32.2
      vertex 108.03 59.97 32.2
    endloop
  endfacet
  facet normal 0 0 1
    outer loop
      vertex 107.3 60.01418739635157 32.2
      vertex 107.3 60.699999999999996 32.2
      vertex 95.97 60.699999999999996 32.2
    endloop
  endfacet
  facet normal 0 0 1
    outer loop
      vertex 107.3 60.01418739635157 32.2
      vertex 108.03 59.97 32.2
      vertex 107.3 60.699999999999996 32.2
    endloop
  endfacet
  facet normal 0 0 1
    outer loop
      vertex 108.03 59.97 32.2
      vertex 107.3 71.97 32.2
      vertex 107.3 60.699999999999996 32.2
    endloop
  endfacet
  facet normal 0 0 1
    outer loop
      vertex 108.03 59.97 32.2
      vertex 108.69530169752028 60.010472519932485 32.2
      vertex 107.3 71.97 32.2
    endloop
  endfacet
  facet normal 0 0 1
    outer loop
      vertex 107.3 71.97 32.2
      vertex 108.69530169752028 60.010472519932485 32.2
      vertex 108.69754192171034 60.01060880023738 32.2
    endloop
  endfacet
  facet normal 0 0 1
    outer loop
      vertex 107.3 71.97 32.2
      vertex 108.69754192171034 60.01060880023738 32.2
      vertex 108.65581260364843 60.699999999999996 32.2
    endloop
  endfacet
  facet normal 0 0 1
    outer loop
      vertex 107.3 71.97 32.2
      vertex 108.65581260364843 60.699999999999996 32.2
      vertex 108.7 71.3 32.2
    endloop
  endfacet
  facet normal 0 0 1
    outer loop
      vertex 107.3 71.97 32.2
      vertex 108.7 71.3 32.2
      vertex 108.03 71.97 32.2
    endloop
  endfacet
  facet normal 0 1 0
    outer loop
      vertex 71.97 72.7 32.2
      vertex 83.3 72.7 16.641666666666666
      vertex 72 72.7 15.7
    endloop
  endfacet
  facet normal 0 -1 0
    outer loop
      vertex 72 83.3 15.7
      vertex 83.3 83.3 16.641666666666666
      vertex 83.3 83.3 32.2
    endloop
  endfacet
  facet normal -1 0 0
    outer loop
      vertex 83.3 72.7 16.641666666666666
      vertex 83.3 72.7 32.2
      vertex 83.3 83.3 16.641666666666666
    endloop
  endfacet
  facet normal 1 0 0
    outer loop
      vertex 84.7 72 6.7
      vertex 84.7 83.3 32.2
      vertex 84.7 72.03 32.2
    endloop
  endfacet
  facet normal 0 -1 0
    outer loop
      vertex 84.7 83.3 7.641666666666667
      vertex 95.3 83.3 32.2
      vertex 84.7 83.3 32.2
    endloop
  endfacet
  facet normal 0 1 0
    outer loop
      vertex 71.97 84.7 32.2
      vertex 84 84.7 10.7
      vertex 72 84.7 11.7
    endloop
  endfacet
  facet normal 0 -1 0
    outer loop
      vertex 72 95.3 11.7
      vertex 84 95.3 10.7
      vertex 83.97 95.3 32.2
    endloop
  endfacet
  facet normal 0 1 0
    outer loop
      vertex 84 84.7 10.7
      vertex 84.03 84.7 32.2
      vertex 96 84.7 9.7
    endloop
  endfacet
  facet normal 0 1 0
    outer loop
      vertex 83.97 96.7 0
      vertex 72.03 96.7 32.2
      vertex 83.97 96.7 32.2
    endloop
  endfacet
  facet normal 1 0 0
    outer loop
      vertex 96.7 72 7.7
      vertex 96.7 84 8.7
      vertex 96.7 84.03 32.2
    endloop
  endfacet
  facet normal 0 1 0
    outer loop
      vertex 96.03 84.03 8.702499999999999
      vertex 96.03 84.03 32.2
      vertex 96.7 84.03 8.702499999999999
    endloop
  endfacet
  facet normal 1 0 0
    outer loop
      vertex 96.03 84.03 8.702499999999999
      vertex 96.03 84.7 8.758333333333333
      vertex 96.03 84.03 32.2
    endloop
  endfacet
  facet normal 1 0 0
    outer loop
      vertex 96.7 84 8.7
      vertex 96.7 84.03 8.702499999999999
      vertex 96.7 84.03 32.2
    endloop
  endfacet
  facet normal -1 0 0
    outer loop
      vertex 107.3 72 7.7
      vertex 107.3 71.97 32.2
      vertex 107.3 84 8.7
    endloop
  endfacet
  facet normal -1 0 0
    outer loop
      vertex 107.3 84 8.7
      vertex 107.3 84.03 32.2
      vertex 107.3 84.03 8.702499999999999
    endloop
  endfacet
  facet normal 0 1 0
    outer loop
      vertex 107.3 84.03 8.702499999999999
      vertex 107.3 84.03 32.2
      vertex 108 84.03 9.7
    endloop
  endfacet
  facet normal 0 1 0
    outer loop
      vertex 108 84.03 9.7
      vertex 107.3 84.03 32.2
      vertex 108.7 84.03 9.758333333333333
    endloop
  endfacet
  facet normal 1 0 0
    outer loop
      vertex 96.7 72 7.7
      vertex 96.7 84.03 32.2
      vertex 96.7 71.97 32.2
    endloop
  endfacet
  facet normal -1 0 0
    outer loop
      vertex 95.3 83.3 7.641666666666667
      vertex 95.3 71.97 32.2
      vertex 95.3 83.3 32.2
    endloop
  endfacet
  facet normal 0 1 0
    outer loop
      vertex 96.03 84.7 8.758333333333333
      vertex 96 84.7 9.7
      vertex 96.03 84.7 32.2
    endloop
  endfacet
  facet normal 0 -1 0
    outer loop
      vertex 84 95.3 10.7
      vertex 96 95.3 9.7
      vertex 96.03 95.3 32.2
    endloop
  endfacet
  facet normal 0 -1 0
    outer loop
      vertex 96 95.3 9.641666666666666
      vertex 96.03 95.3 32.2
      vertex 96 95.3 9.7
    endloop
  endfacet
  facet normal 0 -1 0
    outer loop
      vertex 96 95.3 9.641666666666666
      vertex 108 95.3 9.641666666666666
      vertex 96.03 95.3 32.2
    endloop
  endfacet
  facet normal 0 -1 0
    outer loop
      vertex 108 95.3 9.641666666666666
      vertex 108 95.3 9.7
      vertex 107.97 95.3 32.2
    endloop
  endfacet
  facet normal 0 1 0
    outer loop
      vertex 96.03 96.7 0
      vertex 83.97 96.7 32.2
      vertex 96.03 96.7 32.2
    endloop
  endfacet
  facet normal 0 1 0
    outer loop
      vertex 107.97 96.7 0
      vertex 96.03 96.7 32.2
      vertex 107.97 96.7 32.2
    endloop
  endfacet
  facet normal 0 1 0
    outer loop
      vertex 71.97 72.7 32.2
      vertex 83.3 72.7 32.2
      vertex 83.3 72.7 16.641666666666666
    endloop
  endfacet
  facet normal 0 -1 0
    outer loop
      vertex 71.97 83.3 32.2
      vertex 72 83.3 15.7
      vertex 83.3 83.3 32.2
    endloop
  endfacet
  facet normal -1 0 0
    outer loop
      vertex 83.3 83.3 16.641666666666666
      vertex 83.3 72.7 32.2
      vertex 83.3 83.3 32.2
    endloop
  endfacet
  facet normal 0 0 1
    outer loop
      vertex 71.97 72.7 32.2
      vertex 83.3 72.07055555555556 32.2
      vertex 83.3 72.7 32.2
    endloop
  endfacet
  facet normal 0 0 1
    outer loop
      vertex 71.97 83.3 32.2
      vertex 83.3 83.3 32.2
      vertex 71.97 83.30696517412935 32.2
    endloop
  endfacet
  facet normal 0 0 1
    outer loop
      vertex 71.97 83.30696517412935 32.2
      vertex 83.3 83.38474295190713 32.2
      vertex 71.97029850746264 84.69996534739239 32.2
    endloop
  endfacet
  facet normal 0 0 1
    outer loop
      vertex 71.97 83.30696517412935 32.2
      vertex 83.3 83.3 32.2
      vertex 83.3 83.38474295190713 32.2
    endloop
  endfacet
  facet normal 0 0 1
    outer loop
      vertex 71.97029850746264 84.69996534739239 32.2
      vertex 83.3 83.38474295190713 32.2
      vertex 84.03 83.64935714285714 32.2
    endloop
  endfacet
  facet normal 0 0 1
    outer loop
      vertex 71.97029850746264 84.69996534739239 32.2
      vertex 84.03 83.64935714285714 32.2
      vertex 84.03 83.97 32.2
    endloop
  endfacet
  facet normal 0 0 1
    outer loop
      vertex 71.97029850746264 84.69996534739239 32.2
      vertex 84.03 83.97 32.2
      vertex 84.03 84.7 32.2
    endloop
  endfacet
  facet normal 0 0 1
    outer loop
      vertex 83.97 71.97 32.2
      vertex 83.3 83.3 32.2
      vertex 83.3 72.7 32.2
    endloop
  endfacet
  facet normal 0 0 1
    outer loop
      vertex 83.97 71.97 32.2
      vertex 84.69301256512412 72.02654831224552 32.2
      vertex 83.3 83.3 32.2
    endloop
  endfacet
  facet normal 0 0 1
    outer loop
      vertex 84.7 72.03 32.2
      vertex 83.3 83.3 32.2
      vertex 84.69301256512412 72.02654831224552 32.2
    endloop
  endfacet
  facet normal 0 0 1
    outer loop
      vertex 84.7 72.03 32.2
      vertex 83.37592867756315 83.37592867756315 32.2
      vertex 83.3 83.3 32.2
    endloop
  endfacet
  facet normal 0 0 1
    outer loop
      vertex 84.7 72.03 32.2
      vertex 84.7 83.3 32.2
      vertex 83.37592867756315 83.37592867756315 32.2
    endloop
  endfacet
  facet normal 0 0 1
    outer loop
      vertex 83.3 83.3 32.2
      vertex 83.37592867756315 83.37592867756315 32.2
      vertex 83.3 83.38474295190713 32.2
    endloop
  endfacet
  facet normal 0 0 1
    outer loop
      vertex 83.3 83.38474295190713 32.2
      vertex 83.37592867756315 83.37592867756315 32.2
      vertex 84.03 83.64935714285714 32.2
    endloop
  endfacet
  facet normal 0 0 1
    outer loop
      vertex 83.37592867756315 83.37592867756315 32.2
      vertex 84.7 83.3 32.2
      vertex 84.03 83.64935714285714 32.2
    endloop
  endfacet
  facet normal 0 0 1
    outer loop
      vertex 84.03 83.64935714285714 32.2
      vertex 84.7 83.3 32.2
      vertex 84.03 83.97 32.2
    endloop
  endfacet
  facet normal 0 0 1
    outer loop
      vertex 84.03 83.97 32.2
      vertex 84.7 83.3 32.2
      vertex 95.3 83.38474295190713 32.2
    endloop
  endfacet
  facet normal 0 0 1
    outer loop
      vertex 84.03 83.97 32.2
      vertex 96.03 84.7 32.2
      vertex 84.03 84.7 32.2
    endloop
  endfacet
  facet normal 0 1 0
    outer loop
      vertex 71.97 84.7 32.2
      vertex 84.03 84.7 32.2
      vertex 84 84.7 10.7
    endloop
  endfacet
  facet normal 0 -1 0
    outer loop
      vertex 72 95.3 11.7
      vertex 83.97 95.3 32.2
      vertex 72.03 95.3 32.2
    endloop
  endfacet
  facet normal 0 -1 0
    outer loop
      vertex 84 95.3 10.7
      vertex 96.03 95.3 32.2
      vertex 83.97 95.3 32.2
    endloop
  endfacet
  facet normal 0 0 1
    outer loop
      vertex 71.97029850746264 84.69996534739239 32.2
      vertex 84.03 84.7 32.2
      vertex 71.97 84.7 32.2
    endloop
  endfacet
  facet normal 0 0 1
    outer loop
      vertex 71.97 95.30696517412935 32.2
      vertex 72.03 95.3 32.2
      vertex 72.03 96.69303482587065 32.2
    endloop
  endfacet
  facet normal 0 0 1
    outer loop
      vertex 72.03 95.3 32.2
      vertex 83.97 95.30696517412935 32.2
      vertex 72.03 96.69303482587065 32.2
    endloop
  endfacet
  facet normal 0 0 1
    outer loop
      vertex 72.03 96.7 32.2
      vertex 72.03 96.69303482587065 32.2
      vertex 83.97 96.7 32.2
    endloop
  endfacet
  facet normal 0 0 1
    outer loop
      vertex 72.03 95.3 32.2
      vertex 83.97 95.3 32.2
      vertex 83.97 95.30696517412935 32.2
    endloop
  endfacet
  facet normal 0 0 1
    outer loop
      vertex 72.03 96.69303482587065 32.2
      vertex 83.97 95.30696517412935 32.2
      vertex 83.97 96.7 32.2
    endloop
  endfacet
  facet normal 0 0 1
    outer loop
      vertex 83.97 95.30696517412935 32.2
      vertex 84.03 96.69303482587065 32.2
      vertex 83.97 96.7 32.2
    endloop
  endfacet
  facet normal 0 0 1
    outer loop
      vertex 83.97 95.3 32.2
      vertex 95.97 95.30696517412935 32.2
      vertex 83.97 95.30696517412935 32.2
    endloop
  endfacet
  facet normal 0 0 1
    outer loop
      vertex 83.97 95.30696517412935 32.2
      vertex 95.97 95.30696517412935 32.2
      vertex 84.03 96.69303482587065 32.2
    endloop
  endfacet
  facet normal 0 0 1
    outer loop
      vertex 83.97 96.7 32.2
      vertex 84.03 96.69303482587065 32.2
      vertex 96.03 96.7 32.2
    endloop
  endfacet
  facet normal 1 0 0
    outer loop
      vertex 96.03 84.7 8.758333333333333
      vertex 96.03 84.7 32.2
      vertex 96.03 84.03 32.2
    endloop
  endfacet
  facet normal 0 1 0
    outer loop
      vertex 96.7 84.03 8.702499999999999
      vertex 96.03 84.03 32.2
      vertex 96.7 84.03 32.2
    endloop
  endfacet
  facet normal -1 0 0
    outer loop
      vertex 107.3 84 8.7
      vertex 107.3 71.97 32.2
      vertex 107.3 84.03 32.2
    endloop
  endfacet
  facet normal 0 1 0
    outer loop
      vertex 108.7 84.03 9.758333333333333
      vertex 107.3 84.03 32.2
      vertex 108.7 84.03 32.2
    endloop
  endfacet
  facet normal 0 0 1
    outer loop
      vertex 95.3 71.97 32.2
      vertex 96.7 71.97 32.2
      vertex 95.3 83.3 32.2
    endloop
  endfacet
  facet normal 0 0 1
    outer loop
      vertex 84.7 83.3 32.2
      vertex 95.3 83.3 32.2
      vertex 95.3 83.38474295190713 32.2
    endloop
  endfacet
  facet normal 0 0 1
    outer loop
      vertex 84.03 83.97 32.2
      vertex 95.3 83.38474295190713 32.2
      vertex 96.03 84.03 32.2
    endloop
  endfacet
  facet normal 0 0 1
    outer loop
      vertex 84.03 83.97 32.2
      vertex 96.03 84.03 32.2
      vertex 96.03 84.7 32.2
    endloop
  endfacet
  facet normal 0 0 1
    outer loop
      vertex 96.7 71.97 32.2
      vertex 95.37592867756315 83.37592867756315 32.2
      vertex 95.3 83.3 32.2
    endloop
  endfacet
  facet normal 0 0 1
    outer loop
      vertex 96.7 71.97 32.2
      vertex 96.7 84.03 32.2
      vertex 95.37592867756315 83.37592867756315 32.2
    endloop
  endfacet
  facet normal 0 0 1
    outer loop
      vertex 95.3 83.3 32.2
      vertex 95.37592867756315 83.37592867756315 32.2
      vertex 95.3 83.38474295190713 32.2
    endloop
  endfacet
  facet normal 0 0 1
    outer loop
      vertex 95.37592867756315 83.37592867756315 32.2
      vertex 96.03 84.03 32.2
      vertex 95.3 83.38474295190713 32.2
    endloop
  endfacet
  facet normal 0 0 1
    outer loop
      vertex 95.37592867756315 83.37592867756315 32.2
      vertex 96.7 84.03 32.2
      vertex 96.03 84.03 32.2
    endloop
  endfacet
  facet normal 0 0 1
    outer loop
      vertex 107.3 71.97 32.2
      vertex 108.03 71.97 32.2
      vertex 107.3 84.03 32.2
    endloop
  endfacet
  facet normal 0 0 1
    outer loop
      vertex 108.03 71.97 32.2
      vertex 108.62407132243685 72.62407132243685 32.2
      vertex 107.3 84.03 32.2
    endloop
  endfacet
  facet normal 0 0 1
    outer loop
      vertex 107.3 84.03 32.2
      vertex 108.62407132243685 72.62407132243685 32.2
      vertex 108.7 72.7 32.2
    endloop
  endfacet
  facet normal 0 0 1
    outer loop
      vertex 107.3 84.03 32.2
      vertex 108.7 72.7 32.2
      vertex 108.7 84.03 32.2
    endloop
  endfacet
  facet normal 0 1 0
    outer loop
      vertex 96 84.7 9.7
      vertex 84.03 84.7 32.2
      vertex 96.03 84.7 32.2
    endloop
  endfacet
  facet normal 0 -1 0
    outer loop
      vertex 108 95.3 9.641666666666666
      vertex 107.97 95.3 32.2
      vertex 96.03 95.3 32.2
    endloop
  endfacet
  facet normal 0 0 1
    outer loop
      vertex 83.97 95.3 32.2
      vertex 96.03 95.3 32.2
      vertex 95.97 95.30696517412935 32.2
    endloop
  endfacet
  facet normal 0 0 1
    outer loop
      vertex 84.03 96.69303482587065 32.2
      vertex 95.97 95.30696517412935 32.2
      vertex 96.03 96.69303482587065 32.2
    endloop
  endfacet
  facet normal 0 0 1
    outer loop
      vertex 84.03 96.69303482587065 32.2
      vertex 96.03 96.69303482587065 32.2
      vertex 96.03 96.7 32.2
    endloop
  endfacet
  facet normal 0 0 1
    outer loop
      vertex 95.97 95.30696517412935 32.2
      vertex 96.03 95.3 32.2
      vertex 96.03 96.69303482587065 32.2
    endloop
  endfacet
  facet normal 0 0 1
    outer loop
      vertex 96.03 95.3 32.2
      vertex 107.97 95.30696517412935 32.2
      vertex 96.03 96.69303482587065 32.2
    endloop
  endfacet
  facet normal 0 0 1
    outer loop
      vertex 96.03 96.7 32.2
      vertex 96.03 96.69303482587065 32.2
      vertex 107.97 96.7 32.2
    endloop
  endfacet
  facet normal 0 0 1
    outer loop
      vertex 96.03 95.3 32.2
      vertex 107.97 95.3 32.2
      vertex 107.97 95.30696517412935 32.2
    endloop
  endfacet
  facet normal 0 0 1
    outer loop
      vertex 96.03 96.69303482587065 32.2
      vertex 107.97 95.30696517412935 32.2
      vertex 107.97 96.7 32.2
    endloop
  endfacet
  facet normal 0 0 1
    outer loop
      vertex 107.97 95.30696517412935 32.2
      vertex 108.03 96.69303482587065 32.2
      vertex 107.97 96.7 32.2
    endloop
  endfacet
  facet normal 1 0 0
    outer loop
      vertex 108.7 47.97 32.2
      vertex 108.7 48 4.7
      vertex 108.7 59.3 32.2
    endloop
  endfacet
  facet normal 0 -1 0
    outer loop
      vertex 108.7 59.3 5.641666666666667
      vertex 119.3 59.3 32.2
      vertex 108.7 59.3 32.2
    endloop
  endfacet
  facet normal 1 0 0
    outer loop
      vertex 120.7 47.97 32.2
      vertex 120.7 48 5.7
      vertex 120.7 60.03 32.2
    endloop
  endfacet
  facet normal -1 0 0
    outer loop
      vertex 119.3 47.97 32.2
      vertex 119.3 59.3 32.2
      vertex 119.3 59.3 5.641666666666667
    endloop
  endfacet
  facet normal 0 1 0
    outer loop
      vertex 120.7 60.03 6.702500000000001
      vertex 120.03 60.03 32.2
      vertex 120.7 60.03 32.2
    endloop
  endfacet
  facet normal 0 1 0
    outer loop
      vertex 120 60.699999999999996 7.7
      vertex 108.7 60.699999999999996 8.641666666666666
      vertex 108.7 60.699999999999996 32.2
    endloop
  endfacet
  facet normal 1 0 0
    outer loop
      vertex 108.7 60.699999999999996 8.641666666666666
      vertex 108.7 71.3 8.641666666666666
      vertex 108.7 71.3 32.2
    endloop
  endfacet
  facet normal 0 -1 0
    outer loop
      vertex 120 71.3 7.7
      vertex 119.97 71.3 32.2
      vertex 108.7 71.3 8.641666666666666
    endloop
  endfacet
  facet normal 0 1 0
    outer loop
      vertex 120 60.699999999999996 7.7
      vertex 108.7 60.699999999999996 32.2
      vertex 120.03 60.699999999999996 32.2
    endloop
  endfacet
  facet normal 1 0 0
    outer loop
      vertex 120.03 60.699999999999996 6.758333333333333
      vertex 120.03 60.699999999999996 32.2
      vertex 120.03 60.03 32.2
    endloop
  endfacet
  facet normal 0 -1 0
    outer loop
      vertex 131.3 59.97 6.6975
      vertex 131.97 59.97 32.2
      vertex 131.3 59.97 32.2
    endloop
  endfacet
  facet normal -1 0 0
    outer loop
      vertex 131.97 59.97 6.6975
      vertex 131.97 59.3 32.2
      vertex 131.97 59.97 32.2
    endloop
  endfacet
  facet normal 0 1 0
    outer loop
      vertex 143.3 48.699999999999996 7.6416666666666675
      vertex 131.97 48.699999999999996 32.2
      vertex 143.3 48.699999999999996 32.2
    endloop
  endfacet
  facet normal 1 0 0
    outer loop
      vertex 144.70000000000002 47.97 32.2
      vertex 144.70000000000002 59.97 0.16019900497513043
      vertex 144.70000000000002 59.97 32.2
    endloop
  endfacet
  facet normal 0 -1 0
    outer loop
      vertex 132 59.3 6.7
      vertex 143.3 59.3 32.2
      vertex 131.97 59.3 32.2
    endloop
  endfacet
  facet normal -1 0 0
    outer loop
      vertex 143.3 59.3 7.6416666666666675
      vertex 143.3 48.699999999999996 32.2
      vertex 143.3 59.3 32.2
    endloop
  endfacet
  facet normal 1 0 0
    outer loop
      vertex 132.70000000000002 60.699999999999996 14.641666666666666
      vertex 132.70000000000002 71.97 16.18009950248757
      vertex 132.70000000000002 60.699999999999996 32.2
    endloop
  endfacet
  facet normal 1 0 0
    outer loop
      vertex 132.70000000000002 72 13.7
      vertex 132.70000000000002 72.03 32.11990049751243
      vertex 132.70000000000002 71.97 16.18009950248757
    endloop
  endfacet
  facet normal 0 -1 0
    outer loop
      vertex 131.3 71.3 7.641666666666667
      vertex 131.3 71.3 32.2
      vertex 119.97 71.3 32.2
    endloop
  endfacet
  facet normal -1 0 0
    outer loop
      vertex 131.3 71.3 7.641666666666667
      vertex 131.3 59.97 32.2
      vertex 131.3 71.3 32.2
    endloop
  endfacet
  facet normal 0 1 0
    outer loop
      vertex 132.70000000000002 60.699999999999996 14.641666666666666
      vertex 132.70000000000002 60.699999999999996 32.2
      vertex 143.3 60.699999999999996 14.641666666666667
    endloop
  endfacet
  facet normal -1 0 0
    outer loop
      vertex 143.3 60.699999999999996 14.641666666666667
      vertex 143.3 60.699999999999996 32.2
      vertex 143.3 72 13.7
    endloop
  endfacet
  facet normal 1 0 0
    outer loop
      vertex 144.70000000000002 71.97 0
      vertex 144.70000000000002 71.97 32.2
      vertex 144.70000000000002 59.97 32.2
    endloop
  endfacet
  facet normal 0 0 1
    outer loop
      vertex 108.03 59.97 32.2
      vertex 108.69961133670341 59.97334805668351 32.2
      vertex 108.69530169752028 60.010472519932485 32.2
    endloop
  endfacet
  facet normal 0 0 1
    outer loop
      vertex 108.03 59.97 32.2
      vertex 108.7 59.3 32.2
      vertex 119.3 59.38474295190713 32.2
    endloop
  endfacet
  facet normal 0 0 1
    outer loop
      vertex 108.03 59.97 32.2
      vertex 119.3 59.38474295190713 32.2
      vertex 108.69961133670341 59.97334805668351 32.2
    endloop
  endfacet
  facet normal 0 0 1
    outer loop
      vertex 108.69530169752028 60.010472519932485 32.2
      vertex 120.03 60.03 32.2
      vertex 108.69754192171034 60.01060880023738 32.2
    endloop
  endfacet
  facet normal 0 0 1
    outer loop
      vertex 108.69961133670341 59.97334805668351 32.2
      vertex 120.03 60.03 32.2
      vertex 108.69530169752028 60.010472519932485 32.2
    endloop
  endfacet
  facet normal 0 0 1
    outer loop
      vertex 108.7 59.3 32.2
      vertex 119.3 59.3 32.2
      vertex 119.3 59.38474295190713 32.2
    endloop
  endfacet
  facet normal 0 0 1
    outer loop
      vertex 108.69961133670341 59.97334805668351 32.2
      vertex 119.3 59.38474295190713 32.2
      vertex 120.03 60.03 32.2
    endloop
  endfacet
  facet normal 0 0 1
    outer loop
      vertex 119.3 47.97 32.2
      vertex 120.7 47.97 32.2
      vertex 119.3 59.3 32.2
    endloop
  endfacet
  facet normal 0 0 1
    outer loop
      vertex 120.7 47.97 32.2
      vertex 119.37592867756315 59.375928677563145 32.2
      vertex 119.3 59.3 32.2
    endloop
  endfacet
  facet normal 0 0 1
    outer loop
      vertex 120.7 47.97 32.2
      vertex 120.7 60.03 32.2
      vertex 119.37592867756315 59.375928677563145 32.2
    endloop
  endfacet
  facet normal 0 0 1
    outer loop
      vertex 119.3 59.3 32.2
      vertex 119.37592867756315 59.375928677563145 32.2
      vertex 119.3 59.38474295190713 32.2
    endloop
  endfacet
  facet normal 0 0 1
    outer loop
      vertex 119.37592867756315 59.375928677563145 32.2
      vertex 120.03 60.03 32.2
      vertex 119.3 59.38474295190713 32.2
    endloop
  endfacet
  facet normal 0 0 1
    outer loop
      vertex 119.37592867756315 59.375928677563145 32.2
      vertex 120.7 60.03 32.2
      vertex 120.03 60.03 32.2
    endloop
  endfacet
  facet normal 1 0 0
    outer loop
      vertex 108.7 60.699999999999996 8.641666666666666
      vertex 108.7 71.3 32.2
      vertex 108.7 60.699999999999996 32.2
    endloop
  endfacet
  facet normal 0 -1 0
    outer loop
      vertex 108.7 71.3 8.641666666666666
      vertex 119.97 71.3 32.2
      vertex 108.7 71.3 32.2
    endloop
  endfacet
  facet normal 0 0 1
    outer loop
      vertex 108.69754192171034 60.01060880023738 32.2
      vertex 108.7 60.699999999999996 32.2
      vertex 108.65581260364843 60.699999999999996 32.2
    endloop
  endfacet
  facet normal 0 0 1
    outer loop
      vertex 108.69754192171034 60.01060880023738 32.2
      vertex 120.03 60.699999999999996 32.2
      vertex 108.7 60.699999999999996 32.2
    endloop
  endfacet
  facet normal 0 0 1
    outer loop
      vertex 108.65581260364843 60.699999999999996 32.2
      vertex 108.7 60.699999999999996 32.2
      vertex 108.7 71.3 32.2
    endloop
  endfacet
  facet normal 0 0 1
    outer loop
      vertex 108.69754192171034 60.01060880023738 32.2
      vertex 120.03 60.03 32.2
      vertex 120.03 60.699999999999996 32.2
    endloop
  endfacet
  facet normal 0 0 1
    outer loop
      vertex 108.03 71.97 32.2
      vertex 108.7 71.3 32.2
      vertex 108.69812773907023 71.98612819058081 32.2
    endloop
  endfacet
  facet normal 0 0 1
    outer loop
      vertex 108.03 71.97 32.2
      vertex 108.69812773907023 71.98612819058081 32.2
      vertex 108.62407132243685 72.62407132243685 32.2
    endloop
  endfacet
  facet normal 0 0 1
    outer loop
      vertex 108.7 71.3 32.2
      vertex 119.97 71.30696517412935 32.2
      vertex 108.69812773907023 71.98612819058081 32.2
    endloop
  endfacet
  facet normal 0 0 1
    outer loop
      vertex 108.69812773907023 71.98612819058081 32.2
      vertex 119.97 71.30696517412935 32.2
      vertex 108.62407132243685 72.62407132243685 32.2
    endloop
  endfacet
  facet normal 0 0 1
    outer loop
      vertex 119.97 71.30696517412935 32.2
      vertex 108.7 72.7 32.2
      vertex 108.62407132243685 72.62407132243685 32.2
    endloop
  endfacet
  facet normal 0 0 1
    outer loop
      vertex 108.7 71.3 32.2
      vertex 119.97 71.3 32.2
      vertex 119.97 71.30696517412935 32.2
    endloop
  endfacet
  facet normal 0 0 1
    outer loop
      vertex 119.97 71.30696517412935 32.2
      vertex 119.97 72.7 32.2
      vertex 108.7 72.7 32.2
    endloop
  endfacet
  facet normal 0 0 1
    outer loop
      vertex 119.97 71.30696517412935 32.2
      vertex 120.03 72.69303482587065 32.2
      vertex 119.97 72.7 32.2
    endloop
  endfacet
  facet normal 0 0 1
    outer loop
      vertex 119.97 71.3 32.2
      vertex 131.3 71.3 32.2
      vertex 119.97 71.30696517412935 32.2
    endloop
  endfacet
  facet normal 0 0 1
    outer loop
      vertex 119.97 71.30696517412935 32.2
      vertex 131.3 71.38474295190713 32.2
      vertex 120.03 72.69303482587065 32.2
    endloop
  endfacet
  facet normal 0 0 1
    outer loop
      vertex 131.97 59.3 32.2
      vertex 132.61910798798337 60.62464749724903 32.2
      vertex 131.97 59.97 32.2
    endloop
  endfacet
  facet normal 0 0 1
    outer loop
      vertex 143.3 47.38474295190713 32.2
      vertex 143.3 48.07055555555556 32.2
      vertex 131.97 48.699999999999996 32.2
    endloop
  endfacet
  facet normal 0 0 1
    outer loop
      vertex 131.97 48.699999999999996 32.2
      vertex 143.3 48.07055555555556 32.2
      vertex 143.3 48.699999999999996 32.2
    endloop
  endfacet
  facet normal 0 0 1
    outer loop
      vertex 143.9621200750469 47.97 32.2
      vertex 143.3 48.699999999999996 32.2
      vertex 143.3 48.07055555555556 32.2
    endloop
  endfacet
  facet normal 0 0 1
    outer loop
      vertex 143.9621200750469 47.97 32.2
      vertex 143.97 47.97 32.2
      vertex 143.3 48.699999999999996 32.2
    endloop
  endfacet
  facet normal 0 0 1
    outer loop
      vertex 144.70000000000002 47.97 32.2
      vertex 144.69341258048541 48.02674591381872 32.2
      vertex 144.69301256512415 48.026548312245524 32.2
    endloop
  endfacet
  facet normal 0 0 1
    outer loop
      vertex 143.97 47.97 32.2
      vertex 143.3 59.3 32.2
      vertex 143.3 48.699999999999996 32.2
    endloop
  endfacet
  facet normal 0 0 1
    outer loop
      vertex 143.97 47.97 32.2
      vertex 144.69301256512415 48.026548312245524 32.2
      vertex 143.3 59.3 32.2
    endloop
  endfacet
  facet normal 0 0 1
    outer loop
      vertex 144.69301256512415 48.026548312245524 32.2
      vertex 144.69341258048541 48.02674591381872 32.2
      vertex 143.3 59.3 32.2
    endloop
  endfacet
  facet normal 0 0 1
    outer loop
      vertex 144.70000000000002 47.97 32.2
      vertex 144.70000000000002 59.97 32.2
      vertex 144.69341258048541 48.02674591381872 32.2
    endloop
  endfacet
  facet normal 0 0 1
    outer loop
      vertex 131.97 59.3 32.2
      vertex 143.3 59.38474295190713 32.2
      vertex 132.61910798798337 60.62464749724903 32.2
    endloop
  endfacet
  facet normal 0 0 1
    outer loop
      vertex 131.97 59.3 32.2
      vertex 143.3 59.3 32.2
      vertex 143.3 59.38474295190713 32.2
    endloop
  endfacet
  facet normal 0 0 1
    outer loop
      vertex 143.3 59.38474295190713 32.2
      vertex 143.3 60.07055555555556 32.2
      vertex 132.61910798798337 60.62464749724903 32.2
    endloop
  endfacet
  facet normal 0 0 1
    outer loop
      vertex 144.69341258048541 48.02674591381872 32.2
      vertex 143.37592867756317 59.375928677563145 32.2
      vertex 143.3 59.3 32.2
    endloop
  endfacet
  facet normal 0 0 1
    outer loop
      vertex 144.69341258048541 48.02674591381872 32.2
      vertex 144.70000000000002 59.97 32.2
      vertex 143.37592867756317 59.375928677563145 32.2
    endloop
  endfacet
  facet normal 0 0 1
    outer loop
      vertex 143.3 59.3 32.2
      vertex 143.37592867756317 59.375928677563145 32.2
      vertex 143.3 59.38474295190713 32.2
    endloop
  endfacet
  facet normal 0 0 1
    outer loop
      vertex 143.37592867756317 59.375928677563145 32.2
      vertex 143.9621200750469 59.97 32.2
      vertex 143.3 59.38474295190713 32.2
    endloop
  endfacet
  facet normal 0 0 1
    outer loop
      vertex 143.3 59.38474295190713 32.2
      vertex 143.9621200750469 59.97 32.2
      vertex 143.3 60.07055555555556 32.2
    endloop
  endfacet
  facet normal 0 0 1
    outer loop
      vertex 143.37592867756317 59.375928677563145 32.2
      vertex 143.97 59.97 32.2
      vertex 143.9621200750469 59.97 32.2
    endloop
  endfacet
  facet normal 0 0 1
    outer loop
      vertex 143.37592867756317 59.375928677563145 32.2
      vertex 144.69303482587065 60.03 32.2
      vertex 143.97 59.97 32.2
    endloop
  endfacet
  facet normal 0 0 1
    outer loop
      vertex 143.37592867756317 59.375928677563145 32.2
      vertex 144.70000000000002 59.97 32.2
      vertex 144.69303482587065 60.03 32.2
    endloop
  endfacet
  facet normal 1 0 0
    outer loop
      vertex 132.70000000000002 71.97 16.18009950248757
      vertex 132.70000000000002 72.03 32.11990049751243
      vertex 132.70000000000002 60.699999999999996 32.2
    endloop
  endfacet
  facet normal 0 1 0
    outer loop
      vertex 143.3 60.699999999999996 14.641666666666667
      vertex 132.70000000000002 60.699999999999996 32.2
      vertex 143.3 60.699999999999996 32.2
    endloop
  endfacet
  facet normal -1 0 0
    outer loop
      vertex 143.3 72 13.7
      vertex 143.3 60.699999999999996 32.2
      vertex 143.3 72.03 32.2
    endloop
  endfacet
  facet normal 0 0 1
    outer loop
      vertex 131.97 59.97 32.2
      vertex 132.61910798798337 60.62464749724903 32.2
      vertex 132.6097969991174 60.699999999999996 32.2
    endloop
  endfacet
  facet normal 0 0 1
    outer loop
      vertex 132.61910798798337 60.62464749724903 32.2
      vertex 132.6152570480929 60.699999999999996 32.2
      vertex 132.6097969991174 60.699999999999996 32.2
    endloop
  endfacet
  facet normal 0 0 1
    outer loop
      vertex 131.3 59.97 32.2
      vertex 131.97 59.97 32.2
      vertex 131.3 71.3 32.2
    endloop
  endfacet
  facet normal 0 0 1
    outer loop
      vertex 131.97 59.97 32.2
      vertex 132.6097969991174 60.699999999999996 32.2
      vertex 131.3 71.3 32.2
    endloop
  endfacet
  facet normal 0 0 1
    outer loop
      vertex 132.6097969991174 60.699999999999996 32.2
      vertex 132.6152570480929 60.699999999999996 32.2
      vertex 131.3 71.3 32.2
    endloop
  endfacet
  facet normal 0 0 1
    outer loop
      vertex 132.6152570480929 60.699999999999996 32.2
      vertex 132.70000000000002 60.699999999999996 32.2
      vertex 131.37592867756317 71.37592867756315 32.2
    endloop
  endfacet
  facet normal 0 0 1
    outer loop
      vertex 119.97 71.30696517412935 32.2
      vertex 131.3 71.3 32.2
      vertex 131.3 71.38474295190713 32.2
    endloop
  endfacet
  facet normal 0 0 1
    outer loop
      vertex 131.3 71.38474295190713 32.2
      vertex 131.3 72.0703346185738 32.2
      vertex 120.03 72.69303482587065 32.2
    endloop
  endfacet
  facet normal 0 0 1
    outer loop
      vertex 132.6152570480929 60.699999999999996 32.2
      vertex 131.37592867756317 71.37592867756315 32.2
      vertex 131.3 71.3 32.2
    endloop
  endfacet
  facet normal 0 0 1
    outer loop
      vertex 132.70000000000002 60.699999999999996 32.2
      vertex 132.70000000000002 71.97 32.2
      vertex 131.37592867756317 71.37592867756315 32.2
    endloop
  endfacet
  facet normal 1 0 0
    outer loop
      vertex 132.70000000000002 60.699999999999996 32.2
      vertex 132.70000000000002 72.03 32.11990049751243
      vertex 132.70000000000002 71.97 32.2
    endloop
  endfacet
  facet normal 0 0 1
    outer loop
      vertex 131.3 71.3 32.2
      vertex 131.37592867756317 71.37592867756315 32.2
      vertex 131.3 71.38474295190713 32.2
    endloop
  endfacet
  facet normal 0 0 1
    outer loop
      vertex 131.3 71.38474295190713 32.2
      vertex 131.37592867756317 71.37592867756315 32.2
      vertex 131.9621200750469 71.97 32.2
    endloop
  endfacet
  facet normal 0 0 1
    outer loop
      vertex 131.3 71.38474295190713 32.2
      vertex 131.9621200750469 71.97 32.2
      vertex 131.3 72.0703346185738 32.2
    endloop
  endfacet
  facet normal 0 0 1
    outer loop
      vertex 131.3 72.0703346185738 32.2
      vertex 131.9621200750469 71.97 32.2
      vertex 131.3 72.69957628524047 32.2
    endloop
  endfacet
  facet normal 0 0 1
    outer loop
      vertex 131.37592867756317 71.37592867756315 32.2
      vertex 131.97 71.97 32.2
      vertex 131.9621200750469 71.97 32.2
    endloop
  endfacet
  facet normal 0 0 1
    outer loop
      vertex 131.37592867756317 71.37592867756315 32.2
      vertex 132.69301256512415 72.02654831224552 32.2
      vertex 131.97 71.97 32.2
    endloop
  endfacet
  facet normal 0 0 1
    outer loop
      vertex 131.9621200750469 71.97 32.2
      vertex 131.97 71.97 32.2
      vertex 131.3 72.69957628524047 32.2
    endloop
  endfacet
  facet normal 0 0 1
    outer loop
      vertex 131.37592867756317 71.37592867756315 32.2
      vertex 132.70000000000002 71.97 32.2
      vertex 132.69301256512415 72.02654831224552 32.2
    endloop
  endfacet
  facet normal 0 0 1
    outer loop
      vertex 132.69301256512415 72.02654831224552 32.2
      vertex 132.70000000000002 71.97 32.2
      vertex 132.69341258048541 72.02674591381873 32.2
    endloop
  endfacet
  facet normal 0 0 1
    outer loop
      vertex 143.3 60.07055555555556 32.2
      vertex 132.6152570480929 60.699999999999996 32.2
      vertex 132.61910798798337 60.62464749724903 32.2
    endloop
  endfacet
  facet normal 0 0 1
    outer loop
      vertex 143.3 60.07055555555556 32.2
      vertex 132.70000000000002 60.699999999999996 32.2
      vertex 132.6152570480929 60.699999999999996 32.2
    endloop
  endfacet
  facet normal 0 0 1
    outer loop
      vertex 143.3 60.07055555555556 32.2
      vertex 143.3 60.699999999999996 32.2
      vertex 132.70000000000002 60.699999999999996 32.2
    endloop
  endfacet
  facet normal 0 0 1
    outer loop
      vertex 143.3 60.07055555555556 32.2
      vertex 143.9621200750469 59.97 32.2
      vertex 143.3 60.699999999999996 32.2
    endloop
  endfacet
  facet normal 0 0 1
    outer loop
      vertex 143.9621200750469 59.97 32.2
      vertex 143.97 59.97 32.2
      vertex 143.3 60.699999999999996 32.2
    endloop
  endfacet
  facet normal 0 0 1
    outer loop
      vertex 143.97 59.97 32.2
      vertex 143.3 72.03 32.2
      vertex 143.3 60.699999999999996 32.2
    endloop
  endfacet
  facet normal 0 0 1
    outer loop
      vertex 143.97 59.97 32.2
      vertex 144.69303482587065 60.03 32.2
      vertex 143.30696517412937 71.97 32.2
    endloop
  endfacet
  facet normal 0 0 1
    outer loop
      vertex 144.70000000000002 59.97 32.2
      vertex 144.70000000000002 71.97 32.2
      vertex 144.69303482587065 60.03 32.2
    endloop
  endfacet
  facet normal 0 0 1
    outer loop
      vertex 143.97 59.97 32.2
      vertex 143.30696517412937 71.97 32.2
      vertex 143.3 72.03 32.2
    endloop
  endfacet
  facet normal 0 0 1
    outer loop
      vertex 144.69303482587065 60.03 32.2
      vertex 144.70000000000002 71.97 32.2
      vertex 143.30696517412937 71.97 32.2
    endloop
  endfacet
  facet normal 0 0 1
    outer loop
      vertex 143.3 72.03 32.2
      vertex 143.30696517412937 71.97 32.2
      vertex 144.70000000000002 71.97 32.2
    endloop
  endfacet
  facet normal 0 1 0
    outer loop
      vertex 108.7 72.7 11.641666666666666
      vertex 108.7 72.7 32.2
      vertex 120 72.7 11.641666666666666
    endloop
  endfacet
  facet normal 1 0 0
    outer loop
      vertex 108.7 84.03 9.758333333333333
      vertex 108.7 84.03 32.2
      vertex 108.7 84 10.7
    endloop
  endfacet
  facet normal 1 0 0
    outer loop
      vertex 108.7 72.7 11.641666666666666
      vertex 108.7 84 10.7
      vertex 108.7 84.03 32.2
    endloop
  endfacet
  facet normal 0 1 0
    outer loop
      vertex 120 72.7 11.641666666666666
      vertex 119.97 72.7 32.2
      vertex 120 72.7 11.7
    endloop
  endfacet
  facet normal 0 1 0
    outer loop
      vertex 120 72.7 11.7
      vertex 119.97 72.7 32.2
      vertex 131.3 72.7 12.641666666666667
    endloop
  endfacet
  facet normal -1 0 0
    outer loop
      vertex 119.97 83.3 10.758333333333333
      vertex 119.97 83.3 32.2
      vertex 119.97 84 10.7
    endloop
  endfacet
  facet normal -1 0 0
    outer loop
      vertex 119.97 84 10.7
      vertex 119.97 84.7 32.2
      vertex 119.97 84.7 10.6975
    endloop
  endfacet
  facet normal 0 -1 0
    outer loop
      vertex 119.97 83.3 10.758333333333333
      vertex 120 83.3 11.7
      vertex 119.97 83.3 32.2
    endloop
  endfacet
  facet normal 0 -1 0
    outer loop
      vertex 108 95.3 9.7
      vertex 120 95.3 10.7
      vertex 120.03 95.3 32.2
    endloop
  endfacet
  facet normal 0 1 0
    outer loop
      vertex 119.97 84.7 10.6975
      vertex 119.97 84.7 32.2
      vertex 120 84.7 10.7
    endloop
  endfacet
  facet normal 0 1 0
    outer loop
      vertex 120 84.7 10.7
      vertex 119.97 84.7 32.2
      vertex 132 84.7 11.7
    endloop
  endfacet
  facet normal 0 1 0
    outer loop
      vertex 120.03 96.7 0
      vertex 107.97 96.7 32.2
      vertex 120.03 96.7 32.2
    endloop
  endfacet
  facet normal -1 0 0
    outer loop
      vertex 131.3 72.7 12.641666666666667
      vertex 131.3 72.7 32.2
      vertex 131.3 83.3 12.641666666666667
    endloop
  endfacet
  facet normal 0 -1 0
    outer loop
      vertex 120 83.3 11.7
      vertex 131.3 83.3 12.641666666666667
      vertex 131.3 83.3 32.2
    endloop
  endfacet
  facet normal 1 0 0
    outer loop
      vertex 132.70000000000002 72 13.7
      vertex 132.70000000000002 84 12.7
      vertex 132.70000000000002 84.03 32.2
    endloop
  endfacet
  facet normal 1 0 0
    outer loop
      vertex 132.03 84.03 11.702499999999999
      vertex 132.03 84.7 11.702499999999999
      vertex 132.03 84.7 32.2
    endloop
  endfacet
  facet normal 0 1 0
    outer loop
      vertex 132.03 84.03 11.702499999999999
      vertex 132.03 84.03 32.2
      vertex 132.70000000000002 84.03 11.758333333333335
    endloop
  endfacet
  facet normal 1 0 0
    outer loop
      vertex 132.70000000000002 84.03 11.758333333333335
      vertex 132.70000000000002 84.03 32.2
      vertex 132.70000000000002 84 12.7
    endloop
  endfacet
  facet normal -1 0 0
    outer loop
      vertex 143.3 72 13.7
      vertex 143.3 72.03 32.2
      vertex 143.3 84 12.7
    endloop
  endfacet
  facet normal 1 0 0
    outer loop
      vertex 144.70000000000002 84.03 0
      vertex 144.70000000000002 84.03 32.2
      vertex 144.70000000000002 71.97 32.2
    endloop
  endfacet
  facet normal 0 1 0
    outer loop
      vertex 132 84.7 11.7
      vertex 132.03 84.7 32.2
      vertex 132.03 84.7 11.702499999999999
    endloop
  endfacet
  facet normal 0 -1 0
    outer loop
      vertex 120 95.3 10.7
      vertex 132 95.3 11.7
      vertex 131.97 95.3 32.2
    endloop
  endfacet
  facet normal -1 0 0
    outer loop
      vertex 143.3 84 12.7
      vertex 143.3 84.03 32.2
      vertex 143.3 95.3 12.641666666666667
    endloop
  endfacet
  facet normal 0 -1 0
    outer loop
      vertex 132 95.3 11.7
      vertex 143.3 95.3 12.641666666666667
      vertex 143.3 95.3 32.2
    endloop
  endfacet
  facet normal 0 1 0
    outer loop
      vertex 131.97 96.7 0
      vertex 120.03 96.7 32.2
      vertex 131.97 96.7 32.2
    endloop
  endfacet
  facet normal 0 1 0
    outer loop
      vertex 144.03 96.7 0
      vertex 131.97 96.7 32.2
      vertex 144.03 96.7 32.2
    endloop
  endfacet
  facet normal 1 0 0
    outer loop
      vertex 144.70000000000002 96.03 0
      vertex 144.70000000000002 96.03 32.2
      vertex 144.70000000000002 84.03 32.2
    endloop
  endfacet
  facet normal 1 0 0
    outer loop
      vertex 144.03 96.7 0
      vertex 144.03 96.7 32.2
      vertex 144.03 96.03 32.2
    endloop
  endfacet
  facet normal 0 1 0
    outer loop
      vertex 144.70000000000002 96.03 0
      vertex 144.03 96.03 32.2
      vertex 144.70000000000002 96.03 32.2
    endloop
  endfacet
  facet normal 1 0 0
    outer loop
      vertex 108.7 72.7 11.641666666666666
      vertex 108.7 84.03 32.2
      vertex 108.7 72.7 32.2
    endloop
  endfacet
  facet normal 0 1 0
    outer loop
      vertex 120 72.7 11.641666666666666
      vertex 108.7 72.7 32.2
      vertex 119.97 72.7 32.2
    endloop
  endfacet
  facet normal -1 0 0
    outer loop
      vertex 119.97 84 10.7
      vertex 119.97 83.3 32.2
      vertex 119.97 84.7 32.2
    endloop
  endfacet
  facet normal 0 -1 0
    outer loop
      vertex 120 83.3 11.7
      vertex 131.3 83.3 32.2
      vertex 119.97 83.3 32.2
    endloop
  endfacet
  facet normal 0 0 1
    outer loop
      vertex 119.97 72.7 32.2
      vertex 120.03 72.69303482587065 32.2
      vertex 131.3 72.7 32.2
    endloop
  endfacet
  facet normal 0 0 1
    outer loop
      vertex 119.97 83.3 32.2
      vertex 131.3 83.38474295190713 32.2
      vertex 119.97 84.7 32.2
    endloop
  endfacet
  facet normal 0 -1 0
    outer loop
      vertex 108 95.3 9.7
      vertex 120.03 95.3 32.2
      vertex 107.97 95.3 32.2
    endloop
  endfacet
  facet normal 0 -1 0
    outer loop
      vertex 120 95.3 10.7
      vertex 131.97 95.3 32.2
      vertex 120.03 95.3 32.2
    endloop
  endfacet
  facet normal 0 0 1
    outer loop
      vertex 107.97 95.3 32.2
      vertex 119.97 95.30696517412935 32.2
      vertex 107.97 95.30696517412935 32.2
    endloop
  endfacet
  facet normal 0 0 1
    outer loop
      vertex 107.97 95.30696517412935 32.2
      vertex 119.97 95.30696517412935 32.2
      vertex 108.03 96.69303482587065 32.2
    endloop
  endfacet
  facet normal 0 0 1
    outer loop
      vertex 108.03 96.69303482587065 32.2
      vertex 120.03 96.7 32.2
      vertex 107.97 96.7 32.2
    endloop
  endfacet
  facet normal 0 0 1
    outer loop
      vertex 107.97 95.3 32.2
      vertex 120.03 95.3 32.2
      vertex 119.97 95.30696517412935 32.2
    endloop
  endfacet
  facet normal 0 0 1
    outer loop
      vertex 108.03 96.69303482587065 32.2
      vertex 119.97 95.30696517412935 32.2
      vertex 120.03 96.69303482587065 32.2
    endloop
  endfacet
  facet normal 0 0 1
    outer loop
      vertex 108.03 96.69303482587065 32.2
      vertex 120.03 96.69303482587065 32.2
      vertex 120.03 96.7 32.2
    endloop
  endfacet
  facet normal 0 0 1
    outer loop
      vertex 119.97 95.30696517412935 32.2
      vertex 120.03 95.3 32.2
      vertex 120.03 96.69303482587065 32.2
    endloop
  endfacet
  facet normal 0 0 1
    outer loop
      vertex 120.03 95.3 32.2
      vertex 131.97 95.30696517412935 32.2
      vertex 120.03 96.69303482587065 32.2
    endloop
  endfacet
  facet normal 0 0 1
    outer loop
      vertex 120.03 96.7 32.2
      vertex 120.03 96.69303482587065 32.2
      vertex 131.97 96.7 32.2
    endloop
  endfacet
  facet normal 0 1 0
    outer loop
      vertex 131.3 72.7 12.641666666666667
      vertex 119.97 72.7 32.2
      vertex 131.3 72.7 32.2
    endloop
  endfacet
  facet normal 1 0 0
    outer loop
      vertex 132.70000000000002 72 13.7
      vertex 132.70000000000002 84.03 32.2
      vertex 132.70000000000002 72.03 32.11990049751243
    endloop
  endfacet
  facet normal -1 0 0
    outer loop
      vertex 131.3 83.3 12.641666666666667
      vertex 131.3 72.7 32.2
      vertex 131.3 83.3 32.2
    endloop
  endfacet
  facet normal 1 0 0
    outer loop
      vertex 132.03 84.03 11.702499999999999
      vertex 132.03 84.7 32.2
      vertex 132.03 84.03 32.2
    endloop
  endfacet
  facet normal 0 1 0
    outer loop
      vertex 132.70000000000002 84.03 11.758333333333335
      vertex 132.03 84.03 32.2
      vertex 132.70000000000002 84.03 32.2
    endloop
  endfacet
  facet normal -1 0 0
    outer loop
      vertex 143.3 84 12.7
      vertex 143.3 72.03 32.2
      vertex 143.3 84.03 32.2
    endloop
  endfacet
  facet normal 0 0 1
    outer loop
      vertex 131.3 72.0703346185738 32.2
      vertex 131.3 72.69957628524047 32.2
      vertex 120.03 72.69303482587065 32.2
    endloop
  endfacet
  facet normal 0 0 1
    outer loop
      vertex 120.03 72.69303482587065 32.2
      vertex 131.3 72.69957628524047 32.2
      vertex 131.3 72.7 32.2
    endloop
  endfacet
  facet normal 0 0 1
    outer loop
      vertex 131.97 71.97 32.2
      vertex 131.3 72.7 32.2
      vertex 131.3 72.69957628524047 32.2
    endloop
  endfacet
  facet normal 0 0 1
    outer loop
      vertex 131.97 71.97 32.2
      vertex 131.3 83.3 32.2
      vertex 131.3 72.7 32.2
    endloop
  endfacet
  facet normal 0 0 1
    outer loop
      vertex 131.97 71.97 32.2
      vertex 132.69301256512415 72.02654831224552 32.2
      vertex 131.3 83.3 32.2
    endloop
  endfacet
  facet normal 0 0 1
    outer loop
      vertex 132.69301256512415 72.02654831224552 32.2
      vertex 132.69341258048541 72.02674591381873 32.2
      vertex 131.3 83.3 32.2
    endloop
  endfacet
  facet normal 1 0 0
    outer loop
      vertex 132.70000000000002 72.03 32.11990049751243
      vertex 132.70000000000002 84.03 32.2
      vertex 132.70000000000002 71.97 32.2
    endloop
  endfacet
  facet normal 0 0 1
    outer loop
      vertex 132.69341258048541 72.02674591381873 32.2
      vertex 132.70000000000002 71.97 32.2
      vertex 132.70000000000002 84.03 32.2
    endloop
  endfacet
  facet normal 0 0 1
    outer loop
      vertex 119.97 83.3 32.2
      vertex 131.3 83.3 32.2
      vertex 131.3 83.38474295190713 32.2
    endloop
  endfacet
  facet normal 0 0 1
    outer loop
      vertex 119.97 84.7 32.2
      vertex 131.3 83.38474295190713 32.2
      vertex 132.03 84.03 32.2
    endloop
  endfacet
  facet normal 0 0 1
    outer loop
      vertex 119.97 84.7 32.2
      vertex 132.03 84.03 32.2
      vertex 132.03 84.7 32.2
    endloop
  endfacet
  facet normal 0 0 1
    outer loop
      vertex 132.69341258048541 72.02674591381873 32.2
      vertex 131.37592867756317 83.37592867756315 32.2
      vertex 131.3 83.3 32.2
    endloop
  endfacet
  facet normal 0 0 1
    outer loop
      vertex 132.69341258048541 72.02674591381873 32.2
      vertex 132.70000000000002 84.03 32.2
      vertex 131.37592867756317 83.37592867756315 32.2
    endloop
  endfacet
  facet normal 0 0 1
    outer loop
      vertex 131.3 83.3 32.2
      vertex 131.37592867756317 83.37592867756315 32.2
      vertex 131.3 83.38474295190713 32.2
    endloop
  endfacet
  facet normal 0 0 1
    outer loop
      vertex 131.37592867756317 83.37592867756315 32.2
      vertex 132.03 84.03 32.2
      vertex 131.3 83.38474295190713 32.2
    endloop
  endfacet
  facet normal 0 0 1
    outer loop
      vertex 131.37592867756317 83.37592867756315 32.2
      vertex 132.70000000000002 84.03 32.2
      vertex 132.03 84.03 32.2
    endloop
  endfacet
  facet normal 0 0 1
    outer loop
      vertex 143.3 72.03 32.2
      vertex 144.70000000000002 71.97 32.2
      vertex 143.3 84.03 32.2
    endloop
  endfacet
  facet normal 0 0 1
    outer loop
      vertex 144.70000000000002 71.97 32.2
      vertex 144.70000000000002 84.03 32.2
      vertex 143.3 84.03 32.2
    endloop
  endfacet
  facet normal 0 1 0
    outer loop
      vertex 132 84.7 11.7
      vertex 119.97 84.7 32.2
      vertex 132.03 84.7 32.2
    endloop
  endfacet
  facet normal 0 -1 0
    outer loop
      vertex 132 95.3 11.7
      vertex 143.3 95.3 32.2
      vertex 131.97 95.3 32.2
    endloop
  endfacet
  facet normal -1 0 0
    outer loop
      vertex 143.3 95.3 12.641666666666667
      vertex 143.3 84.03 32.2
      vertex 143.3 95.3 32.2
    endloop
  endfacet
  facet normal 0 0 1
    outer loop
      vertex 120.03 95.3 32.2
      vertex 131.97 95.3 32.2
      vertex 131.97 95.30696517412935 32.2
    endloop
  endfacet
  facet normal 0 0 1
    outer loop
      vertex 120.03 96.69303482587065 32.2
      vertex 131.97 95.30696517412935 32.2
      vertex 131.97 96.7 32.2
    endloop
  endfacet
  facet normal 0 0 1
    outer loop
      vertex 131.97 95.30696517412935 32.2
      vertex 132.03 96.69303482587065 32.2
      vertex 131.97 96.7 32.2
    endloop
  endfacet
  facet normal 0 0 1
    outer loop
      vertex 143.3 84.03 32.2
      vertex 144.70000000000002 84.03 32.2
      vertex 143.37592867756317 95.37592867756315 32.2
    endloop
  endfacet
  facet normal 0 0 1
    outer loop
      vertex 131.97 95.3 32.2
      vertex 143.3 95.3 32.2
      vertex 131.97 95.30696517412935 32.2
    endloop
  endfacet
  facet normal 0 0 1
    outer loop
      vertex 131.97 95.30696517412935 32.2
      vertex 143.3 95.38474295190713 32.2
      vertex 132.03 96.69303482587065 32.2
    endloop
  endfacet
  facet normal 0 0 1
    outer loop
      vertex 131.97 96.7 32.2
      vertex 132.03 96.69303482587065 32.2
      vertex 144.03 96.7 32.2
    endloop
  endfacet
  facet normal 0 0 1
    outer loop
      vertex 131.97 95.30696517412935 32.2
      vertex 143.3 95.3 32.2
      vertex 143.3 95.38474295190713 32.2
    endloop
  endfacet
  facet normal 0 0 1
    outer loop
      vertex 132.03 96.69303482587065 32.2
      vertex 143.3 95.38474295190713 32.2
      vertex 144.03 96.03 32.2
    endloop
  endfacet
  facet normal 0 0 1
    outer loop
      vertex 132.03 96.69303482587065 32.2
      vertex 144.03 96.03 32.2
      vertex 144.03 96.7 32.2
    endloop
  endfacet
  facet normal 0 0 1
    outer loop
      vertex 143.3 84.03 32.2
      vertex 143.37592867756317 95.37592867756315 32.2
      vertex 143.3 95.3 32.2
    endloop
  endfacet
  facet normal 0 0 1
    outer loop
      vertex 144.70000000000002 84.03 32.2
      vertex 144.70000000000002 96.03 32.2
      vertex 143.37592867756317 95.37592867756315 32.2
    endloop
  endfacet
  facet normal 0 0 1
    outer loop
      vertex 143.3 95.3 32.2
      vertex 143.37592867756317 95.37592867756315 32.2
      vertex 143.3 95.38474295190713 32.2
    endloop
  endfacet
  facet normal 0 0 1
    outer loop
      vertex 143.37592867756317 95.37592867756315 32.2
      vertex 144.03 96.03 32.2
      vertex 143.3 95.38474295190713 32.2
    endloop
  endfacet
  facet normal 0 0 1
    outer loop
      vertex 143.37592867756317 95.37592867756315 32.2
      vertex 144.70000000000002 96.03 32.2
      vertex 144.03 96.03 32.2
    endloop
  endfacet
  facet normal 0.7343225094356746 0.6788007455329536 4.6948732515003456e-18
    outer loop
      vertex 99.34834957055045 27.348349570550447 0
      vertex 99.14847762899988 27.56456981876181 0
      vertex 99.14847762899988 27.56456981876181 2.2
    endloop
  endfacet
  facet normal 0.7853169308807422 0.6190939493098376 2.167878174116968e-18
    outer loop
      vertex 99.14847762899988 27.56456981876181 0
      vertex 98.96618627109395 27.795805303903226 0
      vertex 98.96618627109395 27.795805303903226 2.2
    endloop
  endfacet
  facet normal 0.831469612302557 0.5555702330195845 -5.1636572407598074e-18
    outer loop
      vertex 98.96618627109395 27.795805303903226 0
      vertex 98.80259938367216 28.040630382315193 0
      vertex 98.80259938367216 28.040630382315193 2.2
    endloop
  endfacet
  facet normal 0.8724960070727922 0.48862124149696395 1.631616570461399e-18
    outer loop
      vertex 98.80259938367216 28.040630382315193 0
      vertex 98.65872553429362 28.2975356259767 0
      vertex 98.65872553429362 28.2975356259767 2.2
    endloop
  endfacet
  facet normal 0.9081431738250691 0.4186597375374543 1.6478048715515679e-18
    outer loop
      vertex 98.65872553429362 28.2975356259767 0
      vertex 98.53545175308267 28.564937128630913 0
      vertex 98.53545175308267 28.564937128630913 2.2
    endloop
  endfacet
  facet normal 0.9381913359224985 0.34611705707745416 -2.512752801609876e-18
    outer loop
      vertex 98.53545175308267 28.564937128630913 0
      vertex 98.43353806389318 28.841186271093946 0
      vertex 98.43353806389318 28.841186271093946 2.2
    endloop
  endfacet
  facet normal 0.9624552364536363 0.2714404498651135 1.902560671100015e-18
    outer loop
      vertex 98.43353806389318 28.841186271093946 0
      vertex 98.3536127985087 29.124579885540356 0
      vertex 98.3536127985087 29.124579885540356 2.2
    endloop
  endfacet
  facet normal 0.9807852804032314 0.19509032201612317 -2.5356018764701465e-18
    outer loop
      vertex 98.3536127985087 29.124579885540356 0
      vertex 98.29616872276823 29.413370756099134 0
      vertex 98.29616872276823 29.413370756099134 2.2
    endloop
  endfacet
  facet normal 0.9930684569549287 0.1175373974578169 -7.843567155552264e-19
    outer loop
      vertex 98.29616872276823 29.413370756099134 0
      vertex 98.26155999850077 29.70577839102058 0
      vertex 98.26155999850077 29.70577839102058 2.2
    endloop
  endfacet
  facet normal 0.7853169308807422 0.6190939493098376 0
    outer loop
      vertex 99.14847762899988 27.56456981876181 0
      vertex 98.96618627109395 27.795805303903226 2.2
      vertex 99.14847762899988 27.56456981876181 2.2
    endloop
  endfacet
  facet normal 0.831469612302557 0.5555702330195845 0
    outer loop
      vertex 98.96618627109395 27.795805303903226 0
      vertex 98.80259938367216 28.040630382315193 2.2
      vertex 98.96618627109395 27.795805303903226 2.2
    endloop
  endfacet
  facet normal 0.8724960070727922 0.48862124149696395 0
    outer loop
      vertex 98.80259938367216 28.040630382315193 0
      vertex 98.65872553429362 28.2975356259767 2.2
      vertex 98.80259938367216 28.040630382315193 2.2
    endloop
  endfacet
  facet normal 0.9081431738250691 0.4186597375374543 0
    outer loop
      vertex 98.65872553429362 28.2975356259767 0
      vertex 98.53545175308267 28.564937128630913 2.2
      vertex 98.65872553429362 28.2975356259767 2.2
    endloop
  endfacet
  facet normal 0.9624552364536363 0.2714404498651135 0
    outer loop
      vertex 98.43353806389318 28.841186271093946 0
      vertex 98.3536127985087 29.124579885540356 2.2
      vertex 98.43353806389318 28.841186271093946 2.2
    endloop
  endfacet
  facet normal 0.9381913359224985 0.34611705707745416 0
    outer loop
      vertex 98.53545175308267 28.564937128630913 0
      vertex 98.43353806389318 28.841186271093946 2.2
      vertex 98.53545175308267 28.564937128630913 2.2
    endloop
  endfacet
  facet normal 0.9807852804032314 0.19509032201612317 0
    outer loop
      vertex 98.3536127985087 29.124579885540356 0
      vertex 98.29616872276823 29.413370756099134 2.2
      vertex 98.3536127985087 29.124579885540356 2.2
    endloop
  endfacet
  facet normal 0.9930684569549287 0.1175373974578169 0
    outer loop
      vertex 98.29616872276823 29.413370756099134 0
      vertex 98.26155999850077 29.70577839102058 2.2
      vertex 98.29616872276823 29.413370756099134 2.2
    endloop
  endfacet
  facet normal 0.9992290362407227 0.03925981575907468 2.0833417066043044e-19
    outer loop
      vertex 98.26155999850077 29.70577839102058 0
      vertex 98.25 30 0
      vertex 98.25 30 2.2
    endloop
  endfacet
  facet normal 0.9992290362407227 -0.03925981575907468 -2.0833417066043044e-19
    outer loop
      vertex 98.25 30 0
      vertex 98.26155999850077 30.29422160897942 0
      vertex 98.26155999850077 30.29422160897942 2.2
    endloop
  endfacet
  facet normal 0.9930684569549287 -0.1175373974578169 7.843567155552264e-19
    outer loop
      vertex 98.26155999850077 30.29422160897942 0
      vertex 98.29616872276823 30.586629243900866 0
      vertex 98.29616872276823 30.586629243900866 2.2
    endloop
  endfacet
  facet normal 0.9807852804032314 -0.19509032201612317 2.5356018764701465e-18
    outer loop
      vertex 98.29616872276823 30.586629243900866 0
      vertex 98.3536127985087 30.875420114459644 0
      vertex 98.3536127985087 30.875420114459644 2.2
    endloop
  endfacet
  facet normal 0.9624552364536363 -0.2714404498651135 -1.902560671100015e-18
    outer loop
      vertex 98.3536127985087 30.875420114459644 0
      vertex 98.43353806389318 31.158813728906054 0
      vertex 98.43353806389318 31.158813728906054 2.2
    endloop
  endfacet
  facet normal 0.9381913359224985 -0.34611705707745416 2.512752801609876e-18
    outer loop
      vertex 98.43353806389318 31.158813728906054 0
      vertex 98.53545175308267 31.435062871369087 0
      vertex 98.53545175308267 31.435062871369087 2.2
    endloop
  endfacet
  facet normal 0.9081431738250691 -0.4186597375374543 -1.6478048715515679e-18
    outer loop
      vertex 98.53545175308267 31.435062871369087 0
      vertex 98.65872553429362 31.7024643740233 0
      vertex 98.65872553429362 31.7024643740233 2.2
    endloop
  endfacet
  facet normal 0.8724960070727922 -0.48862124149696395 -1.631616570461399e-18
    outer loop
      vertex 98.65872553429362 31.7024643740233 0
      vertex 98.80259938367216 31.959369617684807 0
      vertex 98.80259938367216 31.959369617684807 2.2
    endloop
  endfacet
  facet normal 0.8314696123025608 -0.555570233019579 2.5552143163063534e-18
    outer loop
      vertex 98.80259938367216 31.959369617684807 0
      vertex 98.96618627109395 32.20419469609678 0
      vertex 98.96618627109395 32.20419469609678 2.2
    endloop
  endfacet
  facet normal 0.7853169308807376 -0.6190939493098435 4.974942680993607e-18
    outer loop
      vertex 98.96618627109395 32.20419469609678 0
      vertex 99.14847762899988 32.43543018123819 0
      vertex 99.14847762899988 32.43543018123819 2.2
    endloop
  endfacet
  facet normal 0.9992290362407227 0.03925981575907468 0
    outer loop
      vertex 98.26155999850077 29.70577839102058 0
      vertex 98.25 30 2.2
      vertex 98.26155999850077 29.70577839102058 2.2
    endloop
  endfacet
  facet normal 0.9992290362407227 -0.03925981575907468 0
    outer loop
      vertex 98.25 30 0
      vertex 98.26155999850077 30.29422160897942 2.2
      vertex 98.25 30 2.2
    endloop
  endfacet
  facet normal 0.9930684569549287 -0.1175373974578169 0
    outer loop
      vertex 98.26155999850077 30.29422160897942 0
      vertex 98.29616872276823 30.586629243900866 2.2
      vertex 98.26155999850077 30.29422160897942 2.2
    endloop
  endfacet
  facet normal 0.9807852804032314 -0.19509032201612317 0
    outer loop
      vertex 98.29616872276823 30.586629243900866 0
      vertex 98.3536127985087 30.875420114459644 2.2
      vertex 98.29616872276823 30.586629243900866 2.2
    endloop
  endfacet
  facet normal 0.9624552364536363 -0.2714404498651135 0
    outer loop
      vertex 98.3536127985087 30.875420114459644 0
      vertex 98.43353806389318 31.158813728906054 2.2
      vertex 98.3536127985087 30.875420114459644 2.2
    endloop
  endfacet
  facet normal 0.9381913359224985 -0.34611705707745416 0
    outer loop
      vertex 98.43353806389318 31.158813728906054 0
      vertex 98.53545175308267 31.435062871369087 2.2
      vertex 98.43353806389318 31.158813728906054 2.2
    endloop
  endfacet
  facet normal 0.9081431738250691 -0.4186597375374543 0
    outer loop
      vertex 98.53545175308267 31.435062871369087 0
      vertex 98.65872553429362 31.7024643740233 2.2
      vertex 98.53545175308267 31.435062871369087 2.2
    endloop
  endfacet
  facet normal 0.8724960070727922 -0.48862124149696395 0
    outer loop
      vertex 98.65872553429362 31.7024643740233 0
      vertex 98.80259938367216 31.959369617684807 2.2
      vertex 98.65872553429362 31.7024643740233 2.2
    endloop
  endfacet
  facet normal 0.8314696123025608 -0.555570233019579 0
    outer loop
      vertex 98.80259938367216 31.959369617684807 0
      vertex 98.96618627109395 32.20419469609678 2.2
      vertex 98.80259938367216 31.959369617684807 2.2
    endloop
  endfacet
  facet normal 0.7853169308807376 -0.6190939493098435 0
    outer loop
      vertex 98.96618627109395 32.20419469609678 0
      vertex 99.14847762899988 32.43543018123819 2.2
      vertex 98.96618627109395 32.20419469609678 2.2
    endloop
  endfacet
  facet normal 0.7343225094356746 -0.6788007455329536 0
    outer loop
      vertex 99.14847762899988 32.43543018123819 0
      vertex 99.34834957055045 32.65165042944955 2.2
      vertex 99.14847762899988 32.43543018123819 2.2
    endloop
  endfacet
  facet normal 0.41865973753741065 0.9081431738250894 0
    outer loop
      vertex 100.29753562597669 26.65872553429362 0
      vertex 100.29753562597669 26.65872553429362 2.2
      vertex 100.56493712863092 26.535451753082675 0
    endloop
  endfacet
  facet normal 0.34611705707750057 0.9381913359224814 0
    outer loop
      vertex 100.56493712863092 26.535451753082675 0
      vertex 100.56493712863092 26.535451753082675 2.2
      vertex 100.84118627109395 26.433538063893174 0
    endloop
  endfacet
  facet normal 0.27144044986506877 0.9624552364536488 0
    outer loop
      vertex 100.84118627109395 26.433538063893174 0
      vertex 100.84118627109395 26.433538063893174 2.2
      vertex 101.12457988554036 26.353612798508713 0
    endloop
  endfacet
  facet normal 0.1175373974578288 0.9930684569549274 0
    outer loop
      vertex 101.41337075609914 26.296168722768233 0
      vertex 101.41337075609914 26.296168722768233 2.2
      vertex 101.70577839102059 26.261559998500772 0
    endloop
  endfacet
  facet normal 0.1950903220161302 0.9807852804032301 0
    outer loop
      vertex 101.12457988554036 26.353612798508713 0
      vertex 101.12457988554036 26.353612798508713 2.2
      vertex 101.41337075609914 26.296168722768233 0
    endloop
  endfacet
  facet normal 0.03925981575907563 0.9992290362407226 0
    outer loop
      vertex 101.70577839102059 26.261559998500772 0
      vertex 101.70577839102059 26.261559998500772 2.2
      vertex 102 26.25 0
    endloop
  endfacet
  facet normal -0.03925981575907563 0.9992290362407226 0
    outer loop
      vertex 102 26.25 0
      vertex 102 26.25 2.2
      vertex 102.29422160897941 26.261559998500772 0
    endloop
  endfacet
  facet normal -0.1175373974578288 0.9930684569549274 0
    outer loop
      vertex 102.29422160897941 26.261559998500772 0
      vertex 102.29422160897941 26.261559998500772 2.2
      vertex 102.58662924390086 26.296168722768233 0
    endloop
  endfacet
  facet normal -0.1950903220161302 0.9807852804032301 0
    outer loop
      vertex 102.58662924390086 26.296168722768233 0
      vertex 102.58662924390086 26.296168722768233 2.2
      vertex 102.87542011445964 26.353612798508713 0
    endloop
  endfacet
  facet normal -0.27144044986506877 0.9624552364536488 0
    outer loop
      vertex 102.87542011445964 26.353612798508713 0
      vertex 102.87542011445964 26.353612798508713 2.2
      vertex 103.15881372890605 26.433538063893174 0
    endloop
  endfacet
  facet normal -0.34611705707750057 0.9381913359224814 0
    outer loop
      vertex 103.15881372890605 26.433538063893174 0
      vertex 103.15881372890605 26.433538063893174 2.2
      vertex 103.43506287136908 26.535451753082675 0
    endloop
  endfacet
  facet normal -0.41865973753741065 0.9081431738250894 0
    outer loop
      vertex 103.43506287136908 26.535451753082675 0
      vertex 103.43506287136908 26.535451753082675 2.2
      vertex 103.70246437402331 26.65872553429362 0
    endloop
  endfacet
  facet normal 0.41865973753741065 0.9081431738250894 0
    outer loop
      vertex 100.56493712863092 26.535451753082675 0
      vertex 100.29753562597669 26.65872553429362 2.2
      vertex 100.56493712863092 26.535451753082675 2.2
    endloop
  endfacet
  facet normal 0.34611705707750057 0.9381913359224814 0
    outer loop
      vertex 100.84118627109395 26.433538063893174 0
      vertex 100.56493712863092 26.535451753082675 2.2
      vertex 100.84118627109395 26.433538063893174 2.2
    endloop
  endfacet
  facet normal 0.27144044986506877 0.9624552364536488 0
    outer loop
      vertex 101.12457988554036 26.353612798508713 0
      vertex 100.84118627109395 26.433538063893174 2.2
      vertex 101.12457988554036 26.353612798508713 2.2
    endloop
  endfacet
  facet normal 0.1950903220161302 0.9807852804032301 0
    outer loop
      vertex 101.41337075609914 26.296168722768233 0
      vertex 101.12457988554036 26.353612798508713 2.2
      vertex 101.41337075609914 26.296168722768233 2.2
    endloop
  endfacet
  facet normal 0.1175373974578288 0.9930684569549274 0
    outer loop
      vertex 101.70577839102059 26.261559998500772 0
      vertex 101.41337075609914 26.296168722768233 2.2
      vertex 101.70577839102059 26.261559998500772 2.2
    endloop
  endfacet
  facet normal 0.03925981575907563 0.9992290362407226 0
    outer loop
      vertex 102 26.25 0
      vertex 101.70577839102059 26.261559998500772 2.2
      vertex 102 26.25 2.2
    endloop
  endfacet
  facet normal -0.03925981575907563 0.9992290362407226 0
    outer loop
      vertex 102.29422160897941 26.261559998500772 0
      vertex 102 26.25 2.2
      vertex 102.29422160897941 26.261559998500772 2.2
    endloop
  endfacet
  facet normal -0.1175373974578288 0.9930684569549274 0
    outer loop
      vertex 102.58662924390086 26.296168722768233 0
      vertex 102.29422160897941 26.261559998500772 2.2
      vertex 102.58662924390086 26.296168722768233 2.2
    endloop
  endfacet
  facet normal -0.1950903220161302 0.9807852804032301 0
    outer loop
      vertex 102.87542011445964 26.353612798508713 0
      vertex 102.58662924390086 26.296168722768233 2.2
      vertex 102.87542011445964 26.353612798508713 2.2
    endloop
  endfacet
  facet normal -0.27144044986506877 0.9624552364536488 0
    outer loop
      vertex 103.15881372890605 26.433538063893174 0
      vertex 102.87542011445964 26.353612798508713 2.2
      vertex 103.15881372890605 26.433538063893174 2.2
    endloop
  endfacet
  facet normal -0.34611705707750057 0.9381913359224814 0
    outer loop
      vertex 103.43506287136908 26.535451753082675 0
      vertex 103.15881372890605 26.433538063893174 2.2
      vertex 103.43506287136908 26.535451753082675 2.2
    endloop
  endfacet
  facet normal -0.41865973753741065 0.9081431738250894 0
    outer loop
      vertex 103.70246437402331 26.65872553429362 0
      vertex 103.43506287136908 26.535451753082675 2.2
      vertex 103.70246437402331 26.65872553429362 2.2
    endloop
  endfacet
  facet normal 0.6788007455329526 0.7343225094356755 0
    outer loop
      vertex 99.34834957055045 27.348349570550447 0
      vertex 99.34834957055045 27.348349570550447 2.2
      vertex 99.56456981876181 27.148477628999885 0
    endloop
  endfacet
  facet normal 0.6190939493098435 0.7853169308807376 0
    outer loop
      vertex 99.56456981876181 27.148477628999885 0
      vertex 99.56456981876181 27.148477628999885 2.2
      vertex 99.79580530390322 26.966186271093946 0
    endloop
  endfacet
  facet normal 0.5555702330196068 0.8314696123025421 0
    outer loop
      vertex 99.79580530390322 26.966186271093946 0
      vertex 99.79580530390322 26.966186271093946 2.2
      vertex 100.04063038231519 26.802599383672153 0
    endloop
  endfacet
  facet normal 0.48862124149695474 0.8724960070727973 0
    outer loop
      vertex 100.04063038231519 26.802599383672153 0
      vertex 100.04063038231519 26.802599383672153 2.2
      vertex 100.29753562597669 26.65872553429362 0
    endloop
  endfacet
  facet normal -0.48862124149695474 0.8724960070727973 0
    outer loop
      vertex 103.70246437402331 26.65872553429362 0
      vertex 103.70246437402331 26.65872553429362 2.2
      vertex 103.95936961768481 26.802599383672153 0
    endloop
  endfacet
  facet normal 0.6190939493098435 0.7853169308807376 0
    outer loop
      vertex 99.79580530390322 26.966186271093946 0
      vertex 99.56456981876181 27.148477628999885 2.2
      vertex 99.79580530390322 26.966186271093946 2.2
    endloop
  endfacet
  facet normal 0.6788007455329526 0.7343225094356755 -5.1769965830611935e-18
    outer loop
      vertex 99.34834957055045 27.348349570550447 2.2
      vertex 99.56456981876181 27.148477628999885 2.2
      vertex 99.56456981876181 27.148477628999885 0
    endloop
  endfacet
  facet normal 0.7343225094356746 0.6788007455329536 0
    outer loop
      vertex 99.34834957055045 27.348349570550447 0
      vertex 99.14847762899988 27.56456981876181 2.2
      vertex 99.34834957055045 27.348349570550447 2.2
    endloop
  endfacet
  facet normal 0.5555702330196068 0.8314696123025421 0
    outer loop
      vertex 100.04063038231519 26.802599383672153 0
      vertex 99.79580530390322 26.966186271093946 2.2
      vertex 100.04063038231519 26.802599383672153 2.2
    endloop
  endfacet
  facet normal 0.48862124149695474 0.8724960070727973 0
    outer loop
      vertex 100.29753562597669 26.65872553429362 0
      vertex 100.04063038231519 26.802599383672153 2.2
      vertex 100.29753562597669 26.65872553429362 2.2
    endloop
  endfacet
  facet normal -0.5555702330196068 0.8314696123025421 0
    outer loop
      vertex 103.95936961768481 26.802599383672153 0
      vertex 103.95936961768481 26.802599383672153 2.2
      vertex 104.20419469609678 26.966186271093946 0
    endloop
  endfacet
  facet normal -0.6190939493098435 0.7853169308807376 0
    outer loop
      vertex 104.20419469609678 26.966186271093946 0
      vertex 104.20419469609678 26.966186271093946 2.2
      vertex 104.43543018123819 27.148477628999885 0
    endloop
  endfacet
  facet normal -0.6788007455329526 0.7343225094356755 0
    outer loop
      vertex 104.43543018123819 27.148477628999885 0
      vertex 104.43543018123819 27.148477628999885 2.2
      vertex 104.65165042944955 27.348349570550447 0
    endloop
  endfacet
  facet normal -0.7343225094356746 0.6788007455329536 0
    outer loop
      vertex 104.65165042944955 27.348349570550447 0
      vertex 104.65165042944955 27.348349570550447 2.2
      vertex 104.85152237100012 27.56456981876181 0
    endloop
  endfacet
  facet normal -0.7853169308807422 0.6190939493098376 -2.167878174116968e-18
    outer loop
      vertex 105.03381372890605 27.795805303903226 0
      vertex 104.85152237100012 27.56456981876181 0
      vertex 104.85152237100012 27.56456981876181 2.2
    endloop
  endfacet
  facet normal -0.831469612302557 0.5555702330195845 5.1636572407598074e-18
    outer loop
      vertex 105.19740061632784 28.040630382315193 0
      vertex 105.03381372890605 27.795805303903226 0
      vertex 105.03381372890605 27.795805303903226 2.2
    endloop
  endfacet
  facet normal -0.8724960070727922 0.48862124149696395 -1.631616570461399e-18
    outer loop
      vertex 105.34127446570638 28.2975356259767 0
      vertex 105.19740061632784 28.040630382315193 0
      vertex 105.19740061632784 28.040630382315193 2.2
    endloop
  endfacet
  facet normal -0.9081431738250691 0.4186597375374543 -1.6478048715515679e-18
    outer loop
      vertex 105.46454824691733 28.564937128630913 0
      vertex 105.34127446570638 28.2975356259767 0
      vertex 105.34127446570638 28.2975356259767 2.2
    endloop
  endfacet
  facet normal -0.9381913359224985 0.34611705707745416 2.512752801609876e-18
    outer loop
      vertex 105.56646193610682 28.841186271093946 0
      vertex 105.46454824691733 28.564937128630913 0
      vertex 105.46454824691733 28.564937128630913 2.2
    endloop
  endfacet
  facet normal -0.9624552364536363 0.2714404498651135 -1.902560671100015e-18
    outer loop
      vertex 105.6463872014913 29.124579885540356 0
      vertex 105.56646193610682 28.841186271093946 0
      vertex 105.56646193610682 28.841186271093946 2.2
    endloop
  endfacet
  facet normal -0.9807852804032314 0.19509032201612317 2.5356018764701465e-18
    outer loop
      vertex 105.70383127723177 29.413370756099134 0
      vertex 105.6463872014913 29.124579885540356 0
      vertex 105.6463872014913 29.124579885540356 2.2
    endloop
  endfacet
  facet normal -0.9930684569549287 0.1175373974578169 7.843567155552264e-19
    outer loop
      vertex 105.73844000149923 29.70577839102058 0
      vertex 105.70383127723177 29.413370756099134 0
      vertex 105.70383127723177 29.413370756099134 2.2
    endloop
  endfacet
  facet normal -0.48862124149695474 0.8724960070727973 0
    outer loop
      vertex 103.95936961768481 26.802599383672153 0
      vertex 103.70246437402331 26.65872553429362 2.2
      vertex 103.95936961768481 26.802599383672153 2.2
    endloop
  endfacet
  facet normal -0.5555702330196068 0.8314696123025421 0
    outer loop
      vertex 104.20419469609678 26.966186271093946 0
      vertex 103.95936961768481 26.802599383672153 2.2
      vertex 104.20419469609678 26.966186271093946 2.2
    endloop
  endfacet
  facet normal -0.6190939493098435 0.7853169308807376 0
    outer loop
      vertex 104.43543018123819 27.148477628999885 0
      vertex 104.20419469609678 26.966186271093946 2.2
      vertex 104.43543018123819 27.148477628999885 2.2
    endloop
  endfacet
  facet normal -0.6788007455329526 0.7343225094356755 0
    outer loop
      vertex 104.65165042944955 27.348349570550447 0
      vertex 104.43543018123819 27.148477628999885 2.2
      vertex 104.65165042944955 27.348349570550447 2.2
    endloop
  endfacet
  facet normal -0.7343225094356746 0.6788007455329536 0
    outer loop
      vertex 104.85152237100012 27.56456981876181 0
      vertex 104.65165042944955 27.348349570550447 2.2
      vertex 104.85152237100012 27.56456981876181 2.2
    endloop
  endfacet
  facet normal -0.7853169308807422 0.6190939493098376 0
    outer loop
      vertex 105.03381372890605 27.795805303903226 0
      vertex 104.85152237100012 27.56456981876181 2.2
      vertex 105.03381372890605 27.795805303903226 2.2
    endloop
  endfacet
  facet normal -0.831469612302557 0.5555702330195845 0
    outer loop
      vertex 105.19740061632784 28.040630382315193 0
      vertex 105.03381372890605 27.795805303903226 2.2
      vertex 105.19740061632784 28.040630382315193 2.2
    endloop
  endfacet
  facet normal -0.8724960070727922 0.48862124149696395 0
    outer loop
      vertex 105.34127446570638 28.2975356259767 0
      vertex 105.19740061632784 28.040630382315193 2.2
      vertex 105.34127446570638 28.2975356259767 2.2
    endloop
  endfacet
  facet normal -0.9081431738250691 0.4186597375374543 0
    outer loop
      vertex 105.46454824691733 28.564937128630913 0
      vertex 105.34127446570638 28.2975356259767 2.2
      vertex 105.46454824691733 28.564937128630913 2.2
    endloop
  endfacet
  facet normal -0.9381913359224985 0.34611705707745416 0
    outer loop
      vertex 105.56646193610682 28.841186271093946 0
      vertex 105.46454824691733 28.564937128630913 2.2
      vertex 105.56646193610682 28.841186271093946 2.2
    endloop
  endfacet
  facet normal -0.9624552364536363 0.2714404498651135 0
    outer loop
      vertex 105.6463872014913 29.124579885540356 0
      vertex 105.56646193610682 28.841186271093946 2.2
      vertex 105.6463872014913 29.124579885540356 2.2
    endloop
  endfacet
  facet normal -0.9807852804032314 0.19509032201612317 0
    outer loop
      vertex 105.70383127723177 29.413370756099134 0
      vertex 105.6463872014913 29.124579885540356 2.2
      vertex 105.70383127723177 29.413370756099134 2.2
    endloop
  endfacet
  facet normal -0.9930684569549287 0.1175373974578169 0
    outer loop
      vertex 105.73844000149923 29.70577839102058 0
      vertex 105.70383127723177 29.413370756099134 2.2
      vertex 105.73844000149923 29.70577839102058 2.2
    endloop
  endfacet
  facet normal 0.7343225094356746 -0.6788007455329536 -4.6948732515003456e-18
    outer loop
      vertex 99.14847762899988 32.43543018123819 0
      vertex 99.34834957055045 32.65165042944955 0
      vertex 99.34834957055045 32.65165042944955 2.2
    endloop
  endfacet
  facet normal 0.6788007455329526 -0.7343225094356755 0
    outer loop
      vertex 99.34834957055045 32.65165042944955 0
      vertex 99.56456981876181 32.851522371000115 2.2
      vertex 99.34834957055045 32.65165042944955 2.2
    endloop
  endfacet
  facet normal 0.6788007455329526 -0.7343225094356755 0
    outer loop
      vertex 99.56456981876181 32.851522371000115 0
      vertex 99.56456981876181 32.851522371000115 2.2
      vertex 99.34834957055045 32.65165042944955 0
    endloop
  endfacet
  facet normal 0.6190939493098435 -0.7853169308807376 0
    outer loop
      vertex 99.79580530390322 33.033813728906054 0
      vertex 99.79580530390322 33.033813728906054 2.2
      vertex 99.56456981876181 32.851522371000115 0
    endloop
  endfacet
  facet normal 0.5555702330196068 -0.8314696123025421 0
    outer loop
      vertex 100.04063038231519 33.19740061632785 0
      vertex 100.04063038231519 33.19740061632785 2.2
      vertex 99.79580530390322 33.033813728906054 0
    endloop
  endfacet
  facet normal 0.4886212414969456 -0.8724960070728023 0
    outer loop
      vertex 100.29753562597669 33.34127446570638 0
      vertex 100.29753562597669 33.34127446570638 2.2
      vertex 100.04063038231519 33.19740061632785 0
    endloop
  endfacet
  facet normal 0.4186597375374206 -0.9081431738250847 0
    outer loop
      vertex 100.56493712863092 33.464548246917325 0
      vertex 100.56493712863092 33.464548246917325 2.2
      vertex 100.29753562597669 33.34127446570638 0
    endloop
  endfacet
  facet normal 0.34611705707750057 -0.9381913359224814 0
    outer loop
      vertex 100.84118627109395 33.566461936106826 0
      vertex 100.84118627109395 33.566461936106826 2.2
      vertex 100.56493712863092 33.464548246917325 0
    endloop
  endfacet
  facet normal 0.27144044986506877 -0.9624552364536488 0
    outer loop
      vertex 101.12457988554036 33.64638720149129 0
      vertex 101.12457988554036 33.64638720149129 2.2
      vertex 100.84118627109395 33.566461936106826 0
    endloop
  endfacet
  facet normal 0.19509032201611856 -0.9807852804032324 0
    outer loop
      vertex 101.41337075609914 33.703831277231764 0
      vertex 101.41337075609914 33.703831277231764 2.2
      vertex 101.12457988554036 33.64638720149129 0
    endloop
  endfacet
  facet normal 0.11753739745784068 -0.9930684569549258 0
    outer loop
      vertex 101.70577839102059 33.73844000149923 0
      vertex 101.70577839102059 33.73844000149923 2.2
      vertex 101.41337075609914 33.703831277231764 0
    endloop
  endfacet
  facet normal 0.03925981575907563 -0.9992290362407226 1.940133969363632e-19
    outer loop
      vertex 101.70577839102059 33.73844000149923 0
      vertex 102 33.75 0
      vertex 102 33.75 2.2
    endloop
  endfacet
  facet normal -0.03925981575907563 -0.9992290362407226 0
    outer loop
      vertex 102.29422160897941 33.73844000149923 0
      vertex 102.29422160897941 33.73844000149923 2.2
      vertex 102 33.75 0
    endloop
  endfacet
  facet normal -0.11753739745784068 -0.9930684569549258 0
    outer loop
      vertex 102.58662924390086 33.703831277231764 0
      vertex 102.58662924390086 33.703831277231764 2.2
      vertex 102.29422160897941 33.73844000149923 0
    endloop
  endfacet
  facet normal -0.34611705707750057 -0.9381913359224814 0
    outer loop
      vertex 103.43506287136908 33.464548246917325 0
      vertex 103.43506287136908 33.464548246917325 2.2
      vertex 103.15881372890605 33.566461936106826 0
    endloop
  endfacet
  facet normal -0.4186597375374206 -0.9081431738250847 0
    outer loop
      vertex 103.70246437402331 33.34127446570638 0
      vertex 103.70246437402331 33.34127446570638 2.2
      vertex 103.43506287136908 33.464548246917325 0
    endloop
  endfacet
  facet normal -0.19509032201611856 -0.9807852804032324 0
    outer loop
      vertex 102.87542011445964 33.64638720149129 0
      vertex 102.87542011445964 33.64638720149129 2.2
      vertex 102.58662924390086 33.703831277231764 0
    endloop
  endfacet
  facet normal -0.27144044986506877 -0.9624552364536488 0
    outer loop
      vertex 103.15881372890605 33.566461936106826 0
      vertex 103.15881372890605 33.566461936106826 2.2
      vertex 102.87542011445964 33.64638720149129 0
    endloop
  endfacet
  facet normal 0.6190939493098435 -0.7853169308807376 0
    outer loop
      vertex 99.56456981876181 32.851522371000115 0
      vertex 99.79580530390322 33.033813728906054 2.2
      vertex 99.56456981876181 32.851522371000115 2.2
    endloop
  endfacet
  facet normal 0.5555702330196068 -0.8314696123025421 0
    outer loop
      vertex 99.79580530390322 33.033813728906054 0
      vertex 100.04063038231519 33.19740061632785 2.2
      vertex 99.79580530390322 33.033813728906054 2.2
    endloop
  endfacet
  facet normal 0.4886212414969456 -0.8724960070728023 0
    outer loop
      vertex 100.04063038231519 33.19740061632785 0
      vertex 100.29753562597669 33.34127446570638 2.2
      vertex 100.04063038231519 33.19740061632785 2.2
    endloop
  endfacet
  facet normal 0.4186597375374206 -0.9081431738250847 0
    outer loop
      vertex 100.29753562597669 33.34127446570638 0
      vertex 100.56493712863092 33.464548246917325 2.2
      vertex 100.29753562597669 33.34127446570638 2.2
    endloop
  endfacet
  facet normal 0.34611705707750057 -0.9381913359224814 0
    outer loop
      vertex 100.56493712863092 33.464548246917325 0
      vertex 100.84118627109395 33.566461936106826 2.2
      vertex 100.56493712863092 33.464548246917325 2.2
    endloop
  endfacet
  facet normal 0.27144044986506877 -0.9624552364536488 0
    outer loop
      vertex 100.84118627109395 33.566461936106826 0
      vertex 101.12457988554036 33.64638720149129 2.2
      vertex 100.84118627109395 33.566461936106826 2.2
    endloop
  endfacet
  facet normal 0.19509032201611856 -0.9807852804032324 0
    outer loop
      vertex 101.12457988554036 33.64638720149129 0
      vertex 101.41337075609914 33.703831277231764 2.2
      vertex 101.12457988554036 33.64638720149129 2.2
    endloop
  endfacet
  facet normal 0.11753739745784068 -0.9930684569549258 0
    outer loop
      vertex 101.41337075609914 33.703831277231764 0
      vertex 101.70577839102059 33.73844000149923 2.2
      vertex 101.41337075609914 33.703831277231764 2.2
    endloop
  endfacet
  facet normal 0.03925981575907563 -0.9992290362407226 1.940133969363632e-19
    outer loop
      vertex 102 33.75 2.2
      vertex 101.70577839102059 33.73844000149923 2.2
      vertex 101.70577839102059 33.73844000149923 0
    endloop
  endfacet
  facet normal -0.03925981575907563 -0.9992290362407226 0
    outer loop
      vertex 102 33.75 0
      vertex 102.29422160897941 33.73844000149923 2.2
      vertex 102 33.75 2.2
    endloop
  endfacet
  facet normal -0.11753739745784068 -0.9930684569549258 0
    outer loop
      vertex 102.29422160897941 33.73844000149923 0
      vertex 102.58662924390086 33.703831277231764 2.2
      vertex 102.29422160897941 33.73844000149923 2.2
    endloop
  endfacet
  facet normal -0.34611705707750057 -0.9381913359224814 0
    outer loop
      vertex 103.15881372890605 33.566461936106826 0
      vertex 103.43506287136908 33.464548246917325 2.2
      vertex 103.15881372890605 33.566461936106826 2.2
    endloop
  endfacet
  facet normal -0.4886212414969456 -0.8724960070728023 0
    outer loop
      vertex 103.70246437402331 33.34127446570638 0
      vertex 103.95936961768481 33.19740061632785 2.2
      vertex 103.70246437402331 33.34127446570638 2.2
    endloop
  endfacet
  facet normal -0.4186597375374206 -0.9081431738250847 0
    outer loop
      vertex 103.43506287136908 33.464548246917325 0
      vertex 103.70246437402331 33.34127446570638 2.2
      vertex 103.43506287136908 33.464548246917325 2.2
    endloop
  endfacet
  facet normal -0.19509032201611856 -0.9807852804032324 0
    outer loop
      vertex 102.58662924390086 33.703831277231764 0
      vertex 102.87542011445964 33.64638720149129 2.2
      vertex 102.58662924390086 33.703831277231764 2.2
    endloop
  endfacet
  facet normal -0.27144044986506877 -0.9624552364536488 0
    outer loop
      vertex 102.87542011445964 33.64638720149129 0
      vertex 103.15881372890605 33.566461936106826 2.2
      vertex 102.87542011445964 33.64638720149129 2.2
    endloop
  endfacet
  facet normal -0.9992290362407227 0.03925981575907468 0
    outer loop
      vertex 105.73844000149923 29.70577839102058 0
      vertex 105.73844000149923 29.70577839102058 2.2
      vertex 105.75 30 0
    endloop
  endfacet
  facet normal -0.9992290362407227 -0.03925981575907468 0
    outer loop
      vertex 105.75 30 0
      vertex 105.75 30 2.2
      vertex 105.73844000149923 30.29422160897942 0
    endloop
  endfacet
  facet normal -0.9930684569549287 -0.1175373974578169 -7.843567155552264e-19
    outer loop
      vertex 105.70383127723177 30.586629243900866 0
      vertex 105.73844000149923 30.29422160897942 0
      vertex 105.73844000149923 30.29422160897942 2.2
    endloop
  endfacet
  facet normal -0.9807852804032314 -0.19509032201612317 -2.5356018764701465e-18
    outer loop
      vertex 105.6463872014913 30.875420114459644 0
      vertex 105.70383127723177 30.586629243900866 0
      vertex 105.70383127723177 30.586629243900866 2.2
    endloop
  endfacet
  facet normal -0.9624552364536363 -0.2714404498651135 1.902560671100015e-18
    outer loop
      vertex 105.56646193610682 31.158813728906054 0
      vertex 105.6463872014913 30.875420114459644 0
      vertex 105.6463872014913 30.875420114459644 2.2
    endloop
  endfacet
  facet normal -0.9381913359224985 -0.34611705707745416 -2.512752801609876e-18
    outer loop
      vertex 105.46454824691733 31.435062871369087 0
      vertex 105.56646193610682 31.158813728906054 0
      vertex 105.56646193610682 31.158813728906054 2.2
    endloop
  endfacet
  facet normal -0.6788007455329526 -0.7343225094356755 -5.1769965830611935e-18
    outer loop
      vertex 104.43543018123819 32.851522371000115 0
      vertex 104.65165042944955 32.65165042944955 0
      vertex 104.65165042944955 32.65165042944955 2.2
    endloop
  endfacet
  facet normal -0.7343225094356746 -0.6788007455329536 4.6948732515003456e-18
    outer loop
      vertex 104.65165042944955 32.65165042944955 0
      vertex 104.85152237100012 32.43543018123819 0
      vertex 104.85152237100012 32.43543018123819 2.2
    endloop
  endfacet
  facet normal -0.9081431738250691 -0.4186597375374543 1.6478048715515679e-18
    outer loop
      vertex 105.34127446570638 31.7024643740233 0
      vertex 105.46454824691733 31.435062871369087 0
      vertex 105.46454824691733 31.435062871369087 2.2
    endloop
  endfacet
  facet normal -0.8724960070727922 -0.48862124149696395 1.631616570461399e-18
    outer loop
      vertex 105.19740061632784 31.959369617684807 0
      vertex 105.34127446570638 31.7024643740233 0
      vertex 105.34127446570638 31.7024643740233 2.2
    endloop
  endfacet
  facet normal -0.8314696123025608 -0.555570233019579 -2.5552143163063534e-18
    outer loop
      vertex 105.03381372890605 32.20419469609678 0
      vertex 105.19740061632784 31.959369617684807 0
      vertex 105.19740061632784 31.959369617684807 2.2
    endloop
  endfacet
  facet normal -0.7853169308807376 -0.6190939493098435 -4.974942680993607e-18
    outer loop
      vertex 104.85152237100012 32.43543018123819 0
      vertex 105.03381372890605 32.20419469609678 0
      vertex 105.03381372890605 32.20419469609678 2.2
    endloop
  endfacet
  facet normal -0.9992290362407227 0.03925981575907468 0
    outer loop
      vertex 105.75 30 0
      vertex 105.73844000149923 29.70577839102058 2.2
      vertex 105.75 30 2.2
    endloop
  endfacet
  facet normal -0.9992290362407227 -0.03925981575907468 0
    outer loop
      vertex 105.73844000149923 30.29422160897942 0
      vertex 105.75 30 2.2
      vertex 105.73844000149923 30.29422160897942 2.2
    endloop
  endfacet
  facet normal -0.9930684569549287 -0.1175373974578169 0
    outer loop
      vertex 105.70383127723177 30.586629243900866 0
      vertex 105.73844000149923 30.29422160897942 2.2
      vertex 105.70383127723177 30.586629243900866 2.2
    endloop
  endfacet
  facet normal -0.9807852804032314 -0.19509032201612317 0
    outer loop
      vertex 105.6463872014913 30.875420114459644 0
      vertex 105.70383127723177 30.586629243900866 2.2
      vertex 105.6463872014913 30.875420114459644 2.2
    endloop
  endfacet
  facet normal -0.9624552364536363 -0.2714404498651135 0
    outer loop
      vertex 105.56646193610682 31.158813728906054 0
      vertex 105.6463872014913 30.875420114459644 2.2
      vertex 105.56646193610682 31.158813728906054 2.2
    endloop
  endfacet
  facet normal -0.7853169308807376 -0.6190939493098435 0
    outer loop
      vertex 104.85152237100012 32.43543018123819 0
      vertex 105.03381372890605 32.20419469609678 2.2
      vertex 104.85152237100012 32.43543018123819 2.2
    endloop
  endfacet
  facet normal -0.7343225094356746 -0.6788007455329536 0
    outer loop
      vertex 104.65165042944955 32.65165042944955 0
      vertex 104.85152237100012 32.43543018123819 2.2
      vertex 104.65165042944955 32.65165042944955 2.2
    endloop
  endfacet
  facet normal -0.9381913359224985 -0.34611705707745416 0
    outer loop
      vertex 105.46454824691733 31.435062871369087 0
      vertex 105.56646193610682 31.158813728906054 2.2
      vertex 105.46454824691733 31.435062871369087 2.2
    endloop
  endfacet
  facet normal -0.9081431738250691 -0.4186597375374543 0
    outer loop
      vertex 105.34127446570638 31.7024643740233 0
      vertex 105.46454824691733 31.435062871369087 2.2
      vertex 105.34127446570638 31.7024643740233 2.2
    endloop
  endfacet
  facet normal -0.8724960070727922 -0.48862124149696395 0
    outer loop
      vertex 105.19740061632784 31.959369617684807 0
      vertex 105.34127446570638 31.7024643740233 2.2
      vertex 105.19740061632784 31.959369617684807 2.2
    endloop
  endfacet
  facet normal -0.8314696123025608 -0.555570233019579 0
    outer loop
      vertex 105.03381372890605 32.20419469609678 0
      vertex 105.19740061632784 31.959369617684807 2.2
      vertex 105.03381372890605 32.20419469609678 2.2
    endloop
  endfacet
  facet normal -0.6190939493098435 -0.7853169308807376 0
    outer loop
      vertex 104.43543018123819 32.851522371000115 0
      vertex 104.43543018123819 32.851522371000115 2.2
      vertex 104.20419469609678 33.033813728906054 0
    endloop
  endfacet
  facet normal -0.5555702330196068 -0.8314696123025421 0
    outer loop
      vertex 104.20419469609678 33.033813728906054 0
      vertex 104.20419469609678 33.033813728906054 2.2
      vertex 103.95936961768481 33.19740061632785 0
    endloop
  endfacet
  facet normal -0.4886212414969456 -0.8724960070728023 0
    outer loop
      vertex 103.95936961768481 33.19740061632785 0
      vertex 103.95936961768481 33.19740061632785 2.2
      vertex 103.70246437402331 33.34127446570638 0
    endloop
  endfacet
  facet normal -0.5555702330196068 -0.8314696123025421 0
    outer loop
      vertex 103.95936961768481 33.19740061632785 0
      vertex 104.20419469609678 33.033813728906054 2.2
      vertex 103.95936961768481 33.19740061632785 2.2
    endloop
  endfacet
  facet normal -0.6190939493098435 -0.7853169308807376 0
    outer loop
      vertex 104.20419469609678 33.033813728906054 0
      vertex 104.43543018123819 32.851522371000115 2.2
      vertex 104.20419469609678 33.033813728906054 2.2
    endloop
  endfacet
  facet normal -0.6788007455329526 -0.7343225094356755 -5.1769965830611935e-18
    outer loop
      vertex 104.65165042944955 32.65165042944955 2.2
      vertex 104.43543018123819 32.851522371000115 2.2
      vertex 104.43543018123819 32.851522371000115 0
    endloop
  endfacet
endsolid OpenSCAD_Model
